holdout: withholding 2024-08-27 → 2026-08-27 from the sweep
Fetching data for XLU, ETH, VDE, VFH, SCHA, IBIT, SMH, SCHX, QQQM, VOO (with 
160-day warmup buffer from 2015-07-28)...
preflight: 2 variant(s) x 1 portfolio(s) x 16 seed(s) x ~14 fold(s) x 4 restart(s) x 1000 trials ≈ 1,792,000 trials
sweep: best on etf, seed base 42 [cell 1/32]
Fold 1/13: test 2021-03-12 → 2021-06-10
restart 1/4 (as of 2021-03-12)
Optimizing 2 strategies over 2015-07-28 to 2021-03-11
  objective: sharpe | train window: 2015-07-28 → 2021-03-11
  1000 trials across 5 workers
  [  2%] 25/1000 trials — best sharpe: 1.17
  [  5%] 50/1000 trials — best sharpe: 1.28
  [  7%] 75/1000 trials — best sharpe: 1.28
  [ 10%] 100/1000 trials — best sharpe: 1.28
  [ 12%] 125/1000 trials — best sharpe: 1.28
  [ 15%] 150/1000 trials — best sharpe: 1.28
  [ 17%] 175/1000 trials — best sharpe: 1.28
  [ 20%] 200/1000 trials — best sharpe: 1.30
  [ 22%] 225/1000 trials — best sharpe: 1.30
  [ 25%] 250/1000 trials — best sharpe: 1.30
  [ 27%] 275/1000 trials — best sharpe: 1.30
  [ 30%] 300/1000 trials — best sharpe: 1.30
  [ 32%] 325/1000 trials — best sharpe: 1.30
  [ 35%] 350/1000 trials — best sharpe: 1.30
  [ 37%] 375/1000 trials — best sharpe: 1.30
  [ 40%] 400/1000 trials — best sharpe: 1.30
  [ 42%] 425/1000 trials — best sharpe: 1.30
  [ 45%] 450/1000 trials — best sharpe: 1.30
  [ 47%] 475/1000 trials — best sharpe: 1.30
  [ 50%] 500/1000 trials — best sharpe: 1.30
  [ 52%] 525/1000 trials — best sharpe: 1.31
  [ 55%] 550/1000 trials — best sharpe: 1.32
  [ 57%] 575/1000 trials — best sharpe: 1.32
  [ 60%] 600/1000 trials — best sharpe: 1.32
  [ 62%] 625/1000 trials — best sharpe: 1.32
  [ 65%] 650/1000 trials — best sharpe: 1.32
  [ 67%] 675/1000 trials — best sharpe: 1.32
  [ 70%] 700/1000 trials — best sharpe: 1.32
  [ 72%] 725/1000 trials — best sharpe: 1.32
  [ 75%] 750/1000 trials — best sharpe: 1.32
  [ 77%] 775/1000 trials — best sharpe: 1.32
  [ 80%] 800/1000 trials — best sharpe: 1.32
  [ 82%] 825/1000 trials — best sharpe: 1.32
  [ 85%] 850/1000 trials — best sharpe: 1.32
  [ 87%] 875/1000 trials — best sharpe: 1.32
  [ 90%] 900/1000 trials — best sharpe: 1.32
  [ 92%] 925/1000 trials — best sharpe: 1.32
  [ 95%] 950/1000 trials — best sharpe: 1.32
  [ 97%] 975/1000 trials — best sharpe: 1.32
  [100%] 1000/1000 trials — best sharpe: 1.32
Optimization complete — best sharpe: 1.32
  Max drawdown: 15.03% | Sharpe: 1.32 | Win rate: 62.50%
restart 2/4 (as of 2021-03-12)
Optimizing 2 strategies over 2015-07-28 to 2021-03-11
  objective: sharpe | train window: 2015-07-28 → 2021-03-11
  1000 trials across 5 workers
  [  2%] 25/1000 trials — best sharpe: 1.26
  [  5%] 50/1000 trials — best sharpe: 1.27
  [  7%] 75/1000 trials — best sharpe: 1.27
  [ 10%] 100/1000 trials — best sharpe: 1.27
  [ 12%] 125/1000 trials — best sharpe: 1.28
  [ 15%] 150/1000 trials — best sharpe: 1.28
  [ 17%] 175/1000 trials — best sharpe: 1.28
  [ 20%] 200/1000 trials — best sharpe: 1.28
  [ 22%] 225/1000 trials — best sharpe: 1.28
  [ 25%] 250/1000 trials — best sharpe: 1.28
  [ 27%] 275/1000 trials — best sharpe: 1.28
  [ 30%] 300/1000 trials — best sharpe: 1.29
  [ 32%] 325/1000 trials — best sharpe: 1.30
  [ 35%] 350/1000 trials — best sharpe: 1.30
  [ 37%] 375/1000 trials — best sharpe: 1.30
  [ 40%] 400/1000 trials — best sharpe: 1.30
  [ 42%] 425/1000 trials — best sharpe: 1.30
  [ 45%] 450/1000 trials — best sharpe: 1.30
  [ 47%] 475/1000 trials — best sharpe: 1.30
  [ 50%] 500/1000 trials — best sharpe: 1.30
  [ 52%] 525/1000 trials — best sharpe: 1.30
  [ 55%] 550/1000 trials — best sharpe: 1.30
  [ 57%] 575/1000 trials — best sharpe: 1.30
  [ 60%] 600/1000 trials — best sharpe: 1.30
  [ 62%] 625/1000 trials — best sharpe: 1.30
  [ 65%] 650/1000 trials — best sharpe: 1.30
  [ 67%] 675/1000 trials — best sharpe: 1.30
  [ 70%] 700/1000 trials — best sharpe: 1.30
  [ 72%] 725/1000 trials — best sharpe: 1.30
  [ 75%] 750/1000 trials — best sharpe: 1.30
  [ 77%] 775/1000 trials — best sharpe: 1.30
  [ 80%] 800/1000 trials — best sharpe: 1.30
  [ 82%] 825/1000 trials — best sharpe: 1.30
  [ 85%] 850/1000 trials — best sharpe: 1.30
  [ 87%] 875/1000 trials — best sharpe: 1.30
  [ 90%] 900/1000 trials — best sharpe: 1.30
  [ 92%] 925/1000 trials — best sharpe: 1.30
  [ 95%] 950/1000 trials — best sharpe: 1.30
  [ 97%] 975/1000 trials — best sharpe: 1.30
  [100%] 1000/1000 trials — best sharpe: 1.30
Optimization complete — best sharpe: 1.30
  Max drawdown: 15.36% | Sharpe: 1.30 | Win rate: 68.06%
restart 3/4 (as of 2021-03-12)
Optimizing 2 strategies over 2015-07-28 to 2021-03-11
  objective: sharpe | train window: 2015-07-28 → 2021-03-11
  1000 trials across 5 workers
  [  2%] 25/1000 trials — best sharpe: 1.19
  [  5%] 50/1000 trials — best sharpe: 1.26
  [  7%] 75/1000 trials — best sharpe: 1.29
  [ 10%] 100/1000 trials — best sharpe: 1.29
  [ 12%] 125/1000 trials — best sharpe: 1.29
  [ 15%] 150/1000 trials — best sharpe: 1.29
  [ 17%] 175/1000 trials — best sharpe: 1.32
  [ 20%] 200/1000 trials — best sharpe: 1.32
  [ 22%] 225/1000 trials — best sharpe: 1.32
  [ 25%] 250/1000 trials — best sharpe: 1.32
  [ 27%] 275/1000 trials — best sharpe: 1.32
  [ 30%] 300/1000 trials — best sharpe: 1.32
  [ 32%] 325/1000 trials — best sharpe: 1.32
  [ 35%] 350/1000 trials — best sharpe: 1.32
  [ 37%] 375/1000 trials — best sharpe: 1.32
  [ 40%] 400/1000 trials — best sharpe: 1.32
  [ 42%] 425/1000 trials — best sharpe: 1.32
  [ 45%] 450/1000 trials — best sharpe: 1.32
  [ 47%] 475/1000 trials — best sharpe: 1.32
  [ 50%] 500/1000 trials — best sharpe: 1.32
  [ 52%] 525/1000 trials — best sharpe: 1.32
  [ 55%] 550/1000 trials — best sharpe: 1.32
  [ 57%] 575/1000 trials — best sharpe: 1.32
  [ 60%] 600/1000 trials — best sharpe: 1.32
  [ 62%] 625/1000 trials — best sharpe: 1.32
  [ 65%] 650/1000 trials — best sharpe: 1.32
  [ 67%] 675/1000 trials — best sharpe: 1.32
  [ 70%] 700/1000 trials — best sharpe: 1.32
  [ 72%] 725/1000 trials — best sharpe: 1.32
  [ 75%] 750/1000 trials — best sharpe: 1.33
  [ 77%] 775/1000 trials — best sharpe: 1.33
  [ 80%] 800/1000 trials — best sharpe: 1.33
  [ 82%] 825/1000 trials — best sharpe: 1.33
  [ 85%] 850/1000 trials — best sharpe: 1.33
  [ 87%] 875/1000 trials — best sharpe: 1.33
  [ 90%] 900/1000 trials — best sharpe: 1.33
  [ 92%] 925/1000 trials — best sharpe: 1.33
  [ 95%] 950/1000 trials — best sharpe: 1.33
  [ 97%] 975/1000 trials — best sharpe: 1.33
  [100%] 1000/1000 trials — best sharpe: 1.33
Optimization complete — best sharpe: 1.33
  Max drawdown: 16.47% | Sharpe: 1.33 | Win rate: 62.32%
restart 4/4 (as of 2021-03-12)
Optimizing 2 strategies over 2015-07-28 to 2021-03-11
  objective: sharpe | train window: 2015-07-28 → 2021-03-11
  1000 trials across 5 workers
  [  2%] 25/1000 trials — best sharpe: 1.30
  [  5%] 50/1000 trials — best sharpe: 1.30
  [  7%] 75/1000 trials — best sharpe: 1.30
  [ 10%] 100/1000 trials — best sharpe: 1.30
  [ 12%] 125/1000 trials — best sharpe: 1.30
  [ 15%] 150/1000 trials — best sharpe: 1.30
  [ 17%] 175/1000 trials — best sharpe: 1.30
  [ 20%] 200/1000 trials — best sharpe: 1.30
  [ 22%] 225/1000 trials — best sharpe: 1.30
  [ 25%] 250/1000 trials — best sharpe: 1.30
  [ 27%] 275/1000 trials — best sharpe: 1.31
  [ 30%] 300/1000 trials — best sharpe: 1.31
  [ 32%] 325/1000 trials — best sharpe: 1.31
  [ 35%] 350/1000 trials — best sharpe: 1.32
  [ 37%] 375/1000 trials — best sharpe: 1.32
  [ 40%] 400/1000 trials — best sharpe: 1.32
  [ 42%] 425/1000 trials — best sharpe: 1.32
  [ 45%] 450/1000 trials — best sharpe: 1.32
  [ 47%] 475/1000 trials — best sharpe: 1.32
  [ 50%] 500/1000 trials — best sharpe: 1.32
  [ 52%] 525/1000 trials — best sharpe: 1.32
  [ 55%] 550/1000 trials — best sharpe: 1.32
  [ 57%] 575/1000 trials — best sharpe: 1.33
  [ 60%] 600/1000 trials — best sharpe: 1.33
  [ 62%] 625/1000 trials — best sharpe: 1.33
  [ 65%] 650/1000 trials — best sharpe: 1.33
  [ 67%] 675/1000 trials — best sharpe: 1.33
  [ 70%] 700/1000 trials — best sharpe: 1.33
  [ 72%] 725/1000 trials — best sharpe: 1.33
  [ 75%] 750/1000 trials — best sharpe: 1.33
  [ 77%] 775/1000 trials — best sharpe: 1.33
  [ 80%] 800/1000 trials — best sharpe: 1.33
  [ 82%] 825/1000 trials — best sharpe: 1.33
  [ 85%] 850/1000 trials — best sharpe: 1.33
  [ 87%] 875/1000 trials — best sharpe: 1.33
  [ 90%] 900/1000 trials — best sharpe: 1.33
  [ 92%] 925/1000 trials — best sharpe: 1.33
  [ 95%] 950/1000 trials — best sharpe: 1.33
  [ 97%] 975/1000 trials — best sharpe: 1.33
  [100%] 1000/1000 trials — best sharpe: 1.33
Optimization complete — best sharpe: 1.33
  Max drawdown: 16.47% | Sharpe: 1.33 | Win rate: 62.32%
Fold 2/13: test 2021-06-11 → 2021-09-09
Fold 3/13: test 2021-09-10 → 2021-12-08
Fold 4/13: test 2021-12-09 → 2022-03-10
Fold 5/13: test 2022-03-11 → 2022-06-09
Fold 6/13: test 2022-06-10 → 2022-09-09
Fold 7/13: test 2022-09-12 → 2022-12-08
Fold 8/13: test 2022-12-09 → 2023-03-13
Fold 9/13: test 2023-03-14 → 2023-06-12
Fold 10/13: test 2023-06-13 → 2023-09-12
Fold 11/13: test 2023-09-13 → 2023-12-11
Fold 12/13: test 2023-12-12 → 2024-03-13
Fold 13/13: test 2024-03-14 → 2024-08-27
cell 1/32 done in 4m (elapsed 4m; ~128m remaining at the mean cell pace — frozen
cells run far faster than re-fit cells)
sweep: best on etf, seed base 43 [cell 2/32]
Fold 1/13: test 2021-03-12 → 2021-06-10
restart 1/4 (as of 2021-03-12)
Optimizing 2 strategies over 2015-07-28 to 2021-03-11
  objective: sharpe | train window: 2015-07-28 → 2021-03-11
  1000 trials across 5 workers
  [  2%] 25/1000 trials — best sharpe: 1.27
  [  5%] 50/1000 trials — best sharpe: 1.27
  [  7%] 75/1000 trials — best sharpe: 1.27
  [ 10%] 100/1000 trials — best sharpe: 1.27
  [ 12%] 125/1000 trials — best sharpe: 1.29
  [ 15%] 150/1000 trials — best sharpe: 1.29
  [ 17%] 175/1000 trials — best sharpe: 1.29
  [ 20%] 200/1000 trials — best sharpe: 1.29
  [ 22%] 225/1000 trials — best sharpe: 1.29
  [ 25%] 250/1000 trials — best sharpe: 1.29
  [ 27%] 275/1000 trials — best sharpe: 1.29
  [ 30%] 300/1000 trials — best sharpe: 1.29
  [ 32%] 325/1000 trials — best sharpe: 1.29
  [ 35%] 350/1000 trials — best sharpe: 1.29
  [ 37%] 375/1000 trials — best sharpe: 1.29
  [ 40%] 400/1000 trials — best sharpe: 1.29
  [ 42%] 425/1000 trials — best sharpe: 1.29
  [ 45%] 450/1000 trials — best sharpe: 1.29
  [ 47%] 475/1000 trials — best sharpe: 1.29
  [ 50%] 500/1000 trials — best sharpe: 1.29
  [ 52%] 525/1000 trials — best sharpe: 1.29
  [ 55%] 550/1000 trials — best sharpe: 1.29
  [ 57%] 575/1000 trials — best sharpe: 1.29
  [ 60%] 600/1000 trials — best sharpe: 1.29
  [ 62%] 625/1000 trials — best sharpe: 1.29
  [ 65%] 650/1000 trials — best sharpe: 1.29
  [ 67%] 675/1000 trials — best sharpe: 1.30
  [ 70%] 700/1000 trials — best sharpe: 1.30
  [ 72%] 725/1000 trials — best sharpe: 1.30
  [ 75%] 750/1000 trials — best sharpe: 1.30
  [ 77%] 775/1000 trials — best sharpe: 1.30
  [ 80%] 800/1000 trials — best sharpe: 1.30
  [ 82%] 825/1000 trials — best sharpe: 1.30
  [ 85%] 850/1000 trials — best sharpe: 1.30
  [ 87%] 875/1000 trials — best sharpe: 1.30
  [ 90%] 900/1000 trials — best sharpe: 1.30
  [ 92%] 925/1000 trials — best sharpe: 1.30
  [ 95%] 950/1000 trials — best sharpe: 1.30
  [ 97%] 975/1000 trials — best sharpe: 1.30
  [100%] 1000/1000 trials — best sharpe: 1.30
Optimization complete — best sharpe: 1.30
  Max drawdown: 15.44% | Sharpe: 1.30 | Win rate: 66.20%
restart 2/4 (as of 2021-03-12)
Optimizing 2 strategies over 2015-07-28 to 2021-03-11
  objective: sharpe | train window: 2015-07-28 → 2021-03-11
  1000 trials across 5 workers
  [  2%] 25/1000 trials — best sharpe: 1.26
  [  5%] 50/1000 trials — best sharpe: 1.27
  [  7%] 75/1000 trials — best sharpe: 1.27
  [ 10%] 100/1000 trials — best sharpe: 1.29
  [ 12%] 125/1000 trials — best sharpe: 1.29
  [ 15%] 150/1000 trials — best sharpe: 1.29
  [ 17%] 175/1000 trials — best sharpe: 1.29
  [ 20%] 200/1000 trials — best sharpe: 1.29
  [ 22%] 225/1000 trials — best sharpe: 1.29
  [ 25%] 250/1000 trials — best sharpe: 1.29
  [ 27%] 275/1000 trials — best sharpe: 1.29
  [ 30%] 300/1000 trials — best sharpe: 1.30
  [ 32%] 325/1000 trials — best sharpe: 1.30
  [ 35%] 350/1000 trials — best sharpe: 1.30
  [ 37%] 375/1000 trials — best sharpe: 1.30
  [ 40%] 400/1000 trials — best sharpe: 1.30
  [ 42%] 425/1000 trials — best sharpe: 1.30
  [ 45%] 450/1000 trials — best sharpe: 1.30
  [ 47%] 475/1000 trials — best sharpe: 1.30
  [ 50%] 500/1000 trials — best sharpe: 1.30
  [ 52%] 525/1000 trials — best sharpe: 1.30
  [ 55%] 550/1000 trials — best sharpe: 1.30
  [ 57%] 575/1000 trials — best sharpe: 1.30
  [ 60%] 600/1000 trials — best sharpe: 1.31
  [ 62%] 625/1000 trials — best sharpe: 1.31
  [ 65%] 650/1000 trials — best sharpe: 1.31
  [ 67%] 675/1000 trials — best sharpe: 1.31
  [ 70%] 700/1000 trials — best sharpe: 1.31
  [ 72%] 725/1000 trials — best sharpe: 1.31
  [ 75%] 750/1000 trials — best sharpe: 1.31
  [ 77%] 775/1000 trials — best sharpe: 1.33
  [ 80%] 800/1000 trials — best sharpe: 1.33
  [ 82%] 825/1000 trials — best sharpe: 1.33
  [ 85%] 850/1000 trials — best sharpe: 1.33
  [ 87%] 875/1000 trials — best sharpe: 1.33
  [ 90%] 900/1000 trials — best sharpe: 1.33
  [ 92%] 925/1000 trials — best sharpe: 1.33
  [ 95%] 950/1000 trials — best sharpe: 1.33
  [ 97%] 975/1000 trials — best sharpe: 1.33
  [100%] 1000/1000 trials — best sharpe: 1.33
Optimization complete — best sharpe: 1.33
  Max drawdown: 14.48% | Sharpe: 1.33 | Win rate: 63.01%
restart 3/4 (as of 2021-03-12)
Optimizing 2 strategies over 2015-07-28 to 2021-03-11
  objective: sharpe | train window: 2015-07-28 → 2021-03-11
  1000 trials across 5 workers
  [  2%] 25/1000 trials — best sharpe: 1.16
  [  5%] 50/1000 trials — best sharpe: 1.26
  [  7%] 75/1000 trials — best sharpe: 1.28
  [ 10%] 100/1000 trials — best sharpe: 1.28
  [ 12%] 125/1000 trials — best sharpe: 1.29
  [ 15%] 150/1000 trials — best sharpe: 1.32
  [ 17%] 175/1000 trials — best sharpe: 1.32
  [ 20%] 200/1000 trials — best sharpe: 1.32
  [ 22%] 225/1000 trials — best sharpe: 1.32
  [ 25%] 250/1000 trials — best sharpe: 1.33
  [ 27%] 275/1000 trials — best sharpe: 1.33
  [ 30%] 300/1000 trials — best sharpe: 1.33
  [ 32%] 325/1000 trials — best sharpe: 1.33
  [ 35%] 350/1000 trials — best sharpe: 1.33
  [ 37%] 375/1000 trials — best sharpe: 1.33
  [ 40%] 400/1000 trials — best sharpe: 1.33
  [ 42%] 425/1000 trials — best sharpe: 1.33
  [ 45%] 450/1000 trials — best sharpe: 1.33
  [ 47%] 475/1000 trials — best sharpe: 1.33
  [ 50%] 500/1000 trials — best sharpe: 1.33
  [ 52%] 525/1000 trials — best sharpe: 1.33
  [ 55%] 550/1000 trials — best sharpe: 1.33
  [ 57%] 575/1000 trials — best sharpe: 1.33
  [ 60%] 600/1000 trials — best sharpe: 1.33
  [ 62%] 625/1000 trials — best sharpe: 1.33
  [ 65%] 650/1000 trials — best sharpe: 1.33
  [ 67%] 675/1000 trials — best sharpe: 1.33
  [ 70%] 700/1000 trials — best sharpe: 1.33
  [ 72%] 725/1000 trials — best sharpe: 1.33
  [ 75%] 750/1000 trials — best sharpe: 1.33
  [ 77%] 775/1000 trials — best sharpe: 1.33
  [ 80%] 800/1000 trials — best sharpe: 1.33
  [ 82%] 825/1000 trials — best sharpe: 1.33
  [ 85%] 850/1000 trials — best sharpe: 1.33
  [ 87%] 875/1000 trials — best sharpe: 1.33
  [ 90%] 900/1000 trials — best sharpe: 1.33
  [ 92%] 925/1000 trials — best sharpe: 1.33
  [ 95%] 950/1000 trials — best sharpe: 1.33
  [ 97%] 975/1000 trials — best sharpe: 1.33
  [100%] 1000/1000 trials — best sharpe: 1.33
Optimization complete — best sharpe: 1.33
  Max drawdown: 14.43% | Sharpe: 1.33 | Win rate: 63.38%
restart 4/4 (as of 2021-03-12)
Optimizing 2 strategies over 2015-07-28 to 2021-03-11
  objective: sharpe | train window: 2015-07-28 → 2021-03-11
  1000 trials across 5 workers
  [  2%] 25/1000 trials — best sharpe: 1.22
  [  5%] 50/1000 trials — best sharpe: 1.26
  [  7%] 75/1000 trials — best sharpe: 1.27
  [ 10%] 100/1000 trials — best sharpe: 1.30
  [ 12%] 125/1000 trials — best sharpe: 1.33
  [ 15%] 150/1000 trials — best sharpe: 1.33
  [ 17%] 175/1000 trials — best sharpe: 1.33
  [ 20%] 200/1000 trials — best sharpe: 1.33
  [ 22%] 225/1000 trials — best sharpe: 1.33
  [ 25%] 250/1000 trials — best sharpe: 1.33
  [ 27%] 275/1000 trials — best sharpe: 1.33
  [ 30%] 300/1000 trials — best sharpe: 1.33
  [ 32%] 325/1000 trials — best sharpe: 1.33
  [ 35%] 350/1000 trials — best sharpe: 1.33
  [ 37%] 375/1000 trials — best sharpe: 1.33
  [ 40%] 400/1000 trials — best sharpe: 1.33
  [ 42%] 425/1000 trials — best sharpe: 1.33
  [ 45%] 450/1000 trials — best sharpe: 1.33
  [ 47%] 475/1000 trials — best sharpe: 1.33
  [ 50%] 500/1000 trials — best sharpe: 1.33
  [ 52%] 525/1000 trials — best sharpe: 1.33
  [ 55%] 550/1000 trials — best sharpe: 1.33
  [ 57%] 575/1000 trials — best sharpe: 1.33
  [ 60%] 600/1000 trials — best sharpe: 1.33
  [ 62%] 625/1000 trials — best sharpe: 1.33
  [ 65%] 650/1000 trials — best sharpe: 1.33
  [ 67%] 675/1000 trials — best sharpe: 1.33
  [ 70%] 700/1000 trials — best sharpe: 1.33
  [ 72%] 725/1000 trials — best sharpe: 1.33
  [ 75%] 750/1000 trials — best sharpe: 1.33
  [ 77%] 775/1000 trials — best sharpe: 1.33
  [ 80%] 800/1000 trials — best sharpe: 1.33
  [ 82%] 825/1000 trials — best sharpe: 1.35
  [ 85%] 850/1000 trials — best sharpe: 1.35
  [ 87%] 875/1000 trials — best sharpe: 1.35
  [ 90%] 900/1000 trials — best sharpe: 1.35
  [ 92%] 925/1000 trials — best sharpe: 1.35
  [ 95%] 950/1000 trials — best sharpe: 1.35
  [ 97%] 975/1000 trials — best sharpe: 1.35
  [100%] 1000/1000 trials — best sharpe: 1.35
Optimization complete — best sharpe: 1.35
  Max drawdown: 15.24% | Sharpe: 1.35 | Win rate: 67.14%
Fold 2/13: test 2021-06-11 → 2021-09-09
Fold 3/13: test 2021-09-10 → 2021-12-08
Fold 4/13: test 2021-12-09 → 2022-03-10
Fold 5/13: test 2022-03-11 → 2022-06-09
Fold 6/13: test 2022-06-10 → 2022-09-09
Fold 7/13: test 2022-09-12 → 2022-12-08
Fold 8/13: test 2022-12-09 → 2023-03-13
Fold 9/13: test 2023-03-14 → 2023-06-12
Fold 10/13: test 2023-06-13 → 2023-09-12
Fold 11/13: test 2023-09-13 → 2023-12-11
Fold 12/13: test 2023-12-12 → 2024-03-13
Fold 13/13: test 2024-03-14 → 2024-08-27
cell 2/32 done in 4m (elapsed 8m; ~124m remaining at the mean cell pace — frozen
cells run far faster than re-fit cells)
sweep: best on etf, seed base 44 [cell 3/32]
Fold 1/13: test 2021-03-12 → 2021-06-10
restart 1/4 (as of 2021-03-12)
Optimizing 2 strategies over 2015-07-28 to 2021-03-11
  objective: sharpe | train window: 2015-07-28 → 2021-03-11
  1000 trials across 5 workers
  [  2%] 25/1000 trials — best sharpe: 1.19
  [  5%] 50/1000 trials — best sharpe: 1.26
  [  7%] 75/1000 trials — best sharpe: 1.32
  [ 10%] 100/1000 trials — best sharpe: 1.32
  [ 12%] 125/1000 trials — best sharpe: 1.32
  [ 15%] 150/1000 trials — best sharpe: 1.32
  [ 17%] 175/1000 trials — best sharpe: 1.32
  [ 20%] 200/1000 trials — best sharpe: 1.32
  [ 22%] 225/1000 trials — best sharpe: 1.32
  [ 25%] 250/1000 trials — best sharpe: 1.32
  [ 27%] 275/1000 trials — best sharpe: 1.32
  [ 30%] 300/1000 trials — best sharpe: 1.32
  [ 32%] 325/1000 trials — best sharpe: 1.32
  [ 35%] 350/1000 trials — best sharpe: 1.32
  [ 37%] 375/1000 trials — best sharpe: 1.32
  [ 40%] 400/1000 trials — best sharpe: 1.32
  [ 42%] 425/1000 trials — best sharpe: 1.32
  [ 45%] 450/1000 trials — best sharpe: 1.32
  [ 47%] 475/1000 trials — best sharpe: 1.32
  [ 50%] 500/1000 trials — best sharpe: 1.32
  [ 52%] 525/1000 trials — best sharpe: 1.32
  [ 55%] 550/1000 trials — best sharpe: 1.32
  [ 57%] 575/1000 trials — best sharpe: 1.34
  [ 60%] 600/1000 trials — best sharpe: 1.34
  [ 62%] 625/1000 trials — best sharpe: 1.34
  [ 65%] 650/1000 trials — best sharpe: 1.34
  [ 67%] 675/1000 trials — best sharpe: 1.34
  [ 70%] 700/1000 trials — best sharpe: 1.34
  [ 72%] 725/1000 trials — best sharpe: 1.34
  [ 75%] 750/1000 trials — best sharpe: 1.34
  [ 77%] 775/1000 trials — best sharpe: 1.34
  [ 80%] 800/1000 trials — best sharpe: 1.34
  [ 82%] 825/1000 trials — best sharpe: 1.34
  [ 85%] 850/1000 trials — best sharpe: 1.34
  [ 87%] 875/1000 trials — best sharpe: 1.34
  [ 90%] 900/1000 trials — best sharpe: 1.34
  [ 92%] 925/1000 trials — best sharpe: 1.34
  [ 95%] 950/1000 trials — best sharpe: 1.34
  [ 97%] 975/1000 trials — best sharpe: 1.34
  [100%] 1000/1000 trials — best sharpe: 1.34
Optimization complete — best sharpe: 1.34
  Max drawdown: 14.65% | Sharpe: 1.34 | Win rate: 65.71%
restart 2/4 (as of 2021-03-12)
Optimizing 2 strategies over 2015-07-28 to 2021-03-11
  objective: sharpe | train window: 2015-07-28 → 2021-03-11
  1000 trials across 5 workers
  [  2%] 25/1000 trials — best sharpe: 1.25
  [  5%] 50/1000 trials — best sharpe: 1.28
  [  7%] 75/1000 trials — best sharpe: 1.28
  [ 10%] 100/1000 trials — best sharpe: 1.28
  [ 12%] 125/1000 trials — best sharpe: 1.28
  [ 15%] 150/1000 trials — best sharpe: 1.28
  [ 17%] 175/1000 trials — best sharpe: 1.28
  [ 20%] 200/1000 trials — best sharpe: 1.28
  [ 22%] 225/1000 trials — best sharpe: 1.28
  [ 25%] 250/1000 trials — best sharpe: 1.28
  [ 27%] 275/1000 trials — best sharpe: 1.28
  [ 30%] 300/1000 trials — best sharpe: 1.28
  [ 32%] 325/1000 trials — best sharpe: 1.28
  [ 35%] 350/1000 trials — best sharpe: 1.28
  [ 37%] 375/1000 trials — best sharpe: 1.33
  [ 40%] 400/1000 trials — best sharpe: 1.33
  [ 42%] 425/1000 trials — best sharpe: 1.33
  [ 45%] 450/1000 trials — best sharpe: 1.33
  [ 47%] 475/1000 trials — best sharpe: 1.33
  [ 50%] 500/1000 trials — best sharpe: 1.33
  [ 52%] 525/1000 trials — best sharpe: 1.33
  [ 55%] 550/1000 trials — best sharpe: 1.33
  [ 57%] 575/1000 trials — best sharpe: 1.33
  [ 60%] 600/1000 trials — best sharpe: 1.33
  [ 62%] 625/1000 trials — best sharpe: 1.33
  [ 65%] 650/1000 trials — best sharpe: 1.33
  [ 67%] 675/1000 trials — best sharpe: 1.33
  [ 70%] 700/1000 trials — best sharpe: 1.33
  [ 72%] 725/1000 trials — best sharpe: 1.33
  [ 75%] 750/1000 trials — best sharpe: 1.33
  [ 77%] 775/1000 trials — best sharpe: 1.33
  [ 80%] 800/1000 trials — best sharpe: 1.33
  [ 82%] 825/1000 trials — best sharpe: 1.33
  [ 85%] 850/1000 trials — best sharpe: 1.33
  [ 87%] 875/1000 trials — best sharpe: 1.33
  [ 90%] 900/1000 trials — best sharpe: 1.33
  [ 92%] 925/1000 trials — best sharpe: 1.33
  [ 95%] 950/1000 trials — best sharpe: 1.33
  [ 97%] 975/1000 trials — best sharpe: 1.33
  [100%] 1000/1000 trials — best sharpe: 1.33
Optimization complete — best sharpe: 1.33
  Max drawdown: 15.47% | Sharpe: 1.33 | Win rate: 67.12%
restart 3/4 (as of 2021-03-12)
Optimizing 2 strategies over 2015-07-28 to 2021-03-11
  objective: sharpe | train window: 2015-07-28 → 2021-03-11
  1000 trials across 5 workers
  [  2%] 25/1000 trials — best sharpe: 1.20
  [  5%] 50/1000 trials — best sharpe: 1.27
  [  7%] 75/1000 trials — best sharpe: 1.28
  [ 10%] 100/1000 trials — best sharpe: 1.28
  [ 12%] 125/1000 trials — best sharpe: 1.28
  [ 15%] 150/1000 trials — best sharpe: 1.28
  [ 17%] 175/1000 trials — best sharpe: 1.29
  [ 20%] 200/1000 trials — best sharpe: 1.30
  [ 22%] 225/1000 trials — best sharpe: 1.30
  [ 25%] 250/1000 trials — best sharpe: 1.30
  [ 27%] 275/1000 trials — best sharpe: 1.30
  [ 30%] 300/1000 trials — best sharpe: 1.30
  [ 32%] 325/1000 trials — best sharpe: 1.32
  [ 35%] 350/1000 trials — best sharpe: 1.32
  [ 37%] 375/1000 trials — best sharpe: 1.32
  [ 40%] 400/1000 trials — best sharpe: 1.33
  [ 42%] 425/1000 trials — best sharpe: 1.33
  [ 45%] 450/1000 trials — best sharpe: 1.33
  [ 47%] 475/1000 trials — best sharpe: 1.33
  [ 50%] 500/1000 trials — best sharpe: 1.33
  [ 52%] 525/1000 trials — best sharpe: 1.33
  [ 55%] 550/1000 trials — best sharpe: 1.33
  [ 57%] 575/1000 trials — best sharpe: 1.33
  [ 60%] 600/1000 trials — best sharpe: 1.33
  [ 62%] 625/1000 trials — best sharpe: 1.33
  [ 65%] 650/1000 trials — best sharpe: 1.33
  [ 67%] 675/1000 trials — best sharpe: 1.33
  [ 70%] 700/1000 trials — best sharpe: 1.33
  [ 72%] 725/1000 trials — best sharpe: 1.33
  [ 75%] 750/1000 trials — best sharpe: 1.33
  [ 77%] 775/1000 trials — best sharpe: 1.33
  [ 80%] 800/1000 trials — best sharpe: 1.33
  [ 82%] 825/1000 trials — best sharpe: 1.33
  [ 85%] 850/1000 trials — best sharpe: 1.33
  [ 87%] 875/1000 trials — best sharpe: 1.33
  [ 90%] 900/1000 trials — best sharpe: 1.33
  [ 92%] 925/1000 trials — best sharpe: 1.33
  [ 95%] 950/1000 trials — best sharpe: 1.33
  [ 97%] 975/1000 trials — best sharpe: 1.33
  [100%] 1000/1000 trials — best sharpe: 1.33
Optimization complete — best sharpe: 1.33
  Max drawdown: 14.50% | Sharpe: 1.33 | Win rate: 62.50%
restart 4/4 (as of 2021-03-12)
Optimizing 2 strategies over 2015-07-28 to 2021-03-11
  objective: sharpe | train window: 2015-07-28 → 2021-03-11
  1000 trials across 5 workers
  [  2%] 25/1000 trials — best sharpe: 1.23
  [  5%] 50/1000 trials — best sharpe: 1.23
  [  7%] 75/1000 trials — best sharpe: 1.23
  [ 10%] 100/1000 trials — best sharpe: 1.23
  [ 12%] 125/1000 trials — best sharpe: 1.23
  [ 15%] 150/1000 trials — best sharpe: 1.23
  [ 17%] 175/1000 trials — best sharpe: 1.29
  [ 20%] 200/1000 trials — best sharpe: 1.29
  [ 22%] 225/1000 trials — best sharpe: 1.29
  [ 25%] 250/1000 trials — best sharpe: 1.29
  [ 27%] 275/1000 trials — best sharpe: 1.29
  [ 30%] 300/1000 trials — best sharpe: 1.29
  [ 32%] 325/1000 trials — best sharpe: 1.29
  [ 35%] 350/1000 trials — best sharpe: 1.31
  [ 37%] 375/1000 trials — best sharpe: 1.31
  [ 40%] 400/1000 trials — best sharpe: 1.31
  [ 42%] 425/1000 trials — best sharpe: 1.31
  [ 45%] 450/1000 trials — best sharpe: 1.31
  [ 47%] 475/1000 trials — best sharpe: 1.31
  [ 50%] 500/1000 trials — best sharpe: 1.31
  [ 52%] 525/1000 trials — best sharpe: 1.31
  [ 55%] 550/1000 trials — best sharpe: 1.31
  [ 57%] 575/1000 trials — best sharpe: 1.31
  [ 60%] 600/1000 trials — best sharpe: 1.31
  [ 62%] 625/1000 trials — best sharpe: 1.31
  [ 65%] 650/1000 trials — best sharpe: 1.31
  [ 67%] 675/1000 trials — best sharpe: 1.31
  [ 70%] 700/1000 trials — best sharpe: 1.31
  [ 72%] 725/1000 trials — best sharpe: 1.31
  [ 75%] 750/1000 trials — best sharpe: 1.31
  [ 77%] 775/1000 trials — best sharpe: 1.31
  [ 80%] 800/1000 trials — best sharpe: 1.31
  [ 82%] 825/1000 trials — best sharpe: 1.33
  [ 85%] 850/1000 trials — best sharpe: 1.34
  [ 87%] 875/1000 trials — best sharpe: 1.34
  [ 90%] 900/1000 trials — best sharpe: 1.34
  [ 92%] 925/1000 trials — best sharpe: 1.34
  [ 95%] 950/1000 trials — best sharpe: 1.34
  [ 97%] 975/1000 trials — best sharpe: 1.34
  [100%] 1000/1000 trials — best sharpe: 1.34
Optimization complete — best sharpe: 1.34
  Max drawdown: 14.48% | Sharpe: 1.34 | Win rate: 63.38%
Fold 2/13: test 2021-06-11 → 2021-09-09
Fold 3/13: test 2021-09-10 → 2021-12-08
Fold 4/13: test 2021-12-09 → 2022-03-10
Fold 5/13: test 2022-03-11 → 2022-06-09
Fold 6/13: test 2022-06-10 → 2022-09-09
Fold 7/13: test 2022-09-12 → 2022-12-08
Fold 8/13: test 2022-12-09 → 2023-03-13
Fold 9/13: test 2023-03-14 → 2023-06-12
Fold 10/13: test 2023-06-13 → 2023-09-12
Fold 11/13: test 2023-09-13 → 2023-12-11
Fold 12/13: test 2023-12-12 → 2024-03-13
Fold 13/13: test 2024-03-14 → 2024-08-27
cell 3/32 done in 4m (elapsed 12m; ~121m remaining at the mean cell pace — 
frozen cells run far faster than re-fit cells)
sweep: best on etf, seed base 45 [cell 4/32]
Fold 1/13: test 2021-03-12 → 2021-06-10
restart 1/4 (as of 2021-03-12)
Optimizing 2 strategies over 2015-07-28 to 2021-03-11
  objective: sharpe | train window: 2015-07-28 → 2021-03-11
  1000 trials across 5 workers
  [  2%] 25/1000 trials — best sharpe: 1.24
  [  5%] 50/1000 trials — best sharpe: 1.24
  [  7%] 75/1000 trials — best sharpe: 1.29
  [ 10%] 100/1000 trials — best sharpe: 1.29
  [ 12%] 125/1000 trials — best sharpe: 1.29
  [ 15%] 150/1000 trials — best sharpe: 1.29
  [ 17%] 175/1000 trials — best sharpe: 1.29
  [ 20%] 200/1000 trials — best sharpe: 1.29
  [ 22%] 225/1000 trials — best sharpe: 1.29
  [ 25%] 250/1000 trials — best sharpe: 1.29
  [ 27%] 275/1000 trials — best sharpe: 1.31
  [ 30%] 300/1000 trials — best sharpe: 1.31
  [ 32%] 325/1000 trials — best sharpe: 1.31
  [ 35%] 350/1000 trials — best sharpe: 1.31
  [ 37%] 375/1000 trials — best sharpe: 1.31
  [ 40%] 400/1000 trials — best sharpe: 1.31
  [ 42%] 425/1000 trials — best sharpe: 1.32
  [ 45%] 450/1000 trials — best sharpe: 1.32
  [ 47%] 475/1000 trials — best sharpe: 1.32
  [ 50%] 500/1000 trials — best sharpe: 1.32
  [ 52%] 525/1000 trials — best sharpe: 1.32
  [ 55%] 550/1000 trials — best sharpe: 1.32
  [ 57%] 575/1000 trials — best sharpe: 1.32
  [ 60%] 600/1000 trials — best sharpe: 1.32
  [ 62%] 625/1000 trials — best sharpe: 1.32
  [ 65%] 650/1000 trials — best sharpe: 1.32
  [ 67%] 675/1000 trials — best sharpe: 1.32
  [ 70%] 700/1000 trials — best sharpe: 1.32
  [ 72%] 725/1000 trials — best sharpe: 1.32
  [ 75%] 750/1000 trials — best sharpe: 1.32
  [ 77%] 775/1000 trials — best sharpe: 1.32
  [ 80%] 800/1000 trials — best sharpe: 1.32
  [ 82%] 825/1000 trials — best sharpe: 1.32
  [ 85%] 850/1000 trials — best sharpe: 1.32
  [ 87%] 875/1000 trials — best sharpe: 1.32
  [ 90%] 900/1000 trials — best sharpe: 1.32
  [ 92%] 925/1000 trials — best sharpe: 1.32
  [ 95%] 950/1000 trials — best sharpe: 1.32
  [ 97%] 975/1000 trials — best sharpe: 1.32
  [100%] 1000/1000 trials — best sharpe: 1.32
Optimization complete — best sharpe: 1.32
  Max drawdown: 16.53% | Sharpe: 1.32 | Win rate: 59.70%
restart 2/4 (as of 2021-03-12)
Optimizing 2 strategies over 2015-07-28 to 2021-03-11
  objective: sharpe | train window: 2015-07-28 → 2021-03-11
  1000 trials across 5 workers
  [  2%] 25/1000 trials — best sharpe: 1.23
  [  5%] 50/1000 trials — best sharpe: 1.28
  [  7%] 75/1000 trials — best sharpe: 1.29
  [ 10%] 100/1000 trials — best sharpe: 1.29
  [ 12%] 125/1000 trials — best sharpe: 1.29
  [ 15%] 150/1000 trials — best sharpe: 1.29
  [ 17%] 175/1000 trials — best sharpe: 1.29
  [ 20%] 200/1000 trials — best sharpe: 1.29
  [ 22%] 225/1000 trials — best sharpe: 1.29
  [ 25%] 250/1000 trials — best sharpe: 1.29
  [ 27%] 275/1000 trials — best sharpe: 1.30
  [ 30%] 300/1000 trials — best sharpe: 1.30
  [ 32%] 325/1000 trials — best sharpe: 1.30
  [ 35%] 350/1000 trials — best sharpe: 1.30
  [ 37%] 375/1000 trials — best sharpe: 1.30
  [ 40%] 400/1000 trials — best sharpe: 1.30
  [ 42%] 425/1000 trials — best sharpe: 1.30
  [ 45%] 450/1000 trials — best sharpe: 1.30
  [ 47%] 475/1000 trials — best sharpe: 1.30
  [ 50%] 500/1000 trials — best sharpe: 1.30
  [ 52%] 525/1000 trials — best sharpe: 1.30
  [ 55%] 550/1000 trials — best sharpe: 1.30
  [ 57%] 575/1000 trials — best sharpe: 1.30
  [ 60%] 600/1000 trials — best sharpe: 1.30
  [ 62%] 625/1000 trials — best sharpe: 1.30
  [ 65%] 650/1000 trials — best sharpe: 1.30
  [ 67%] 675/1000 trials — best sharpe: 1.30
  [ 70%] 700/1000 trials — best sharpe: 1.30
  [ 72%] 725/1000 trials — best sharpe: 1.30
  [ 75%] 750/1000 trials — best sharpe: 1.30
  [ 77%] 775/1000 trials — best sharpe: 1.30
  [ 80%] 800/1000 trials — best sharpe: 1.30
  [ 82%] 825/1000 trials — best sharpe: 1.30
  [ 85%] 850/1000 trials — best sharpe: 1.30
  [ 87%] 875/1000 trials — best sharpe: 1.31
  [ 90%] 900/1000 trials — best sharpe: 1.31
  [ 92%] 925/1000 trials — best sharpe: 1.31
  [ 95%] 950/1000 trials — best sharpe: 1.31
  [ 97%] 975/1000 trials — best sharpe: 1.31
  [100%] 1000/1000 trials — best sharpe: 1.31
Optimization complete — best sharpe: 1.31
  Max drawdown: 15.35% | Sharpe: 1.31 | Win rate: 64.71%
restart 3/4 (as of 2021-03-12)
Optimizing 2 strategies over 2015-07-28 to 2021-03-11
  objective: sharpe | train window: 2015-07-28 → 2021-03-11
  1000 trials across 5 workers
  [  2%] 25/1000 trials — best sharpe: 1.19
  [  5%] 50/1000 trials — best sharpe: 1.28
  [  7%] 75/1000 trials — best sharpe: 1.28
  [ 10%] 100/1000 trials — best sharpe: 1.32
  [ 12%] 125/1000 trials — best sharpe: 1.32
  [ 15%] 150/1000 trials — best sharpe: 1.32
  [ 17%] 175/1000 trials — best sharpe: 1.32
  [ 20%] 200/1000 trials — best sharpe: 1.32
  [ 22%] 225/1000 trials — best sharpe: 1.32
  [ 25%] 250/1000 trials — best sharpe: 1.32
  [ 27%] 275/1000 trials — best sharpe: 1.32
  [ 30%] 300/1000 trials — best sharpe: 1.32
  [ 32%] 325/1000 trials — best sharpe: 1.32
  [ 35%] 350/1000 trials — best sharpe: 1.32
  [ 37%] 375/1000 trials — best sharpe: 1.32
  [ 40%] 400/1000 trials — best sharpe: 1.32
  [ 42%] 425/1000 trials — best sharpe: 1.32
  [ 45%] 450/1000 trials — best sharpe: 1.32
  [ 47%] 475/1000 trials — best sharpe: 1.32
  [ 50%] 500/1000 trials — best sharpe: 1.32
  [ 52%] 525/1000 trials — best sharpe: 1.32
  [ 55%] 550/1000 trials — best sharpe: 1.32
  [ 57%] 575/1000 trials — best sharpe: 1.32
  [ 60%] 600/1000 trials — best sharpe: 1.32
  [ 62%] 625/1000 trials — best sharpe: 1.32
  [ 65%] 650/1000 trials — best sharpe: 1.32
  [ 67%] 675/1000 trials — best sharpe: 1.32
  [ 70%] 700/1000 trials — best sharpe: 1.32
  [ 72%] 725/1000 trials — best sharpe: 1.32
  [ 75%] 750/1000 trials — best sharpe: 1.33
  [ 77%] 775/1000 trials — best sharpe: 1.33
  [ 80%] 800/1000 trials — best sharpe: 1.33
  [ 82%] 825/1000 trials — best sharpe: 1.33
  [ 85%] 850/1000 trials — best sharpe: 1.33
  [ 87%] 875/1000 trials — best sharpe: 1.33
  [ 90%] 900/1000 trials — best sharpe: 1.33
  [ 92%] 925/1000 trials — best sharpe: 1.33
  [ 95%] 950/1000 trials — best sharpe: 1.33
  [ 97%] 975/1000 trials — best sharpe: 1.33
  [100%] 1000/1000 trials — best sharpe: 1.33
Optimization complete — best sharpe: 1.33
  Max drawdown: 15.44% | Sharpe: 1.33 | Win rate: 60.87%
restart 4/4 (as of 2021-03-12)
Optimizing 2 strategies over 2015-07-28 to 2021-03-11
  objective: sharpe | train window: 2015-07-28 → 2021-03-11
  1000 trials across 5 workers
  [  2%] 25/1000 trials — best sharpe: 1.19
  [  5%] 50/1000 trials — best sharpe: 1.19
  [  7%] 75/1000 trials — best sharpe: 1.25
  [ 10%] 100/1000 trials — best sharpe: 1.26
  [ 12%] 125/1000 trials — best sharpe: 1.26
  [ 15%] 150/1000 trials — best sharpe: 1.26
  [ 17%] 175/1000 trials — best sharpe: 1.26
  [ 20%] 200/1000 trials — best sharpe: 1.26
  [ 22%] 225/1000 trials — best sharpe: 1.28
  [ 25%] 250/1000 trials — best sharpe: 1.28
  [ 27%] 275/1000 trials — best sharpe: 1.30
  [ 30%] 300/1000 trials — best sharpe: 1.30
  [ 32%] 325/1000 trials — best sharpe: 1.30
  [ 35%] 350/1000 trials — best sharpe: 1.30
  [ 37%] 375/1000 trials — best sharpe: 1.30
  [ 40%] 400/1000 trials — best sharpe: 1.30
  [ 42%] 425/1000 trials — best sharpe: 1.30
  [ 45%] 450/1000 trials — best sharpe: 1.31
  [ 47%] 475/1000 trials — best sharpe: 1.31
  [ 50%] 500/1000 trials — best sharpe: 1.31
  [ 52%] 525/1000 trials — best sharpe: 1.31
  [ 55%] 550/1000 trials — best sharpe: 1.31
  [ 57%] 575/1000 trials — best sharpe: 1.31
  [ 60%] 600/1000 trials — best sharpe: 1.31
  [ 62%] 625/1000 trials — best sharpe: 1.31
  [ 65%] 650/1000 trials — best sharpe: 1.31
  [ 67%] 675/1000 trials — best sharpe: 1.31
  [ 70%] 700/1000 trials — best sharpe: 1.31
  [ 72%] 725/1000 trials — best sharpe: 1.31
  [ 75%] 750/1000 trials — best sharpe: 1.31
  [ 77%] 775/1000 trials — best sharpe: 1.31
  [ 80%] 800/1000 trials — best sharpe: 1.31
  [ 82%] 825/1000 trials — best sharpe: 1.31
  [ 85%] 850/1000 trials — best sharpe: 1.31
  [ 87%] 875/1000 trials — best sharpe: 1.31
  [ 90%] 900/1000 trials — best sharpe: 1.31
  [ 92%] 925/1000 trials — best sharpe: 1.31
  [ 95%] 950/1000 trials — best sharpe: 1.31
  [ 97%] 975/1000 trials — best sharpe: 1.31
  [100%] 1000/1000 trials — best sharpe: 1.31
Optimization complete — best sharpe: 1.31
  Max drawdown: 15.50% | Sharpe: 1.31 | Win rate: 62.50%
Fold 2/13: test 2021-06-11 → 2021-09-09
Fold 3/13: test 2021-09-10 → 2021-12-08
Fold 4/13: test 2021-12-09 → 2022-03-10
Fold 5/13: test 2022-03-11 → 2022-06-09
Fold 6/13: test 2022-06-10 → 2022-09-09
Fold 7/13: test 2022-09-12 → 2022-12-08
Fold 8/13: test 2022-12-09 → 2023-03-13
Fold 9/13: test 2023-03-14 → 2023-06-12
Fold 10/13: test 2023-06-13 → 2023-09-12
Fold 11/13: test 2023-09-13 → 2023-12-11
Fold 12/13: test 2023-12-12 → 2024-03-13
Fold 13/13: test 2024-03-14 → 2024-08-27
cell 4/32 done in 4m (elapsed 17m; ~116m remaining at the mean cell pace — 
frozen cells run far faster than re-fit cells)
sweep: best on etf, seed base 46 [cell 5/32]
Fold 1/13: test 2021-03-12 → 2021-06-10
restart 1/4 (as of 2021-03-12)
Optimizing 2 strategies over 2015-07-28 to 2021-03-11
  objective: sharpe | train window: 2015-07-28 → 2021-03-11
  1000 trials across 5 workers
  [  2%] 25/1000 trials — best sharpe: 1.25
  [  5%] 50/1000 trials — best sharpe: 1.28
  [  7%] 75/1000 trials — best sharpe: 1.28
  [ 10%] 100/1000 trials — best sharpe: 1.31
  [ 12%] 125/1000 trials — best sharpe: 1.31
  [ 15%] 150/1000 trials — best sharpe: 1.32
  [ 17%] 175/1000 trials — best sharpe: 1.32
  [ 20%] 200/1000 trials — best sharpe: 1.32
  [ 22%] 225/1000 trials — best sharpe: 1.32
  [ 25%] 250/1000 trials — best sharpe: 1.32
  [ 27%] 275/1000 trials — best sharpe: 1.32
  [ 30%] 300/1000 trials — best sharpe: 1.32
  [ 32%] 325/1000 trials — best sharpe: 1.32
  [ 35%] 350/1000 trials — best sharpe: 1.32
  [ 37%] 375/1000 trials — best sharpe: 1.32
  [ 40%] 400/1000 trials — best sharpe: 1.32
  [ 42%] 425/1000 trials — best sharpe: 1.32
  [ 45%] 450/1000 trials — best sharpe: 1.32
  [ 47%] 475/1000 trials — best sharpe: 1.32
  [ 50%] 500/1000 trials — best sharpe: 1.32
  [ 52%] 525/1000 trials — best sharpe: 1.32
  [ 55%] 550/1000 trials — best sharpe: 1.32
  [ 57%] 575/1000 trials — best sharpe: 1.32
  [ 60%] 600/1000 trials — best sharpe: 1.32
  [ 62%] 625/1000 trials — best sharpe: 1.32
  [ 65%] 650/1000 trials — best sharpe: 1.32
  [ 67%] 675/1000 trials — best sharpe: 1.32
  [ 70%] 700/1000 trials — best sharpe: 1.32
  [ 72%] 725/1000 trials — best sharpe: 1.32
  [ 75%] 750/1000 trials — best sharpe: 1.32
  [ 77%] 775/1000 trials — best sharpe: 1.32
  [ 80%] 800/1000 trials — best sharpe: 1.32
  [ 82%] 825/1000 trials — best sharpe: 1.32
  [ 85%] 850/1000 trials — best sharpe: 1.32
  [ 87%] 875/1000 trials — best sharpe: 1.32
  [ 90%] 900/1000 trials — best sharpe: 1.32
  [ 92%] 925/1000 trials — best sharpe: 1.32
  [ 95%] 950/1000 trials — best sharpe: 1.32
  [ 97%] 975/1000 trials — best sharpe: 1.32
  [100%] 1000/1000 trials — best sharpe: 1.32
Optimization complete — best sharpe: 1.32
  Max drawdown: 15.45% | Sharpe: 1.32 | Win rate: 63.38%
restart 2/4 (as of 2021-03-12)
Optimizing 2 strategies over 2015-07-28 to 2021-03-11
  objective: sharpe | train window: 2015-07-28 → 2021-03-11
  1000 trials across 5 workers
  [  2%] 25/1000 trials — best sharpe: 1.22
  [  5%] 50/1000 trials — best sharpe: 1.25
  [  7%] 75/1000 trials — best sharpe: 1.26
  [ 10%] 100/1000 trials — best sharpe: 1.29
  [ 12%] 125/1000 trials — best sharpe: 1.29
  [ 15%] 150/1000 trials — best sharpe: 1.29
  [ 17%] 175/1000 trials — best sharpe: 1.29
  [ 20%] 200/1000 trials — best sharpe: 1.29
  [ 22%] 225/1000 trials — best sharpe: 1.29
  [ 25%] 250/1000 trials — best sharpe: 1.29
  [ 27%] 275/1000 trials — best sharpe: 1.29
  [ 30%] 300/1000 trials — best sharpe: 1.29
  [ 32%] 325/1000 trials — best sharpe: 1.29
  [ 35%] 350/1000 trials — best sharpe: 1.29
  [ 37%] 375/1000 trials — best sharpe: 1.29
  [ 40%] 400/1000 trials — best sharpe: 1.29
  [ 42%] 425/1000 trials — best sharpe: 1.29
  [ 45%] 450/1000 trials — best sharpe: 1.29
  [ 47%] 475/1000 trials — best sharpe: 1.29
  [ 50%] 500/1000 trials — best sharpe: 1.29
  [ 52%] 525/1000 trials — best sharpe: 1.29
  [ 55%] 550/1000 trials — best sharpe: 1.29
  [ 57%] 575/1000 trials — best sharpe: 1.29
  [ 60%] 600/1000 trials — best sharpe: 1.29
  [ 62%] 625/1000 trials — best sharpe: 1.29
  [ 65%] 650/1000 trials — best sharpe: 1.29
  [ 67%] 675/1000 trials — best sharpe: 1.29
  [ 70%] 700/1000 trials — best sharpe: 1.29
  [ 72%] 725/1000 trials — best sharpe: 1.29
  [ 75%] 750/1000 trials — best sharpe: 1.29
  [ 77%] 775/1000 trials — best sharpe: 1.29
  [ 80%] 800/1000 trials — best sharpe: 1.29
  [ 82%] 825/1000 trials — best sharpe: 1.29
  [ 85%] 850/1000 trials — best sharpe: 1.29
  [ 87%] 875/1000 trials — best sharpe: 1.29
  [ 90%] 900/1000 trials — best sharpe: 1.29
  [ 92%] 925/1000 trials — best sharpe: 1.29
  [ 95%] 950/1000 trials — best sharpe: 1.29
  [ 97%] 975/1000 trials — best sharpe: 1.29
  [100%] 1000/1000 trials — best sharpe: 1.29
Optimization complete — best sharpe: 1.29
  Max drawdown: 15.96% | Sharpe: 1.29 | Win rate: 66.20%
restart 3/4 (as of 2021-03-12)
Optimizing 2 strategies over 2015-07-28 to 2021-03-11
  objective: sharpe | train window: 2015-07-28 → 2021-03-11
  1000 trials across 5 workers
  [  2%] 25/1000 trials — best sharpe: 1.26
  [  5%] 50/1000 trials — best sharpe: 1.26
  [  7%] 75/1000 trials — best sharpe: 1.26
  [ 10%] 100/1000 trials — best sharpe: 1.26
  [ 12%] 125/1000 trials — best sharpe: 1.29
  [ 15%] 150/1000 trials — best sharpe: 1.29
  [ 17%] 175/1000 trials — best sharpe: 1.29
  [ 20%] 200/1000 trials — best sharpe: 1.29
  [ 22%] 225/1000 trials — best sharpe: 1.29
  [ 25%] 250/1000 trials — best sharpe: 1.29
  [ 27%] 275/1000 trials — best sharpe: 1.29
  [ 30%] 300/1000 trials — best sharpe: 1.29
  [ 32%] 325/1000 trials — best sharpe: 1.29
  [ 35%] 350/1000 trials — best sharpe: 1.31
  [ 37%] 375/1000 trials — best sharpe: 1.31
  [ 40%] 400/1000 trials — best sharpe: 1.31
  [ 42%] 425/1000 trials — best sharpe: 1.31
  [ 45%] 450/1000 trials — best sharpe: 1.31
  [ 47%] 475/1000 trials — best sharpe: 1.31
  [ 50%] 500/1000 trials — best sharpe: 1.31
  [ 52%] 525/1000 trials — best sharpe: 1.31
  [ 55%] 550/1000 trials — best sharpe: 1.31
  [ 57%] 575/1000 trials — best sharpe: 1.31
  [ 60%] 600/1000 trials — best sharpe: 1.31
  [ 62%] 625/1000 trials — best sharpe: 1.31
  [ 65%] 650/1000 trials — best sharpe: 1.31
  [ 67%] 675/1000 trials — best sharpe: 1.31
  [ 70%] 700/1000 trials — best sharpe: 1.31
  [ 72%] 725/1000 trials — best sharpe: 1.31
  [ 75%] 750/1000 trials — best sharpe: 1.31
  [ 77%] 775/1000 trials — best sharpe: 1.31
  [ 80%] 800/1000 trials — best sharpe: 1.31
  [ 82%] 825/1000 trials — best sharpe: 1.31
  [ 85%] 850/1000 trials — best sharpe: 1.31
  [ 87%] 875/1000 trials — best sharpe: 1.31
  [ 90%] 900/1000 trials — best sharpe: 1.31
  [ 92%] 925/1000 trials — best sharpe: 1.31
  [ 95%] 950/1000 trials — best sharpe: 1.31
  [ 97%] 975/1000 trials — best sharpe: 1.31
  [100%] 1000/1000 trials — best sharpe: 1.31
Optimization complete — best sharpe: 1.31
  Max drawdown: 15.82% | Sharpe: 1.31 | Win rate: 62.69%
restart 4/4 (as of 2021-03-12)
Optimizing 2 strategies over 2015-07-28 to 2021-03-11
  objective: sharpe | train window: 2015-07-28 → 2021-03-11
  1000 trials across 5 workers
  [  2%] 25/1000 trials — best sharpe: 1.23
  [  5%] 50/1000 trials — best sharpe: 1.23
  [  7%] 75/1000 trials — best sharpe: 1.24
  [ 10%] 100/1000 trials — best sharpe: 1.27
  [ 12%] 125/1000 trials — best sharpe: 1.29
  [ 15%] 150/1000 trials — best sharpe: 1.29
  [ 17%] 175/1000 trials — best sharpe: 1.29
  [ 20%] 200/1000 trials — best sharpe: 1.29
  [ 22%] 225/1000 trials — best sharpe: 1.30
  [ 25%] 250/1000 trials — best sharpe: 1.30
  [ 27%] 275/1000 trials — best sharpe: 1.30
  [ 30%] 300/1000 trials — best sharpe: 1.30
  [ 32%] 325/1000 trials — best sharpe: 1.30
  [ 35%] 350/1000 trials — best sharpe: 1.30
  [ 37%] 375/1000 trials — best sharpe: 1.30
  [ 40%] 400/1000 trials — best sharpe: 1.30
  [ 42%] 425/1000 trials — best sharpe: 1.30
  [ 45%] 450/1000 trials — best sharpe: 1.30
  [ 47%] 475/1000 trials — best sharpe: 1.30
  [ 50%] 500/1000 trials — best sharpe: 1.30
  [ 52%] 525/1000 trials — best sharpe: 1.30
  [ 55%] 550/1000 trials — best sharpe: 1.30
  [ 57%] 575/1000 trials — best sharpe: 1.30
  [ 60%] 600/1000 trials — best sharpe: 1.30
  [ 62%] 625/1000 trials — best sharpe: 1.30
  [ 65%] 650/1000 trials — best sharpe: 1.30
  [ 67%] 675/1000 trials — best sharpe: 1.30
  [ 70%] 700/1000 trials — best sharpe: 1.30
  [ 72%] 725/1000 trials — best sharpe: 1.30
  [ 75%] 750/1000 trials — best sharpe: 1.30
  [ 77%] 775/1000 trials — best sharpe: 1.30
  [ 80%] 800/1000 trials — best sharpe: 1.30
  [ 82%] 825/1000 trials — best sharpe: 1.30
  [ 85%] 850/1000 trials — best sharpe: 1.30
  [ 87%] 875/1000 trials — best sharpe: 1.30
  [ 90%] 900/1000 trials — best sharpe: 1.30
  [ 92%] 925/1000 trials — best sharpe: 1.30
  [ 95%] 950/1000 trials — best sharpe: 1.30
  [ 97%] 975/1000 trials — best sharpe: 1.30
  [100%] 1000/1000 trials — best sharpe: 1.30
Optimization complete — best sharpe: 1.30
  Max drawdown: 15.39% | Sharpe: 1.30 | Win rate: 67.14%
Fold 2/13: test 2021-06-11 → 2021-09-09
Fold 3/13: test 2021-09-10 → 2021-12-08
Fold 4/13: test 2021-12-09 → 2022-03-10
Fold 5/13: test 2022-03-11 → 2022-06-09
Fold 6/13: test 2022-06-10 → 2022-09-09
Fold 7/13: test 2022-09-12 → 2022-12-08
Fold 8/13: test 2022-12-09 → 2023-03-13
Fold 9/13: test 2023-03-14 → 2023-06-12
Fold 10/13: test 2023-06-13 → 2023-09-12
Fold 11/13: test 2023-09-13 → 2023-12-11
Fold 12/13: test 2023-12-12 → 2024-03-13
Fold 13/13: test 2024-03-14 → 2024-08-27
cell 5/32 done in 4m (elapsed 21m; ~112m remaining at the mean cell pace — 
frozen cells run far faster than re-fit cells)
sweep: best on etf, seed base 47 [cell 6/32]
Fold 1/13: test 2021-03-12 → 2021-06-10
restart 1/4 (as of 2021-03-12)
Optimizing 2 strategies over 2015-07-28 to 2021-03-11
  objective: sharpe | train window: 2015-07-28 → 2021-03-11
  1000 trials across 5 workers
  [  2%] 25/1000 trials — best sharpe: 1.29
  [  5%] 50/1000 trials — best sharpe: 1.29
  [  7%] 75/1000 trials — best sharpe: 1.29
  [ 10%] 100/1000 trials — best sharpe: 1.29
  [ 12%] 125/1000 trials — best sharpe: 1.29
  [ 15%] 150/1000 trials — best sharpe: 1.29
  [ 17%] 175/1000 trials — best sharpe: 1.29
  [ 20%] 200/1000 trials — best sharpe: 1.29
  [ 22%] 225/1000 trials — best sharpe: 1.29
  [ 25%] 250/1000 trials — best sharpe: 1.29
  [ 27%] 275/1000 trials — best sharpe: 1.30
  [ 30%] 300/1000 trials — best sharpe: 1.30
  [ 32%] 325/1000 trials — best sharpe: 1.30
  [ 35%] 350/1000 trials — best sharpe: 1.30
  [ 37%] 375/1000 trials — best sharpe: 1.30
  [ 40%] 400/1000 trials — best sharpe: 1.30
  [ 42%] 425/1000 trials — best sharpe: 1.30
  [ 45%] 450/1000 trials — best sharpe: 1.30
  [ 47%] 475/1000 trials — best sharpe: 1.30
  [ 50%] 500/1000 trials — best sharpe: 1.30
  [ 52%] 525/1000 trials — best sharpe: 1.30
  [ 55%] 550/1000 trials — best sharpe: 1.30
  [ 57%] 575/1000 trials — best sharpe: 1.30
  [ 60%] 600/1000 trials — best sharpe: 1.30
  [ 62%] 625/1000 trials — best sharpe: 1.30
  [ 65%] 650/1000 trials — best sharpe: 1.30
  [ 67%] 675/1000 trials — best sharpe: 1.33
  [ 70%] 700/1000 trials — best sharpe: 1.33
  [ 72%] 725/1000 trials — best sharpe: 1.33
  [ 75%] 750/1000 trials — best sharpe: 1.33
  [ 77%] 775/1000 trials — best sharpe: 1.33
  [ 80%] 800/1000 trials — best sharpe: 1.33
  [ 82%] 825/1000 trials — best sharpe: 1.33
  [ 85%] 850/1000 trials — best sharpe: 1.33
  [ 87%] 875/1000 trials — best sharpe: 1.33
  [ 90%] 900/1000 trials — best sharpe: 1.33
  [ 92%] 925/1000 trials — best sharpe: 1.33
  [ 95%] 950/1000 trials — best sharpe: 1.33
  [ 97%] 975/1000 trials — best sharpe: 1.33
  [100%] 1000/1000 trials — best sharpe: 1.33
Optimization complete — best sharpe: 1.33
  Max drawdown: 15.47% | Sharpe: 1.33 | Win rate: 67.12%
restart 2/4 (as of 2021-03-12)
Optimizing 2 strategies over 2015-07-28 to 2021-03-11
  objective: sharpe | train window: 2015-07-28 → 2021-03-11
  1000 trials across 5 workers
  [  2%] 25/1000 trials — best sharpe: 1.27
  [  5%] 50/1000 trials — best sharpe: 1.27
  [  7%] 75/1000 trials — best sharpe: 1.28
  [ 10%] 100/1000 trials — best sharpe: 1.28
  [ 12%] 125/1000 trials — best sharpe: 1.28
  [ 15%] 150/1000 trials — best sharpe: 1.28
  [ 17%] 175/1000 trials — best sharpe: 1.29
  [ 20%] 200/1000 trials — best sharpe: 1.29
  [ 22%] 225/1000 trials — best sharpe: 1.29
  [ 25%] 250/1000 trials — best sharpe: 1.29
  [ 27%] 275/1000 trials — best sharpe: 1.29
  [ 30%] 300/1000 trials — best sharpe: 1.29
  [ 32%] 325/1000 trials — best sharpe: 1.29
  [ 35%] 350/1000 trials — best sharpe: 1.29
  [ 37%] 375/1000 trials — best sharpe: 1.32
  [ 40%] 400/1000 trials — best sharpe: 1.32
  [ 42%] 425/1000 trials — best sharpe: 1.32
  [ 45%] 450/1000 trials — best sharpe: 1.32
  [ 47%] 475/1000 trials — best sharpe: 1.32
  [ 50%] 500/1000 trials — best sharpe: 1.32
  [ 52%] 525/1000 trials — best sharpe: 1.32
  [ 55%] 550/1000 trials — best sharpe: 1.32
  [ 57%] 575/1000 trials — best sharpe: 1.32
  [ 60%] 600/1000 trials — best sharpe: 1.32
  [ 62%] 625/1000 trials — best sharpe: 1.32
  [ 65%] 650/1000 trials — best sharpe: 1.32
  [ 67%] 675/1000 trials — best sharpe: 1.32
  [ 70%] 700/1000 trials — best sharpe: 1.32
  [ 72%] 725/1000 trials — best sharpe: 1.32
  [ 75%] 750/1000 trials — best sharpe: 1.32
  [ 77%] 775/1000 trials — best sharpe: 1.32
  [ 80%] 800/1000 trials — best sharpe: 1.32
  [ 82%] 825/1000 trials — best sharpe: 1.32
  [ 85%] 850/1000 trials — best sharpe: 1.33
  [ 87%] 875/1000 trials — best sharpe: 1.33
  [ 90%] 900/1000 trials — best sharpe: 1.33
  [ 92%] 925/1000 trials — best sharpe: 1.33
  [ 95%] 950/1000 trials — best sharpe: 1.33
  [ 97%] 975/1000 trials — best sharpe: 1.33
  [100%] 1000/1000 trials — best sharpe: 1.33
Optimization complete — best sharpe: 1.33
  Max drawdown: 15.53% | Sharpe: 1.33 | Win rate: 59.09%
restart 3/4 (as of 2021-03-12)
Optimizing 2 strategies over 2015-07-28 to 2021-03-11
  objective: sharpe | train window: 2015-07-28 → 2021-03-11
  1000 trials across 5 workers
  [  2%] 25/1000 trials — best sharpe: 1.21
  [  5%] 50/1000 trials — best sharpe: 1.29
  [  7%] 75/1000 trials — best sharpe: 1.29
  [ 10%] 100/1000 trials — best sharpe: 1.29
  [ 12%] 125/1000 trials — best sharpe: 1.29
  [ 15%] 150/1000 trials — best sharpe: 1.29
  [ 17%] 175/1000 trials — best sharpe: 1.29
  [ 20%] 200/1000 trials — best sharpe: 1.29
  [ 22%] 225/1000 trials — best sharpe: 1.29
  [ 25%] 250/1000 trials — best sharpe: 1.29
  [ 27%] 275/1000 trials — best sharpe: 1.29
  [ 30%] 300/1000 trials — best sharpe: 1.29
  [ 32%] 325/1000 trials — best sharpe: 1.29
  [ 35%] 350/1000 trials — best sharpe: 1.29
  [ 37%] 375/1000 trials — best sharpe: 1.29
  [ 40%] 400/1000 trials — best sharpe: 1.29
  [ 42%] 425/1000 trials — best sharpe: 1.29
  [ 45%] 450/1000 trials — best sharpe: 1.29
  [ 47%] 475/1000 trials — best sharpe: 1.29
  [ 50%] 500/1000 trials — best sharpe: 1.29
  [ 52%] 525/1000 trials — best sharpe: 1.29
  [ 55%] 550/1000 trials — best sharpe: 1.29
  [ 57%] 575/1000 trials — best sharpe: 1.29
  [ 60%] 600/1000 trials — best sharpe: 1.29
  [ 62%] 625/1000 trials — best sharpe: 1.29
  [ 65%] 650/1000 trials — best sharpe: 1.29
  [ 67%] 675/1000 trials — best sharpe: 1.29
  [ 70%] 700/1000 trials — best sharpe: 1.29
  [ 72%] 725/1000 trials — best sharpe: 1.29
  [ 75%] 750/1000 trials — best sharpe: 1.29
  [ 77%] 775/1000 trials — best sharpe: 1.29
  [ 80%] 800/1000 trials — best sharpe: 1.29
  [ 82%] 825/1000 trials — best sharpe: 1.29
  [ 85%] 850/1000 trials — best sharpe: 1.29
  [ 87%] 875/1000 trials — best sharpe: 1.29
  [ 90%] 900/1000 trials — best sharpe: 1.29
  [ 92%] 925/1000 trials — best sharpe: 1.29
  [ 95%] 950/1000 trials — best sharpe: 1.29
  [ 97%] 975/1000 trials — best sharpe: 1.29
  [100%] 1000/1000 trials — best sharpe: 1.29
Optimization complete — best sharpe: 1.29
  Max drawdown: 15.45% | Sharpe: 1.29 | Win rate: 62.16%
restart 4/4 (as of 2021-03-12)
Optimizing 2 strategies over 2015-07-28 to 2021-03-11
  objective: sharpe | train window: 2015-07-28 → 2021-03-11
  1000 trials across 5 workers
  [  2%] 25/1000 trials — best sharpe: 1.29
  [  5%] 50/1000 trials — best sharpe: 1.29
  [  7%] 75/1000 trials — best sharpe: 1.29
  [ 10%] 100/1000 trials — best sharpe: 1.29
  [ 12%] 125/1000 trials — best sharpe: 1.29
  [ 15%] 150/1000 trials — best sharpe: 1.29
  [ 17%] 175/1000 trials — best sharpe: 1.29
  [ 20%] 200/1000 trials — best sharpe: 1.29
  [ 22%] 225/1000 trials — best sharpe: 1.29
  [ 25%] 250/1000 trials — best sharpe: 1.29
  [ 27%] 275/1000 trials — best sharpe: 1.29
  [ 30%] 300/1000 trials — best sharpe: 1.29
  [ 32%] 325/1000 trials — best sharpe: 1.29
  [ 35%] 350/1000 trials — best sharpe: 1.29
  [ 37%] 375/1000 trials — best sharpe: 1.29
  [ 40%] 400/1000 trials — best sharpe: 1.29
  [ 42%] 425/1000 trials — best sharpe: 1.29
  [ 45%] 450/1000 trials — best sharpe: 1.29
  [ 47%] 475/1000 trials — best sharpe: 1.31
  [ 50%] 500/1000 trials — best sharpe: 1.31
  [ 52%] 525/1000 trials — best sharpe: 1.31
  [ 55%] 550/1000 trials — best sharpe: 1.31
  [ 57%] 575/1000 trials — best sharpe: 1.31
  [ 60%] 600/1000 trials — best sharpe: 1.32
  [ 62%] 625/1000 trials — best sharpe: 1.32
  [ 65%] 650/1000 trials — best sharpe: 1.34
  [ 67%] 675/1000 trials — best sharpe: 1.34
  [ 70%] 700/1000 trials — best sharpe: 1.34
  [ 72%] 725/1000 trials — best sharpe: 1.34
  [ 75%] 750/1000 trials — best sharpe: 1.34
  [ 77%] 775/1000 trials — best sharpe: 1.35
  [ 80%] 800/1000 trials — best sharpe: 1.35
  [ 82%] 825/1000 trials — best sharpe: 1.35
  [ 85%] 850/1000 trials — best sharpe: 1.35
  [ 87%] 875/1000 trials — best sharpe: 1.35
  [ 90%] 900/1000 trials — best sharpe: 1.35
  [ 92%] 925/1000 trials — best sharpe: 1.35
  [ 95%] 950/1000 trials — best sharpe: 1.35
  [ 97%] 975/1000 trials — best sharpe: 1.35
  [100%] 1000/1000 trials — best sharpe: 1.35
Optimization complete — best sharpe: 1.35
  Max drawdown: 14.65% | Sharpe: 1.35 | Win rate: 65.71%
Fold 2/13: test 2021-06-11 → 2021-09-09
Fold 3/13: test 2021-09-10 → 2021-12-08
Fold 4/13: test 2021-12-09 → 2022-03-10
Fold 5/13: test 2022-03-11 → 2022-06-09
Fold 6/13: test 2022-06-10 → 2022-09-09
Fold 7/13: test 2022-09-12 → 2022-12-08
Fold 8/13: test 2022-12-09 → 2023-03-13
Fold 9/13: test 2023-03-14 → 2023-06-12
Fold 10/13: test 2023-06-13 → 2023-09-12
Fold 11/13: test 2023-09-13 → 2023-12-11
Fold 12/13: test 2023-12-12 → 2024-03-13
Fold 13/13: test 2024-03-14 → 2024-08-27
cell 6/32 done in 4m (elapsed 25m; ~109m remaining at the mean cell pace — 
frozen cells run far faster than re-fit cells)
sweep: best on etf, seed base 48 [cell 7/32]
Fold 1/13: test 2021-03-12 → 2021-06-10
restart 1/4 (as of 2021-03-12)
Optimizing 2 strategies over 2015-07-28 to 2021-03-11
  objective: sharpe | train window: 2015-07-28 → 2021-03-11
  1000 trials across 5 workers
  [  2%] 25/1000 trials — best sharpe: 1.17
  [  5%] 50/1000 trials — best sharpe: 1.22
  [  7%] 75/1000 trials — best sharpe: 1.26
  [ 10%] 100/1000 trials — best sharpe: 1.26
  [ 12%] 125/1000 trials — best sharpe: 1.26
  [ 15%] 150/1000 trials — best sharpe: 1.28
  [ 17%] 175/1000 trials — best sharpe: 1.28
  [ 20%] 200/1000 trials — best sharpe: 1.30
  [ 22%] 225/1000 trials — best sharpe: 1.30
  [ 25%] 250/1000 trials — best sharpe: 1.30
  [ 27%] 275/1000 trials — best sharpe: 1.30
  [ 30%] 300/1000 trials — best sharpe: 1.30
  [ 32%] 325/1000 trials — best sharpe: 1.30
  [ 35%] 350/1000 trials — best sharpe: 1.30
  [ 37%] 375/1000 trials — best sharpe: 1.30
  [ 40%] 400/1000 trials — best sharpe: 1.30
  [ 42%] 425/1000 trials — best sharpe: 1.30
  [ 45%] 450/1000 trials — best sharpe: 1.30
  [ 47%] 475/1000 trials — best sharpe: 1.30
  [ 50%] 500/1000 trials — best sharpe: 1.30
  [ 52%] 525/1000 trials — best sharpe: 1.30
  [ 55%] 550/1000 trials — best sharpe: 1.30
  [ 57%] 575/1000 trials — best sharpe: 1.30
  [ 60%] 600/1000 trials — best sharpe: 1.30
  [ 62%] 625/1000 trials — best sharpe: 1.30
  [ 65%] 650/1000 trials — best sharpe: 1.30
  [ 67%] 675/1000 trials — best sharpe: 1.30
  [ 70%] 700/1000 trials — best sharpe: 1.30
  [ 72%] 725/1000 trials — best sharpe: 1.30
  [ 75%] 750/1000 trials — best sharpe: 1.30
  [ 77%] 775/1000 trials — best sharpe: 1.30
  [ 80%] 800/1000 trials — best sharpe: 1.30
  [ 82%] 825/1000 trials — best sharpe: 1.30
  [ 85%] 850/1000 trials — best sharpe: 1.30
  [ 87%] 875/1000 trials — best sharpe: 1.30
  [ 90%] 900/1000 trials — best sharpe: 1.30
  [ 92%] 925/1000 trials — best sharpe: 1.30
  [ 95%] 950/1000 trials — best sharpe: 1.30
  [ 97%] 975/1000 trials — best sharpe: 1.30
  [100%] 1000/1000 trials — best sharpe: 1.30
Optimization complete — best sharpe: 1.30
  Max drawdown: 15.66% | Sharpe: 1.30 | Win rate: 64.00%
restart 2/4 (as of 2021-03-12)
Optimizing 2 strategies over 2015-07-28 to 2021-03-11
  objective: sharpe | train window: 2015-07-28 → 2021-03-11
  1000 trials across 5 workers
  [  2%] 25/1000 trials — best sharpe: 1.26
  [  5%] 50/1000 trials — best sharpe: 1.26
  [  7%] 75/1000 trials — best sharpe: 1.29
  [ 10%] 100/1000 trials — best sharpe: 1.29
  [ 12%] 125/1000 trials — best sharpe: 1.30
  [ 15%] 150/1000 trials — best sharpe: 1.30
  [ 17%] 175/1000 trials — best sharpe: 1.30
  [ 20%] 200/1000 trials — best sharpe: 1.30
  [ 22%] 225/1000 trials — best sharpe: 1.31
  [ 25%] 250/1000 trials — best sharpe: 1.31
  [ 27%] 275/1000 trials — best sharpe: 1.31
  [ 30%] 300/1000 trials — best sharpe: 1.31
  [ 32%] 325/1000 trials — best sharpe: 1.31
  [ 35%] 350/1000 trials — best sharpe: 1.31
  [ 37%] 375/1000 trials — best sharpe: 1.31
  [ 40%] 400/1000 trials — best sharpe: 1.31
  [ 42%] 425/1000 trials — best sharpe: 1.31
  [ 45%] 450/1000 trials — best sharpe: 1.31
  [ 47%] 475/1000 trials — best sharpe: 1.31
  [ 50%] 500/1000 trials — best sharpe: 1.31
  [ 52%] 525/1000 trials — best sharpe: 1.31
  [ 55%] 550/1000 trials — best sharpe: 1.31
  [ 57%] 575/1000 trials — best sharpe: 1.31
  [ 60%] 600/1000 trials — best sharpe: 1.31
  [ 62%] 625/1000 trials — best sharpe: 1.31
  [ 65%] 650/1000 trials — best sharpe: 1.31
  [ 67%] 675/1000 trials — best sharpe: 1.31
  [ 70%] 700/1000 trials — best sharpe: 1.31
  [ 72%] 725/1000 trials — best sharpe: 1.31
  [ 75%] 750/1000 trials — best sharpe: 1.31
  [ 77%] 775/1000 trials — best sharpe: 1.31
  [ 80%] 800/1000 trials — best sharpe: 1.31
  [ 82%] 825/1000 trials — best sharpe: 1.31
  [ 85%] 850/1000 trials — best sharpe: 1.31
  [ 87%] 875/1000 trials — best sharpe: 1.31
  [ 90%] 900/1000 trials — best sharpe: 1.31
  [ 92%] 925/1000 trials — best sharpe: 1.31
  [ 95%] 950/1000 trials — best sharpe: 1.31
  [ 97%] 975/1000 trials — best sharpe: 1.31
  [100%] 1000/1000 trials — best sharpe: 1.31
Optimization complete — best sharpe: 1.31
  Max drawdown: 15.95% | Sharpe: 1.31 | Win rate: 67.11%
restart 3/4 (as of 2021-03-12)
Optimizing 2 strategies over 2015-07-28 to 2021-03-11
  objective: sharpe | train window: 2015-07-28 → 2021-03-11
  1000 trials across 5 workers
  [  2%] 25/1000 trials — best sharpe: 1.22
  [  5%] 50/1000 trials — best sharpe: 1.27
  [  7%] 75/1000 trials — best sharpe: 1.28
  [ 10%] 100/1000 trials — best sharpe: 1.28
  [ 12%] 125/1000 trials — best sharpe: 1.28
  [ 15%] 150/1000 trials — best sharpe: 1.30
  [ 17%] 175/1000 trials — best sharpe: 1.30
  [ 20%] 200/1000 trials — best sharpe: 1.30
  [ 22%] 225/1000 trials — best sharpe: 1.30
  [ 25%] 250/1000 trials — best sharpe: 1.30
  [ 27%] 275/1000 trials — best sharpe: 1.30
  [ 30%] 300/1000 trials — best sharpe: 1.30
  [ 32%] 325/1000 trials — best sharpe: 1.30
  [ 35%] 350/1000 trials — best sharpe: 1.30
  [ 37%] 375/1000 trials — best sharpe: 1.30
  [ 40%] 400/1000 trials — best sharpe: 1.30
  [ 42%] 425/1000 trials — best sharpe: 1.30
  [ 45%] 450/1000 trials — best sharpe: 1.30
  [ 47%] 475/1000 trials — best sharpe: 1.30
  [ 50%] 500/1000 trials — best sharpe: 1.30
  [ 52%] 525/1000 trials — best sharpe: 1.30
  [ 55%] 550/1000 trials — best sharpe: 1.30
  [ 57%] 575/1000 trials — best sharpe: 1.30
  [ 60%] 600/1000 trials — best sharpe: 1.30
  [ 62%] 625/1000 trials — best sharpe: 1.30
  [ 65%] 650/1000 trials — best sharpe: 1.30
  [ 67%] 675/1000 trials — best sharpe: 1.30
  [ 70%] 700/1000 trials — best sharpe: 1.30
  [ 72%] 725/1000 trials — best sharpe: 1.33
  [ 75%] 750/1000 trials — best sharpe: 1.34
  [ 77%] 775/1000 trials — best sharpe: 1.34
  [ 80%] 800/1000 trials — best sharpe: 1.34
  [ 82%] 825/1000 trials — best sharpe: 1.34
  [ 85%] 850/1000 trials — best sharpe: 1.34
  [ 87%] 875/1000 trials — best sharpe: 1.34
  [ 90%] 900/1000 trials — best sharpe: 1.34
  [ 92%] 925/1000 trials — best sharpe: 1.34
  [ 95%] 950/1000 trials — best sharpe: 1.34
  [ 97%] 975/1000 trials — best sharpe: 1.34
  [100%] 1000/1000 trials — best sharpe: 1.34
Optimization complete — best sharpe: 1.34
  Max drawdown: 14.53% | Sharpe: 1.34 | Win rate: 63.38%
restart 4/4 (as of 2021-03-12)
Optimizing 2 strategies over 2015-07-28 to 2021-03-11
  objective: sharpe | train window: 2015-07-28 → 2021-03-11
  1000 trials across 5 workers
  [  2%] 25/1000 trials — best sharpe: 1.27
  [  5%] 50/1000 trials — best sharpe: 1.27
  [  7%] 75/1000 trials — best sharpe: 1.27
  [ 10%] 100/1000 trials — best sharpe: 1.29
  [ 12%] 125/1000 trials — best sharpe: 1.32
  [ 15%] 150/1000 trials — best sharpe: 1.32
  [ 17%] 175/1000 trials — best sharpe: 1.32
  [ 20%] 200/1000 trials — best sharpe: 1.32
  [ 22%] 225/1000 trials — best sharpe: 1.32
  [ 25%] 250/1000 trials — best sharpe: 1.32
  [ 27%] 275/1000 trials — best sharpe: 1.32
  [ 30%] 300/1000 trials — best sharpe: 1.32
  [ 32%] 325/1000 trials — best sharpe: 1.32
  [ 35%] 350/1000 trials — best sharpe: 1.32
  [ 37%] 375/1000 trials — best sharpe: 1.32
  [ 40%] 400/1000 trials — best sharpe: 1.32
  [ 42%] 425/1000 trials — best sharpe: 1.32
  [ 45%] 450/1000 trials — best sharpe: 1.32
  [ 47%] 475/1000 trials — best sharpe: 1.32
  [ 50%] 500/1000 trials — best sharpe: 1.32
  [ 52%] 525/1000 trials — best sharpe: 1.32
  [ 55%] 550/1000 trials — best sharpe: 1.32
  [ 57%] 575/1000 trials — best sharpe: 1.32
  [ 60%] 600/1000 trials — best sharpe: 1.32
  [ 62%] 625/1000 trials — best sharpe: 1.32
  [ 65%] 650/1000 trials — best sharpe: 1.32
  [ 67%] 675/1000 trials — best sharpe: 1.32
  [ 70%] 700/1000 trials — best sharpe: 1.32
  [ 72%] 725/1000 trials — best sharpe: 1.32
  [ 75%] 750/1000 trials — best sharpe: 1.32
  [ 77%] 775/1000 trials — best sharpe: 1.32
  [ 80%] 800/1000 trials — best sharpe: 1.32
  [ 82%] 825/1000 trials — best sharpe: 1.32
  [ 85%] 850/1000 trials — best sharpe: 1.32
  [ 87%] 875/1000 trials — best sharpe: 1.32
  [ 90%] 900/1000 trials — best sharpe: 1.32
  [ 92%] 925/1000 trials — best sharpe: 1.32
  [ 95%] 950/1000 trials — best sharpe: 1.32
  [ 97%] 975/1000 trials — best sharpe: 1.32
  [100%] 1000/1000 trials — best sharpe: 1.32
Optimization complete — best sharpe: 1.32
  Max drawdown: 15.48% | Sharpe: 1.32 | Win rate: 64.71%
Fold 2/13: test 2021-06-11 → 2021-09-09
Fold 3/13: test 2021-09-10 → 2021-12-08
Fold 4/13: test 2021-12-09 → 2022-03-10
Fold 5/13: test 2022-03-11 → 2022-06-09
Fold 6/13: test 2022-06-10 → 2022-09-09
Fold 7/13: test 2022-09-12 → 2022-12-08
Fold 8/13: test 2022-12-09 → 2023-03-13
Fold 9/13: test 2023-03-14 → 2023-06-12
Fold 10/13: test 2023-06-13 → 2023-09-12
Fold 11/13: test 2023-09-13 → 2023-12-11
Fold 12/13: test 2023-12-12 → 2024-03-13
Fold 13/13: test 2024-03-14 → 2024-08-27
cell 7/32 done in 4m (elapsed 29m; ~105m remaining at the mean cell pace — 
frozen cells run far faster than re-fit cells)
sweep: best on etf, seed base 49 [cell 8/32]
Fold 1/13: test 2021-03-12 → 2021-06-10
restart 1/4 (as of 2021-03-12)
Optimizing 2 strategies over 2015-07-28 to 2021-03-11
  objective: sharpe | train window: 2015-07-28 → 2021-03-11
  1000 trials across 5 workers
  [  2%] 25/1000 trials — best sharpe: 1.26
  [  5%] 50/1000 trials — best sharpe: 1.26
  [  7%] 75/1000 trials — best sharpe: 1.26
  [ 10%] 100/1000 trials — best sharpe: 1.26
  [ 12%] 125/1000 trials — best sharpe: 1.26
  [ 15%] 150/1000 trials — best sharpe: 1.26
  [ 17%] 175/1000 trials — best sharpe: 1.33
  [ 20%] 200/1000 trials — best sharpe: 1.33
  [ 22%] 225/1000 trials — best sharpe: 1.33
  [ 25%] 250/1000 trials — best sharpe: 1.33
  [ 27%] 275/1000 trials — best sharpe: 1.33
  [ 30%] 300/1000 trials — best sharpe: 1.33
  [ 32%] 325/1000 trials — best sharpe: 1.33
  [ 35%] 350/1000 trials — best sharpe: 1.33
  [ 37%] 375/1000 trials — best sharpe: 1.33
  [ 40%] 400/1000 trials — best sharpe: 1.33
  [ 42%] 425/1000 trials — best sharpe: 1.33
  [ 45%] 450/1000 trials — best sharpe: 1.33
  [ 47%] 475/1000 trials — best sharpe: 1.33
  [ 50%] 500/1000 trials — best sharpe: 1.33
  [ 52%] 525/1000 trials — best sharpe: 1.33
  [ 55%] 550/1000 trials — best sharpe: 1.33
  [ 57%] 575/1000 trials — best sharpe: 1.33
  [ 60%] 600/1000 trials — best sharpe: 1.33
  [ 62%] 625/1000 trials — best sharpe: 1.33
  [ 65%] 650/1000 trials — best sharpe: 1.33
  [ 67%] 675/1000 trials — best sharpe: 1.33
  [ 70%] 700/1000 trials — best sharpe: 1.33
  [ 72%] 725/1000 trials — best sharpe: 1.33
  [ 75%] 750/1000 trials — best sharpe: 1.33
  [ 77%] 775/1000 trials — best sharpe: 1.33
  [ 80%] 800/1000 trials — best sharpe: 1.33
  [ 82%] 825/1000 trials — best sharpe: 1.33
  [ 85%] 850/1000 trials — best sharpe: 1.33
  [ 87%] 875/1000 trials — best sharpe: 1.33
  [ 90%] 900/1000 trials — best sharpe: 1.33
  [ 92%] 925/1000 trials — best sharpe: 1.33
  [ 95%] 950/1000 trials — best sharpe: 1.33
  [ 97%] 975/1000 trials — best sharpe: 1.33
  [100%] 1000/1000 trials — best sharpe: 1.33
Optimization complete — best sharpe: 1.33
  Max drawdown: 14.88% | Sharpe: 1.33 | Win rate: 66.67%
restart 2/4 (as of 2021-03-12)
Optimizing 2 strategies over 2015-07-28 to 2021-03-11
  objective: sharpe | train window: 2015-07-28 → 2021-03-11
  1000 trials across 5 workers
  [  2%] 25/1000 trials — best sharpe: 1.20
  [  5%] 50/1000 trials — best sharpe: 1.25
  [  7%] 75/1000 trials — best sharpe: 1.25
  [ 10%] 100/1000 trials — best sharpe: 1.25
  [ 12%] 125/1000 trials — best sharpe: 1.25
  [ 15%] 150/1000 trials — best sharpe: 1.31
  [ 17%] 175/1000 trials — best sharpe: 1.31
  [ 20%] 200/1000 trials — best sharpe: 1.31
  [ 22%] 225/1000 trials — best sharpe: 1.31
  [ 25%] 250/1000 trials — best sharpe: 1.31
  [ 27%] 275/1000 trials — best sharpe: 1.31
  [ 30%] 300/1000 trials — best sharpe: 1.31
  [ 32%] 325/1000 trials — best sharpe: 1.31
  [ 35%] 350/1000 trials — best sharpe: 1.31
  [ 37%] 375/1000 trials — best sharpe: 1.31
  [ 40%] 400/1000 trials — best sharpe: 1.31
  [ 42%] 425/1000 trials — best sharpe: 1.31
  [ 45%] 450/1000 trials — best sharpe: 1.31
  [ 47%] 475/1000 trials — best sharpe: 1.31
  [ 50%] 500/1000 trials — best sharpe: 1.31
  [ 52%] 525/1000 trials — best sharpe: 1.31
  [ 55%] 550/1000 trials — best sharpe: 1.31
  [ 57%] 575/1000 trials — best sharpe: 1.31
  [ 60%] 600/1000 trials — best sharpe: 1.31
  [ 62%] 625/1000 trials — best sharpe: 1.31
  [ 65%] 650/1000 trials — best sharpe: 1.31
  [ 67%] 675/1000 trials — best sharpe: 1.31
  [ 70%] 700/1000 trials — best sharpe: 1.31
  [ 72%] 725/1000 trials — best sharpe: 1.31
  [ 75%] 750/1000 trials — best sharpe: 1.31
  [ 77%] 775/1000 trials — best sharpe: 1.31
  [ 80%] 800/1000 trials — best sharpe: 1.31
  [ 82%] 825/1000 trials — best sharpe: 1.31
  [ 85%] 850/1000 trials — best sharpe: 1.32
  [ 87%] 875/1000 trials — best sharpe: 1.32
  [ 90%] 900/1000 trials — best sharpe: 1.32
  [ 92%] 925/1000 trials — best sharpe: 1.32
  [ 95%] 950/1000 trials — best sharpe: 1.32
  [ 97%] 975/1000 trials — best sharpe: 1.33
  [100%] 1000/1000 trials — best sharpe: 1.33
Optimization complete — best sharpe: 1.33
  Max drawdown: 15.45% | Sharpe: 1.33 | Win rate: 63.77%
restart 3/4 (as of 2021-03-12)
Optimizing 2 strategies over 2015-07-28 to 2021-03-11
  objective: sharpe | train window: 2015-07-28 → 2021-03-11
  1000 trials across 5 workers
  [  2%] 25/1000 trials — best sharpe: 1.29
  [  5%] 50/1000 trials — best sharpe: 1.29
  [  7%] 75/1000 trials — best sharpe: 1.29
  [ 10%] 100/1000 trials — best sharpe: 1.29
  [ 12%] 125/1000 trials — best sharpe: 1.29
  [ 15%] 150/1000 trials — best sharpe: 1.30
  [ 17%] 175/1000 trials — best sharpe: 1.31
  [ 20%] 200/1000 trials — best sharpe: 1.33
  [ 22%] 225/1000 trials — best sharpe: 1.34
  [ 25%] 250/1000 trials — best sharpe: 1.34
  [ 27%] 275/1000 trials — best sharpe: 1.34
  [ 30%] 300/1000 trials — best sharpe: 1.34
  [ 32%] 325/1000 trials — best sharpe: 1.34
  [ 35%] 350/1000 trials — best sharpe: 1.34
  [ 37%] 375/1000 trials — best sharpe: 1.34
  [ 40%] 400/1000 trials — best sharpe: 1.34
  [ 42%] 425/1000 trials — best sharpe: 1.34
  [ 45%] 450/1000 trials — best sharpe: 1.34
  [ 47%] 475/1000 trials — best sharpe: 1.34
  [ 50%] 500/1000 trials — best sharpe: 1.34
  [ 52%] 525/1000 trials — best sharpe: 1.34
  [ 55%] 550/1000 trials — best sharpe: 1.34
  [ 57%] 575/1000 trials — best sharpe: 1.34
  [ 60%] 600/1000 trials — best sharpe: 1.34
  [ 62%] 625/1000 trials — best sharpe: 1.34
  [ 65%] 650/1000 trials — best sharpe: 1.34
  [ 67%] 675/1000 trials — best sharpe: 1.34
  [ 70%] 700/1000 trials — best sharpe: 1.34
  [ 72%] 725/1000 trials — best sharpe: 1.34
  [ 75%] 750/1000 trials — best sharpe: 1.34
  [ 77%] 775/1000 trials — best sharpe: 1.34
  [ 80%] 800/1000 trials — best sharpe: 1.34
  [ 82%] 825/1000 trials — best sharpe: 1.34
  [ 85%] 850/1000 trials — best sharpe: 1.34
  [ 87%] 875/1000 trials — best sharpe: 1.34
  [ 90%] 900/1000 trials — best sharpe: 1.34
  [ 92%] 925/1000 trials — best sharpe: 1.34
  [ 95%] 950/1000 trials — best sharpe: 1.34
  [ 97%] 975/1000 trials — best sharpe: 1.34
  [100%] 1000/1000 trials — best sharpe: 1.34
Optimization complete — best sharpe: 1.34
  Max drawdown: 14.48% | Sharpe: 1.34 | Win rate: 63.38%
restart 4/4 (as of 2021-03-12)
Optimizing 2 strategies over 2015-07-28 to 2021-03-11
  objective: sharpe | train window: 2015-07-28 → 2021-03-11
  1000 trials across 5 workers
  [  2%] 25/1000 trials — best sharpe: 1.27
  [  5%] 50/1000 trials — best sharpe: 1.27
  [  7%] 75/1000 trials — best sharpe: 1.27
  [ 10%] 100/1000 trials — best sharpe: 1.27
  [ 12%] 125/1000 trials — best sharpe: 1.27
  [ 15%] 150/1000 trials — best sharpe: 1.27
  [ 17%] 175/1000 trials — best sharpe: 1.27
  [ 20%] 200/1000 trials — best sharpe: 1.27
  [ 22%] 225/1000 trials — best sharpe: 1.27
  [ 25%] 250/1000 trials — best sharpe: 1.27
  [ 27%] 275/1000 trials — best sharpe: 1.28
  [ 30%] 300/1000 trials — best sharpe: 1.28
  [ 32%] 325/1000 trials — best sharpe: 1.28
  [ 35%] 350/1000 trials — best sharpe: 1.28
  [ 37%] 375/1000 trials — best sharpe: 1.28
  [ 40%] 400/1000 trials — best sharpe: 1.28
  [ 42%] 425/1000 trials — best sharpe: 1.28
  [ 45%] 450/1000 trials — best sharpe: 1.28
  [ 47%] 475/1000 trials — best sharpe: 1.30
  [ 50%] 500/1000 trials — best sharpe: 1.30
  [ 52%] 525/1000 trials — best sharpe: 1.30
  [ 55%] 550/1000 trials — best sharpe: 1.30
  [ 57%] 575/1000 trials — best sharpe: 1.30
  [ 60%] 600/1000 trials — best sharpe: 1.32
  [ 62%] 625/1000 trials — best sharpe: 1.32
  [ 65%] 650/1000 trials — best sharpe: 1.32
  [ 67%] 675/1000 trials — best sharpe: 1.32
  [ 70%] 700/1000 trials — best sharpe: 1.32
  [ 72%] 725/1000 trials — best sharpe: 1.32
  [ 75%] 750/1000 trials — best sharpe: 1.32
  [ 77%] 775/1000 trials — best sharpe: 1.32
  [ 80%] 800/1000 trials — best sharpe: 1.32
  [ 82%] 825/1000 trials — best sharpe: 1.32
  [ 85%] 850/1000 trials — best sharpe: 1.32
  [ 87%] 875/1000 trials — best sharpe: 1.32
  [ 90%] 900/1000 trials — best sharpe: 1.32
  [ 92%] 925/1000 trials — best sharpe: 1.32
  [ 95%] 950/1000 trials — best sharpe: 1.32
  [ 97%] 975/1000 trials — best sharpe: 1.33
  [100%] 1000/1000 trials — best sharpe: 1.33
Optimization complete — best sharpe: 1.33
  Max drawdown: 15.47% | Sharpe: 1.33 | Win rate: 59.42%
Fold 2/13: test 2021-06-11 → 2021-09-09
Fold 3/13: test 2021-09-10 → 2021-12-08
Fold 4/13: test 2021-12-09 → 2022-03-10
Fold 5/13: test 2022-03-11 → 2022-06-09
Fold 6/13: test 2022-06-10 → 2022-09-09
Fold 7/13: test 2022-09-12 → 2022-12-08
Fold 8/13: test 2022-12-09 → 2023-03-13
Fold 9/13: test 2023-03-14 → 2023-06-12
Fold 10/13: test 2023-06-13 → 2023-09-12
Fold 11/13: test 2023-09-13 → 2023-12-11
Fold 12/13: test 2023-12-12 → 2024-03-13
Fold 13/13: test 2024-03-14 → 2024-08-27
cell 8/32 done in 4m (elapsed 34m; ~101m remaining at the mean cell pace — 
frozen cells run far faster than re-fit cells)
sweep: best on etf, seed base 50 [cell 9/32]
Fold 1/13: test 2021-03-12 → 2021-06-10
restart 1/4 (as of 2021-03-12)
Optimizing 2 strategies over 2015-07-28 to 2021-03-11
  objective: sharpe | train window: 2015-07-28 → 2021-03-11
  1000 trials across 5 workers
  [  2%] 25/1000 trials — best sharpe: 1.26
  [  5%] 50/1000 trials — best sharpe: 1.26
  [  7%] 75/1000 trials — best sharpe: 1.26
  [ 10%] 100/1000 trials — best sharpe: 1.26
  [ 12%] 125/1000 trials — best sharpe: 1.33
  [ 15%] 150/1000 trials — best sharpe: 1.33
  [ 17%] 175/1000 trials — best sharpe: 1.33
  [ 20%] 200/1000 trials — best sharpe: 1.33
  [ 22%] 225/1000 trials — best sharpe: 1.33
  [ 25%] 250/1000 trials — best sharpe: 1.33
  [ 27%] 275/1000 trials — best sharpe: 1.33
  [ 30%] 300/1000 trials — best sharpe: 1.33
  [ 32%] 325/1000 trials — best sharpe: 1.33
  [ 35%] 350/1000 trials — best sharpe: 1.33
  [ 37%] 375/1000 trials — best sharpe: 1.33
  [ 40%] 400/1000 trials — best sharpe: 1.33
  [ 42%] 425/1000 trials — best sharpe: 1.33
  [ 45%] 450/1000 trials — best sharpe: 1.33
  [ 47%] 475/1000 trials — best sharpe: 1.33
  [ 50%] 500/1000 trials — best sharpe: 1.33
  [ 52%] 525/1000 trials — best sharpe: 1.33
  [ 55%] 550/1000 trials — best sharpe: 1.33
  [ 57%] 575/1000 trials — best sharpe: 1.33
  [ 60%] 600/1000 trials — best sharpe: 1.33
  [ 62%] 625/1000 trials — best sharpe: 1.33
  [ 65%] 650/1000 trials — best sharpe: 1.33
  [ 67%] 675/1000 trials — best sharpe: 1.33
  [ 70%] 700/1000 trials — best sharpe: 1.33
  [ 72%] 725/1000 trials — best sharpe: 1.33
  [ 75%] 750/1000 trials — best sharpe: 1.33
  [ 77%] 775/1000 trials — best sharpe: 1.33
  [ 80%] 800/1000 trials — best sharpe: 1.33
  [ 82%] 825/1000 trials — best sharpe: 1.33
  [ 85%] 850/1000 trials — best sharpe: 1.33
  [ 87%] 875/1000 trials — best sharpe: 1.33
  [ 90%] 900/1000 trials — best sharpe: 1.33
  [ 92%] 925/1000 trials — best sharpe: 1.33
  [ 95%] 950/1000 trials — best sharpe: 1.33
  [ 97%] 975/1000 trials — best sharpe: 1.33
  [100%] 1000/1000 trials — best sharpe: 1.33
Optimization complete — best sharpe: 1.33
  Max drawdown: 15.72% | Sharpe: 1.33 | Win rate: 63.24%
restart 2/4 (as of 2021-03-12)
Optimizing 2 strategies over 2015-07-28 to 2021-03-11
  objective: sharpe | train window: 2015-07-28 → 2021-03-11
  1000 trials across 5 workers
  [  2%] 25/1000 trials — best sharpe: 1.21
  [  5%] 50/1000 trials — best sharpe: 1.21
  [  7%] 75/1000 trials — best sharpe: 1.24
  [ 10%] 100/1000 trials — best sharpe: 1.29
  [ 12%] 125/1000 trials — best sharpe: 1.29
  [ 15%] 150/1000 trials — best sharpe: 1.29
  [ 17%] 175/1000 trials — best sharpe: 1.30
  [ 20%] 200/1000 trials — best sharpe: 1.30
  [ 22%] 225/1000 trials — best sharpe: 1.30
  [ 25%] 250/1000 trials — best sharpe: 1.30
  [ 27%] 275/1000 trials — best sharpe: 1.30
  [ 30%] 300/1000 trials — best sharpe: 1.30
  [ 32%] 325/1000 trials — best sharpe: 1.30
  [ 35%] 350/1000 trials — best sharpe: 1.30
  [ 37%] 375/1000 trials — best sharpe: 1.31
  [ 40%] 400/1000 trials — best sharpe: 1.31
  [ 42%] 425/1000 trials — best sharpe: 1.31
  [ 45%] 450/1000 trials — best sharpe: 1.31
  [ 47%] 475/1000 trials — best sharpe: 1.31
  [ 50%] 500/1000 trials — best sharpe: 1.32
  [ 52%] 525/1000 trials — best sharpe: 1.32
  [ 55%] 550/1000 trials — best sharpe: 1.32
  [ 57%] 575/1000 trials — best sharpe: 1.32
  [ 60%] 600/1000 trials — best sharpe: 1.32
  [ 62%] 625/1000 trials — best sharpe: 1.32
  [ 65%] 650/1000 trials — best sharpe: 1.32
  [ 67%] 675/1000 trials — best sharpe: 1.32
  [ 70%] 700/1000 trials — best sharpe: 1.32
  [ 72%] 725/1000 trials — best sharpe: 1.32
  [ 75%] 750/1000 trials — best sharpe: 1.32
  [ 77%] 775/1000 trials — best sharpe: 1.32
  [ 80%] 800/1000 trials — best sharpe: 1.32
  [ 82%] 825/1000 trials — best sharpe: 1.32
  [ 85%] 850/1000 trials — best sharpe: 1.32
  [ 87%] 875/1000 trials — best sharpe: 1.32
  [ 90%] 900/1000 trials — best sharpe: 1.32
  [ 92%] 925/1000 trials — best sharpe: 1.32
  [ 95%] 950/1000 trials — best sharpe: 1.32
  [ 97%] 975/1000 trials — best sharpe: 1.32
  [100%] 1000/1000 trials — best sharpe: 1.32
Optimization complete — best sharpe: 1.32
  Max drawdown: 17.15% | Sharpe: 1.32 | Win rate: 62.12%
restart 3/4 (as of 2021-03-12)
Optimizing 2 strategies over 2015-07-28 to 2021-03-11
  objective: sharpe | train window: 2015-07-28 → 2021-03-11
  1000 trials across 5 workers
  [  2%] 25/1000 trials — best sharpe: 1.18
  [  5%] 50/1000 trials — best sharpe: 1.18
  [  7%] 75/1000 trials — best sharpe: 1.27
  [ 10%] 100/1000 trials — best sharpe: 1.27
  [ 12%] 125/1000 trials — best sharpe: 1.27
  [ 15%] 150/1000 trials — best sharpe: 1.28
  [ 17%] 175/1000 trials — best sharpe: 1.28
  [ 20%] 200/1000 trials — best sharpe: 1.28
  [ 22%] 225/1000 trials — best sharpe: 1.28
  [ 25%] 250/1000 trials — best sharpe: 1.29
  [ 27%] 275/1000 trials — best sharpe: 1.29
  [ 30%] 300/1000 trials — best sharpe: 1.29
  [ 32%] 325/1000 trials — best sharpe: 1.29
  [ 35%] 350/1000 trials — best sharpe: 1.29
  [ 37%] 375/1000 trials — best sharpe: 1.29
  [ 40%] 400/1000 trials — best sharpe: 1.29
  [ 42%] 425/1000 trials — best sharpe: 1.29
  [ 45%] 450/1000 trials — best sharpe: 1.29
  [ 47%] 475/1000 trials — best sharpe: 1.29
  [ 50%] 500/1000 trials — best sharpe: 1.29
  [ 52%] 525/1000 trials — best sharpe: 1.29
  [ 55%] 550/1000 trials — best sharpe: 1.29
  [ 57%] 575/1000 trials — best sharpe: 1.29
  [ 60%] 600/1000 trials — best sharpe: 1.29
  [ 62%] 625/1000 trials — best sharpe: 1.29
  [ 65%] 650/1000 trials — best sharpe: 1.29
  [ 67%] 675/1000 trials — best sharpe: 1.29
  [ 70%] 700/1000 trials — best sharpe: 1.29
  [ 72%] 725/1000 trials — best sharpe: 1.29
  [ 75%] 750/1000 trials — best sharpe: 1.31
  [ 77%] 775/1000 trials — best sharpe: 1.31
  [ 80%] 800/1000 trials — best sharpe: 1.31
  [ 82%] 825/1000 trials — best sharpe: 1.31
  [ 85%] 850/1000 trials — best sharpe: 1.31
  [ 87%] 875/1000 trials — best sharpe: 1.31
  [ 90%] 900/1000 trials — best sharpe: 1.31
  [ 92%] 925/1000 trials — best sharpe: 1.31
  [ 95%] 950/1000 trials — best sharpe: 1.31
  [ 97%] 975/1000 trials — best sharpe: 1.31
  [100%] 1000/1000 trials — best sharpe: 1.31
Optimization complete — best sharpe: 1.31
  Max drawdown: 15.87% | Sharpe: 1.31 | Win rate: 65.28%
restart 4/4 (as of 2021-03-12)
Optimizing 2 strategies over 2015-07-28 to 2021-03-11
  objective: sharpe | train window: 2015-07-28 → 2021-03-11
  1000 trials across 5 workers
  [  2%] 25/1000 trials — best sharpe: 1.12
  [  5%] 50/1000 trials — best sharpe: 1.21
  [  7%] 75/1000 trials — best sharpe: 1.25
  [ 10%] 100/1000 trials — best sharpe: 1.25
  [ 12%] 125/1000 trials — best sharpe: 1.25
  [ 15%] 150/1000 trials — best sharpe: 1.25
  [ 17%] 175/1000 trials — best sharpe: 1.25
  [ 20%] 200/1000 trials — best sharpe: 1.25
  [ 22%] 225/1000 trials — best sharpe: 1.25
  [ 25%] 250/1000 trials — best sharpe: 1.25
  [ 27%] 275/1000 trials — best sharpe: 1.25
  [ 30%] 300/1000 trials — best sharpe: 1.25
  [ 32%] 325/1000 trials — best sharpe: 1.25
  [ 35%] 350/1000 trials — best sharpe: 1.26
  [ 37%] 375/1000 trials — best sharpe: 1.26
  [ 40%] 400/1000 trials — best sharpe: 1.26
  [ 42%] 425/1000 trials — best sharpe: 1.29
  [ 45%] 450/1000 trials — best sharpe: 1.29
  [ 47%] 475/1000 trials — best sharpe: 1.29
  [ 50%] 500/1000 trials — best sharpe: 1.29
  [ 52%] 525/1000 trials — best sharpe: 1.30
  [ 55%] 550/1000 trials — best sharpe: 1.30
  [ 57%] 575/1000 trials — best sharpe: 1.30
  [ 60%] 600/1000 trials — best sharpe: 1.30
  [ 62%] 625/1000 trials — best sharpe: 1.30
  [ 65%] 650/1000 trials — best sharpe: 1.30
  [ 67%] 675/1000 trials — best sharpe: 1.30
  [ 70%] 700/1000 trials — best sharpe: 1.30
  [ 72%] 725/1000 trials — best sharpe: 1.30
  [ 75%] 750/1000 trials — best sharpe: 1.30
  [ 77%] 775/1000 trials — best sharpe: 1.30
  [ 80%] 800/1000 trials — best sharpe: 1.30
  [ 82%] 825/1000 trials — best sharpe: 1.30
  [ 85%] 850/1000 trials — best sharpe: 1.32
  [ 87%] 875/1000 trials — best sharpe: 1.32
  [ 90%] 900/1000 trials — best sharpe: 1.33
  [ 92%] 925/1000 trials — best sharpe: 1.34
  [ 95%] 950/1000 trials — best sharpe: 1.34
  [ 97%] 975/1000 trials — best sharpe: 1.34
  [100%] 1000/1000 trials — best sharpe: 1.34
Optimization complete — best sharpe: 1.34
  Max drawdown: 14.65% | Sharpe: 1.34 | Win rate: 65.71%
Fold 2/13: test 2021-06-11 → 2021-09-09
Fold 3/13: test 2021-09-10 → 2021-12-08
Fold 4/13: test 2021-12-09 → 2022-03-10
Fold 5/13: test 2022-03-11 → 2022-06-09
Fold 6/13: test 2022-06-10 → 2022-09-09
Fold 7/13: test 2022-09-12 → 2022-12-08
Fold 8/13: test 2022-12-09 → 2023-03-13
Fold 9/13: test 2023-03-14 → 2023-06-12
Fold 10/13: test 2023-06-13 → 2023-09-12
Fold 11/13: test 2023-09-13 → 2023-12-11
Fold 12/13: test 2023-12-12 → 2024-03-13
Fold 13/13: test 2024-03-14 → 2024-08-27
cell 9/32 done in 4m (elapsed 38m; ~97m remaining at the mean cell pace — frozen
cells run far faster than re-fit cells)
sweep: best on etf, seed base 51 [cell 10/32]
Fold 1/13: test 2021-03-12 → 2021-06-10
restart 1/4 (as of 2021-03-12)
Optimizing 2 strategies over 2015-07-28 to 2021-03-11
  objective: sharpe | train window: 2015-07-28 → 2021-03-11
  1000 trials across 5 workers
  [  2%] 25/1000 trials — best sharpe: 1.26
  [  5%] 50/1000 trials — best sharpe: 1.27
  [  7%] 75/1000 trials — best sharpe: 1.27
  [ 10%] 100/1000 trials — best sharpe: 1.27
  [ 12%] 125/1000 trials — best sharpe: 1.27
  [ 15%] 150/1000 trials — best sharpe: 1.28
  [ 17%] 175/1000 trials — best sharpe: 1.28
  [ 20%] 200/1000 trials — best sharpe: 1.28
  [ 22%] 225/1000 trials — best sharpe: 1.28
  [ 25%] 250/1000 trials — best sharpe: 1.28
  [ 27%] 275/1000 trials — best sharpe: 1.28
  [ 30%] 300/1000 trials — best sharpe: 1.28
  [ 32%] 325/1000 trials — best sharpe: 1.28
  [ 35%] 350/1000 trials — best sharpe: 1.28
  [ 37%] 375/1000 trials — best sharpe: 1.28
  [ 40%] 400/1000 trials — best sharpe: 1.28
  [ 42%] 425/1000 trials — best sharpe: 1.29
  [ 45%] 450/1000 trials — best sharpe: 1.31
  [ 47%] 475/1000 trials — best sharpe: 1.31
  [ 50%] 500/1000 trials — best sharpe: 1.31
  [ 52%] 525/1000 trials — best sharpe: 1.31
  [ 55%] 550/1000 trials — best sharpe: 1.31
  [ 57%] 575/1000 trials — best sharpe: 1.31
  [ 60%] 600/1000 trials — best sharpe: 1.31
  [ 62%] 625/1000 trials — best sharpe: 1.31
  [ 65%] 650/1000 trials — best sharpe: 1.31
  [ 67%] 675/1000 trials — best sharpe: 1.31
  [ 70%] 700/1000 trials — best sharpe: 1.31
  [ 72%] 725/1000 trials — best sharpe: 1.31
  [ 75%] 750/1000 trials — best sharpe: 1.31
  [ 77%] 775/1000 trials — best sharpe: 1.31
  [ 80%] 800/1000 trials — best sharpe: 1.31
  [ 82%] 825/1000 trials — best sharpe: 1.31
  [ 85%] 850/1000 trials — best sharpe: 1.31
  [ 87%] 875/1000 trials — best sharpe: 1.31
  [ 90%] 900/1000 trials — best sharpe: 1.31
  [ 92%] 925/1000 trials — best sharpe: 1.31
  [ 95%] 950/1000 trials — best sharpe: 1.31
  [ 97%] 975/1000 trials — best sharpe: 1.31
  [100%] 1000/1000 trials — best sharpe: 1.31
Optimization complete — best sharpe: 1.31
  Max drawdown: 16.37% | Sharpe: 1.31 | Win rate: 62.32%
restart 2/4 (as of 2021-03-12)
Optimizing 2 strategies over 2015-07-28 to 2021-03-11
  objective: sharpe | train window: 2015-07-28 → 2021-03-11
  1000 trials across 5 workers
  [  2%] 25/1000 trials — best sharpe: 1.29
  [  5%] 50/1000 trials — best sharpe: 1.29
  [  7%] 75/1000 trials — best sharpe: 1.29
  [ 10%] 100/1000 trials — best sharpe: 1.29
  [ 12%] 125/1000 trials — best sharpe: 1.29
  [ 15%] 150/1000 trials — best sharpe: 1.31
  [ 17%] 175/1000 trials — best sharpe: 1.31
  [ 20%] 200/1000 trials — best sharpe: 1.31
  [ 22%] 225/1000 trials — best sharpe: 1.31
  [ 25%] 250/1000 trials — best sharpe: 1.31
  [ 27%] 275/1000 trials — best sharpe: 1.31
  [ 30%] 300/1000 trials — best sharpe: 1.32
  [ 32%] 325/1000 trials — best sharpe: 1.32
  [ 35%] 350/1000 trials — best sharpe: 1.32
  [ 37%] 375/1000 trials — best sharpe: 1.32
  [ 40%] 400/1000 trials — best sharpe: 1.32
  [ 42%] 425/1000 trials — best sharpe: 1.32
  [ 45%] 450/1000 trials — best sharpe: 1.32
  [ 47%] 475/1000 trials — best sharpe: 1.32
  [ 50%] 500/1000 trials — best sharpe: 1.32
  [ 52%] 525/1000 trials — best sharpe: 1.32
  [ 55%] 550/1000 trials — best sharpe: 1.32
  [ 57%] 575/1000 trials — best sharpe: 1.32
  [ 60%] 600/1000 trials — best sharpe: 1.32
  [ 62%] 625/1000 trials — best sharpe: 1.32
  [ 65%] 650/1000 trials — best sharpe: 1.32
  [ 67%] 675/1000 trials — best sharpe: 1.32
  [ 70%] 700/1000 trials — best sharpe: 1.32
  [ 72%] 725/1000 trials — best sharpe: 1.32
  [ 75%] 750/1000 trials — best sharpe: 1.32
  [ 77%] 775/1000 trials — best sharpe: 1.32
  [ 80%] 800/1000 trials — best sharpe: 1.32
  [ 82%] 825/1000 trials — best sharpe: 1.32
  [ 85%] 850/1000 trials — best sharpe: 1.32
  [ 87%] 875/1000 trials — best sharpe: 1.32
  [ 90%] 900/1000 trials — best sharpe: 1.32
  [ 92%] 925/1000 trials — best sharpe: 1.32
  [ 95%] 950/1000 trials — best sharpe: 1.32
  [ 97%] 975/1000 trials — best sharpe: 1.32
  [100%] 1000/1000 trials — best sharpe: 1.32
Optimization complete — best sharpe: 1.32
  Max drawdown: 15.85% | Sharpe: 1.32 | Win rate: 60.94%
restart 3/4 (as of 2021-03-12)
Optimizing 2 strategies over 2015-07-28 to 2021-03-11
  objective: sharpe | train window: 2015-07-28 → 2021-03-11
  1000 trials across 5 workers
  [  2%] 25/1000 trials — best sharpe: 1.32
  [  5%] 50/1000 trials — best sharpe: 1.32
  [  7%] 75/1000 trials — best sharpe: 1.32
  [ 10%] 100/1000 trials — best sharpe: 1.32
  [ 12%] 125/1000 trials — best sharpe: 1.32
  [ 15%] 150/1000 trials — best sharpe: 1.32
  [ 17%] 175/1000 trials — best sharpe: 1.32
  [ 20%] 200/1000 trials — best sharpe: 1.32
  [ 22%] 225/1000 trials — best sharpe: 1.32
  [ 25%] 250/1000 trials — best sharpe: 1.32
  [ 27%] 275/1000 trials — best sharpe: 1.32
  [ 30%] 300/1000 trials — best sharpe: 1.32
  [ 32%] 325/1000 trials — best sharpe: 1.32
  [ 35%] 350/1000 trials — best sharpe: 1.32
  [ 37%] 375/1000 trials — best sharpe: 1.32
  [ 40%] 400/1000 trials — best sharpe: 1.32
  [ 42%] 425/1000 trials — best sharpe: 1.32
  [ 45%] 450/1000 trials — best sharpe: 1.32
  [ 47%] 475/1000 trials — best sharpe: 1.32
  [ 50%] 500/1000 trials — best sharpe: 1.32
  [ 52%] 525/1000 trials — best sharpe: 1.32
  [ 55%] 550/1000 trials — best sharpe: 1.32
  [ 57%] 575/1000 trials — best sharpe: 1.32
  [ 60%] 600/1000 trials — best sharpe: 1.32
  [ 62%] 625/1000 trials — best sharpe: 1.32
  [ 65%] 650/1000 trials — best sharpe: 1.32
  [ 67%] 675/1000 trials — best sharpe: 1.32
  [ 70%] 700/1000 trials — best sharpe: 1.32
  [ 72%] 725/1000 trials — best sharpe: 1.32
  [ 75%] 750/1000 trials — best sharpe: 1.32
  [ 77%] 775/1000 trials — best sharpe: 1.32
  [ 80%] 800/1000 trials — best sharpe: 1.32
  [ 82%] 825/1000 trials — best sharpe: 1.32
  [ 85%] 850/1000 trials — best sharpe: 1.32
  [ 87%] 875/1000 trials — best sharpe: 1.32
  [ 90%] 900/1000 trials — best sharpe: 1.32
  [ 92%] 925/1000 trials — best sharpe: 1.32
  [ 95%] 950/1000 trials — best sharpe: 1.32
  [ 97%] 975/1000 trials — best sharpe: 1.32
  [100%] 1000/1000 trials — best sharpe: 1.32
Optimization complete — best sharpe: 1.32
  Max drawdown: 15.58% | Sharpe: 1.32 | Win rate: 62.16%
restart 4/4 (as of 2021-03-12)
Optimizing 2 strategies over 2015-07-28 to 2021-03-11
  objective: sharpe | train window: 2015-07-28 → 2021-03-11
  1000 trials across 5 workers
  [  2%] 25/1000 trials — best sharpe: 1.25
  [  5%] 50/1000 trials — best sharpe: 1.28
  [  7%] 75/1000 trials — best sharpe: 1.28
  [ 10%] 100/1000 trials — best sharpe: 1.30
  [ 12%] 125/1000 trials — best sharpe: 1.30
  [ 15%] 150/1000 trials — best sharpe: 1.30
  [ 17%] 175/1000 trials — best sharpe: 1.30
  [ 20%] 200/1000 trials — best sharpe: 1.30
  [ 22%] 225/1000 trials — best sharpe: 1.30
  [ 25%] 250/1000 trials — best sharpe: 1.30
  [ 27%] 275/1000 trials — best sharpe: 1.30
  [ 30%] 300/1000 trials — best sharpe: 1.30
  [ 32%] 325/1000 trials — best sharpe: 1.30
  [ 35%] 350/1000 trials — best sharpe: 1.30
  [ 37%] 375/1000 trials — best sharpe: 1.30
  [ 40%] 400/1000 trials — best sharpe: 1.30
  [ 42%] 425/1000 trials — best sharpe: 1.30
  [ 45%] 450/1000 trials — best sharpe: 1.30
  [ 47%] 475/1000 trials — best sharpe: 1.30
  [ 50%] 500/1000 trials — best sharpe: 1.31
  [ 52%] 525/1000 trials — best sharpe: 1.31
  [ 55%] 550/1000 trials — best sharpe: 1.32
  [ 57%] 575/1000 trials — best sharpe: 1.32
  [ 60%] 600/1000 trials — best sharpe: 1.32
  [ 62%] 625/1000 trials — best sharpe: 1.32
  [ 65%] 650/1000 trials — best sharpe: 1.32
  [ 67%] 675/1000 trials — best sharpe: 1.32
  [ 70%] 700/1000 trials — best sharpe: 1.32
  [ 72%] 725/1000 trials — best sharpe: 1.32
  [ 75%] 750/1000 trials — best sharpe: 1.32
  [ 77%] 775/1000 trials — best sharpe: 1.32
  [ 80%] 800/1000 trials — best sharpe: 1.32
  [ 82%] 825/1000 trials — best sharpe: 1.32
  [ 85%] 850/1000 trials — best sharpe: 1.32
  [ 87%] 875/1000 trials — best sharpe: 1.32
  [ 90%] 900/1000 trials — best sharpe: 1.32
  [ 92%] 925/1000 trials — best sharpe: 1.32
  [ 95%] 950/1000 trials — best sharpe: 1.32
  [ 97%] 975/1000 trials — best sharpe: 1.32
  [100%] 1000/1000 trials — best sharpe: 1.32
Optimization complete — best sharpe: 1.32
  Max drawdown: 15.54% | Sharpe: 1.32 | Win rate: 67.57%
Fold 2/13: test 2021-06-11 → 2021-09-09
Fold 3/13: test 2021-09-10 → 2021-12-08
Fold 4/13: test 2021-12-09 → 2022-03-10
Fold 5/13: test 2022-03-11 → 2022-06-09
Fold 6/13: test 2022-06-10 → 2022-09-09
Fold 7/13: test 2022-09-12 → 2022-12-08
Fold 8/13: test 2022-12-09 → 2023-03-13
Fold 9/13: test 2023-03-14 → 2023-06-12
Fold 10/13: test 2023-06-13 → 2023-09-12
Fold 11/13: test 2023-09-13 → 2023-12-11
Fold 12/13: test 2023-12-12 → 2024-03-13
Fold 13/13: test 2024-03-14 → 2024-08-27
cell 10/32 done in 4m (elapsed 42m; ~93m remaining at the mean cell pace — 
frozen cells run far faster than re-fit cells)
sweep: best on etf, seed base 52 [cell 11/32]
Fold 1/13: test 2021-03-12 → 2021-06-10
restart 1/4 (as of 2021-03-12)
Optimizing 2 strategies over 2015-07-28 to 2021-03-11
  objective: sharpe | train window: 2015-07-28 → 2021-03-11
  1000 trials across 5 workers
  [  2%] 25/1000 trials — best sharpe: 1.20
  [  5%] 50/1000 trials — best sharpe: 1.25
  [  7%] 75/1000 trials — best sharpe: 1.25
  [ 10%] 100/1000 trials — best sharpe: 1.26
  [ 12%] 125/1000 trials — best sharpe: 1.28
  [ 15%] 150/1000 trials — best sharpe: 1.28
  [ 17%] 175/1000 trials — best sharpe: 1.29
  [ 20%] 200/1000 trials — best sharpe: 1.29
  [ 22%] 225/1000 trials — best sharpe: 1.29
  [ 25%] 250/1000 trials — best sharpe: 1.29
  [ 27%] 275/1000 trials — best sharpe: 1.29
  [ 30%] 300/1000 trials — best sharpe: 1.29
  [ 32%] 325/1000 trials — best sharpe: 1.29
  [ 35%] 350/1000 trials — best sharpe: 1.31
  [ 37%] 375/1000 trials — best sharpe: 1.31
  [ 40%] 400/1000 trials — best sharpe: 1.31
  [ 42%] 425/1000 trials — best sharpe: 1.31
  [ 45%] 450/1000 trials — best sharpe: 1.31
  [ 47%] 475/1000 trials — best sharpe: 1.31
  [ 50%] 500/1000 trials — best sharpe: 1.31
  [ 52%] 525/1000 trials — best sharpe: 1.31
  [ 55%] 550/1000 trials — best sharpe: 1.31
  [ 57%] 575/1000 trials — best sharpe: 1.31
  [ 60%] 600/1000 trials — best sharpe: 1.31
  [ 62%] 625/1000 trials — best sharpe: 1.31
  [ 65%] 650/1000 trials — best sharpe: 1.31
  [ 67%] 675/1000 trials — best sharpe: 1.31
  [ 70%] 700/1000 trials — best sharpe: 1.31
  [ 72%] 725/1000 trials — best sharpe: 1.31
  [ 75%] 750/1000 trials — best sharpe: 1.33
  [ 77%] 775/1000 trials — best sharpe: 1.33
  [ 80%] 800/1000 trials — best sharpe: 1.33
  [ 82%] 825/1000 trials — best sharpe: 1.33
  [ 85%] 850/1000 trials — best sharpe: 1.33
  [ 87%] 875/1000 trials — best sharpe: 1.33
  [ 90%] 900/1000 trials — best sharpe: 1.33
  [ 92%] 925/1000 trials — best sharpe: 1.33
  [ 95%] 950/1000 trials — best sharpe: 1.33
  [ 97%] 975/1000 trials — best sharpe: 1.33
  [100%] 1000/1000 trials — best sharpe: 1.33
Optimization complete — best sharpe: 1.33
  Max drawdown: 15.00% | Sharpe: 1.33 | Win rate: 62.50%
restart 2/4 (as of 2021-03-12)
Optimizing 2 strategies over 2015-07-28 to 2021-03-11
  objective: sharpe | train window: 2015-07-28 → 2021-03-11
  1000 trials across 5 workers
  [  2%] 25/1000 trials — best sharpe: 1.31
  [  5%] 50/1000 trials — best sharpe: 1.31
  [  7%] 75/1000 trials — best sharpe: 1.31
  [ 10%] 100/1000 trials — best sharpe: 1.31
  [ 12%] 125/1000 trials — best sharpe: 1.31
  [ 15%] 150/1000 trials — best sharpe: 1.31
  [ 17%] 175/1000 trials — best sharpe: 1.31
  [ 20%] 200/1000 trials — best sharpe: 1.31
  [ 22%] 225/1000 trials — best sharpe: 1.31
  [ 25%] 250/1000 trials — best sharpe: 1.31
  [ 27%] 275/1000 trials — best sharpe: 1.31
  [ 30%] 300/1000 trials — best sharpe: 1.31
  [ 32%] 325/1000 trials — best sharpe: 1.31
  [ 35%] 350/1000 trials — best sharpe: 1.31
  [ 37%] 375/1000 trials — best sharpe: 1.31
  [ 40%] 400/1000 trials — best sharpe: 1.31
  [ 42%] 425/1000 trials — best sharpe: 1.31
  [ 45%] 450/1000 trials — best sharpe: 1.31
  [ 47%] 475/1000 trials — best sharpe: 1.31
  [ 50%] 500/1000 trials — best sharpe: 1.31
  [ 52%] 525/1000 trials — best sharpe: 1.31
  [ 55%] 550/1000 trials — best sharpe: 1.31
  [ 57%] 575/1000 trials — best sharpe: 1.31
  [ 60%] 600/1000 trials — best sharpe: 1.32
  [ 62%] 625/1000 trials — best sharpe: 1.32
  [ 65%] 650/1000 trials — best sharpe: 1.32
  [ 67%] 675/1000 trials — best sharpe: 1.32
  [ 70%] 700/1000 trials — best sharpe: 1.32
  [ 72%] 725/1000 trials — best sharpe: 1.32
  [ 75%] 750/1000 trials — best sharpe: 1.33
  [ 77%] 775/1000 trials — best sharpe: 1.33
  [ 80%] 800/1000 trials — best sharpe: 1.33
  [ 82%] 825/1000 trials — best sharpe: 1.33
  [ 85%] 850/1000 trials — best sharpe: 1.33
  [ 87%] 875/1000 trials — best sharpe: 1.33
  [ 90%] 900/1000 trials — best sharpe: 1.33
  [ 92%] 925/1000 trials — best sharpe: 1.33
  [ 95%] 950/1000 trials — best sharpe: 1.33
  [ 97%] 975/1000 trials — best sharpe: 1.33
  [100%] 1000/1000 trials — best sharpe: 1.33
Optimization complete — best sharpe: 1.33
  Max drawdown: 14.53% | Sharpe: 1.33 | Win rate: 64.38%
restart 3/4 (as of 2021-03-12)
Optimizing 2 strategies over 2015-07-28 to 2021-03-11
  objective: sharpe | train window: 2015-07-28 → 2021-03-11
  1000 trials across 5 workers
  [  2%] 25/1000 trials — best sharpe: 1.30
  [  5%] 50/1000 trials — best sharpe: 1.30
  [  7%] 75/1000 trials — best sharpe: 1.30
  [ 10%] 100/1000 trials — best sharpe: 1.30
  [ 12%] 125/1000 trials — best sharpe: 1.30
  [ 15%] 150/1000 trials — best sharpe: 1.30
  [ 17%] 175/1000 trials — best sharpe: 1.30
  [ 20%] 200/1000 trials — best sharpe: 1.33
  [ 22%] 225/1000 trials — best sharpe: 1.33
  [ 25%] 250/1000 trials — best sharpe: 1.33
  [ 27%] 275/1000 trials — best sharpe: 1.33
  [ 30%] 300/1000 trials — best sharpe: 1.33
  [ 32%] 325/1000 trials — best sharpe: 1.33
  [ 35%] 350/1000 trials — best sharpe: 1.33
  [ 37%] 375/1000 trials — best sharpe: 1.33
  [ 40%] 400/1000 trials — best sharpe: 1.33
  [ 42%] 425/1000 trials — best sharpe: 1.33
  [ 45%] 450/1000 trials — best sharpe: 1.33
  [ 47%] 475/1000 trials — best sharpe: 1.33
  [ 50%] 500/1000 trials — best sharpe: 1.33
  [ 52%] 525/1000 trials — best sharpe: 1.33
  [ 55%] 550/1000 trials — best sharpe: 1.33
  [ 57%] 575/1000 trials — best sharpe: 1.33
  [ 60%] 600/1000 trials — best sharpe: 1.33
  [ 62%] 625/1000 trials — best sharpe: 1.33
  [ 65%] 650/1000 trials — best sharpe: 1.33
  [ 67%] 675/1000 trials — best sharpe: 1.33
  [ 70%] 700/1000 trials — best sharpe: 1.33
  [ 72%] 725/1000 trials — best sharpe: 1.33
  [ 75%] 750/1000 trials — best sharpe: 1.33
  [ 77%] 775/1000 trials — best sharpe: 1.33
  [ 80%] 800/1000 trials — best sharpe: 1.33
  [ 82%] 825/1000 trials — best sharpe: 1.33
  [ 85%] 850/1000 trials — best sharpe: 1.33
  [ 87%] 875/1000 trials — best sharpe: 1.33
  [ 90%] 900/1000 trials — best sharpe: 1.33
  [ 92%] 925/1000 trials — best sharpe: 1.33
  [ 95%] 950/1000 trials — best sharpe: 1.33
  [ 97%] 975/1000 trials — best sharpe: 1.33
  [100%] 1000/1000 trials — best sharpe: 1.33
Optimization complete — best sharpe: 1.33
  Max drawdown: 15.53% | Sharpe: 1.33 | Win rate: 59.09%
restart 4/4 (as of 2021-03-12)
Optimizing 2 strategies over 2015-07-28 to 2021-03-11
  objective: sharpe | train window: 2015-07-28 → 2021-03-11
  1000 trials across 5 workers
  [  2%] 25/1000 trials — best sharpe: 1.23
  [  5%] 50/1000 trials — best sharpe: 1.23
  [  7%] 75/1000 trials — best sharpe: 1.25
  [ 10%] 100/1000 trials — best sharpe: 1.25
  [ 12%] 125/1000 trials — best sharpe: 1.30
  [ 15%] 150/1000 trials — best sharpe: 1.31
  [ 17%] 175/1000 trials — best sharpe: 1.31
  [ 20%] 200/1000 trials — best sharpe: 1.31
  [ 22%] 225/1000 trials — best sharpe: 1.31
  [ 25%] 250/1000 trials — best sharpe: 1.31
  [ 27%] 275/1000 trials — best sharpe: 1.31
  [ 30%] 300/1000 trials — best sharpe: 1.31
  [ 32%] 325/1000 trials — best sharpe: 1.31
  [ 35%] 350/1000 trials — best sharpe: 1.31
  [ 37%] 375/1000 trials — best sharpe: 1.31
  [ 40%] 400/1000 trials — best sharpe: 1.31
  [ 42%] 425/1000 trials — best sharpe: 1.31
  [ 45%] 450/1000 trials — best sharpe: 1.31
  [ 47%] 475/1000 trials — best sharpe: 1.31
  [ 50%] 500/1000 trials — best sharpe: 1.31
  [ 52%] 525/1000 trials — best sharpe: 1.31
  [ 55%] 550/1000 trials — best sharpe: 1.31
  [ 57%] 575/1000 trials — best sharpe: 1.31
  [ 60%] 600/1000 trials — best sharpe: 1.31
  [ 62%] 625/1000 trials — best sharpe: 1.31
  [ 65%] 650/1000 trials — best sharpe: 1.31
  [ 67%] 675/1000 trials — best sharpe: 1.31
  [ 70%] 700/1000 trials — best sharpe: 1.31
  [ 72%] 725/1000 trials — best sharpe: 1.31
  [ 75%] 750/1000 trials — best sharpe: 1.31
  [ 77%] 775/1000 trials — best sharpe: 1.31
  [ 80%] 800/1000 trials — best sharpe: 1.31
  [ 82%] 825/1000 trials — best sharpe: 1.31
  [ 85%] 850/1000 trials — best sharpe: 1.31
  [ 87%] 875/1000 trials — best sharpe: 1.31
  [ 90%] 900/1000 trials — best sharpe: 1.31
  [ 92%] 925/1000 trials — best sharpe: 1.31
  [ 95%] 950/1000 trials — best sharpe: 1.31
  [ 97%] 975/1000 trials — best sharpe: 1.31
  [100%] 1000/1000 trials — best sharpe: 1.31
Optimization complete — best sharpe: 1.31
  Max drawdown: 15.41% | Sharpe: 1.31 | Win rate: 62.50%
Fold 2/13: test 2021-06-11 → 2021-09-09
Fold 3/13: test 2021-09-10 → 2021-12-08
Fold 4/13: test 2021-12-09 → 2022-03-10
Fold 5/13: test 2022-03-11 → 2022-06-09
Fold 6/13: test 2022-06-10 → 2022-09-09
Fold 7/13: test 2022-09-12 → 2022-12-08
Fold 8/13: test 2022-12-09 → 2023-03-13
Fold 9/13: test 2023-03-14 → 2023-06-12
Fold 10/13: test 2023-06-13 → 2023-09-12
Fold 11/13: test 2023-09-13 → 2023-12-11
Fold 12/13: test 2023-12-12 → 2024-03-13
Fold 13/13: test 2024-03-14 → 2024-08-27
cell 11/32 done in 5m (elapsed 47m; ~90m remaining at the mean cell pace — 
frozen cells run far faster than re-fit cells)
sweep: best on etf, seed base 53 [cell 12/32]
Fold 1/13: test 2021-03-12 → 2021-06-10
restart 1/4 (as of 2021-03-12)
Optimizing 2 strategies over 2015-07-28 to 2021-03-11
  objective: sharpe | train window: 2015-07-28 → 2021-03-11
  1000 trials across 5 workers
  [  2%] 25/1000 trials — best sharpe: 1.25
  [  5%] 50/1000 trials — best sharpe: 1.25
  [  7%] 75/1000 trials — best sharpe: 1.27
  [ 10%] 100/1000 trials — best sharpe: 1.27
  [ 12%] 125/1000 trials — best sharpe: 1.27
  [ 15%] 150/1000 trials — best sharpe: 1.29
  [ 17%] 175/1000 trials — best sharpe: 1.29
  [ 20%] 200/1000 trials — best sharpe: 1.29
  [ 22%] 225/1000 trials — best sharpe: 1.29
  [ 25%] 250/1000 trials — best sharpe: 1.29
  [ 27%] 275/1000 trials — best sharpe: 1.29
  [ 30%] 300/1000 trials — best sharpe: 1.29
  [ 32%] 325/1000 trials — best sharpe: 1.29
  [ 35%] 350/1000 trials — best sharpe: 1.30
  [ 37%] 375/1000 trials — best sharpe: 1.30
  [ 40%] 400/1000 trials — best sharpe: 1.30
  [ 42%] 425/1000 trials — best sharpe: 1.30
  [ 45%] 450/1000 trials — best sharpe: 1.30
  [ 47%] 475/1000 trials — best sharpe: 1.30
  [ 50%] 500/1000 trials — best sharpe: 1.30
  [ 52%] 525/1000 trials — best sharpe: 1.30
  [ 55%] 550/1000 trials — best sharpe: 1.30
  [ 57%] 575/1000 trials — best sharpe: 1.30
  [ 60%] 600/1000 trials — best sharpe: 1.30
  [ 62%] 625/1000 trials — best sharpe: 1.30
  [ 65%] 650/1000 trials — best sharpe: 1.30
  [ 67%] 675/1000 trials — best sharpe: 1.30
  [ 70%] 700/1000 trials — best sharpe: 1.30
  [ 72%] 725/1000 trials — best sharpe: 1.30
  [ 75%] 750/1000 trials — best sharpe: 1.30
  [ 77%] 775/1000 trials — best sharpe: 1.30
  [ 80%] 800/1000 trials — best sharpe: 1.30
  [ 82%] 825/1000 trials — best sharpe: 1.30
  [ 85%] 850/1000 trials — best sharpe: 1.30
  [ 87%] 875/1000 trials — best sharpe: 1.30
  [ 90%] 900/1000 trials — best sharpe: 1.30
  [ 92%] 925/1000 trials — best sharpe: 1.30
  [ 95%] 950/1000 trials — best sharpe: 1.30
  [ 97%] 975/1000 trials — best sharpe: 1.30
  [100%] 1000/1000 trials — best sharpe: 1.30
Optimization complete — best sharpe: 1.30
  Max drawdown: 15.50% | Sharpe: 1.30 | Win rate: 69.01%
restart 2/4 (as of 2021-03-12)
Optimizing 2 strategies over 2015-07-28 to 2021-03-11
  objective: sharpe | train window: 2015-07-28 → 2021-03-11
  1000 trials across 5 workers
  [  2%] 25/1000 trials — best sharpe: 1.29
  [  5%] 50/1000 trials — best sharpe: 1.29
  [  7%] 75/1000 trials — best sharpe: 1.29
  [ 10%] 100/1000 trials — best sharpe: 1.29
  [ 12%] 125/1000 trials — best sharpe: 1.31
  [ 15%] 150/1000 trials — best sharpe: 1.31
  [ 17%] 175/1000 trials — best sharpe: 1.31
  [ 20%] 200/1000 trials — best sharpe: 1.31
  [ 22%] 225/1000 trials — best sharpe: 1.31
  [ 25%] 250/1000 trials — best sharpe: 1.31
  [ 27%] 275/1000 trials — best sharpe: 1.31
  [ 30%] 300/1000 trials — best sharpe: 1.31
  [ 32%] 325/1000 trials — best sharpe: 1.32
  [ 35%] 350/1000 trials — best sharpe: 1.32
  [ 37%] 375/1000 trials — best sharpe: 1.32
  [ 40%] 400/1000 trials — best sharpe: 1.32
  [ 42%] 425/1000 trials — best sharpe: 1.32
  [ 45%] 450/1000 trials — best sharpe: 1.32
  [ 47%] 475/1000 trials — best sharpe: 1.32
  [ 50%] 500/1000 trials — best sharpe: 1.32
  [ 52%] 525/1000 trials — best sharpe: 1.32
  [ 55%] 550/1000 trials — best sharpe: 1.32
  [ 57%] 575/1000 trials — best sharpe: 1.32
  [ 60%] 600/1000 trials — best sharpe: 1.32
  [ 62%] 625/1000 trials — best sharpe: 1.32
  [ 65%] 650/1000 trials — best sharpe: 1.32
  [ 67%] 675/1000 trials — best sharpe: 1.32
  [ 70%] 700/1000 trials — best sharpe: 1.32
  [ 72%] 725/1000 trials — best sharpe: 1.32
  [ 75%] 750/1000 trials — best sharpe: 1.32
  [ 77%] 775/1000 trials — best sharpe: 1.32
  [ 80%] 800/1000 trials — best sharpe: 1.34
  [ 82%] 825/1000 trials — best sharpe: 1.34
  [ 85%] 850/1000 trials — best sharpe: 1.34
  [ 87%] 875/1000 trials — best sharpe: 1.34
  [ 90%] 900/1000 trials — best sharpe: 1.34
  [ 92%] 925/1000 trials — best sharpe: 1.34
  [ 95%] 950/1000 trials — best sharpe: 1.34
  [ 97%] 975/1000 trials — best sharpe: 1.34
  [100%] 1000/1000 trials — best sharpe: 1.34
Optimization complete — best sharpe: 1.34
  Max drawdown: 16.38% | Sharpe: 1.34 | Win rate: 57.14%
restart 3/4 (as of 2021-03-12)
Optimizing 2 strategies over 2015-07-28 to 2021-03-11
  objective: sharpe | train window: 2015-07-28 → 2021-03-11
  1000 trials across 5 workers
  [  2%] 25/1000 trials — best sharpe: 1.28
  [  5%] 50/1000 trials — best sharpe: 1.28
  [  7%] 75/1000 trials — best sharpe: 1.28
  [ 10%] 100/1000 trials — best sharpe: 1.28
  [ 12%] 125/1000 trials — best sharpe: 1.28
  [ 15%] 150/1000 trials — best sharpe: 1.28
  [ 17%] 175/1000 trials — best sharpe: 1.29
  [ 20%] 200/1000 trials — best sharpe: 1.29
  [ 22%] 225/1000 trials — best sharpe: 1.29
  [ 25%] 250/1000 trials — best sharpe: 1.29
  [ 27%] 275/1000 trials — best sharpe: 1.29
  [ 30%] 300/1000 trials — best sharpe: 1.29
  [ 32%] 325/1000 trials — best sharpe: 1.29
  [ 35%] 350/1000 trials — best sharpe: 1.29
  [ 37%] 375/1000 trials — best sharpe: 1.31
  [ 40%] 400/1000 trials — best sharpe: 1.31
  [ 42%] 425/1000 trials — best sharpe: 1.31
  [ 45%] 450/1000 trials — best sharpe: 1.31
  [ 47%] 475/1000 trials — best sharpe: 1.31
  [ 50%] 500/1000 trials — best sharpe: 1.31
  [ 52%] 525/1000 trials — best sharpe: 1.31
  [ 55%] 550/1000 trials — best sharpe: 1.31
  [ 57%] 575/1000 trials — best sharpe: 1.31
  [ 60%] 600/1000 trials — best sharpe: 1.31
  [ 62%] 625/1000 trials — best sharpe: 1.31
  [ 65%] 650/1000 trials — best sharpe: 1.31
  [ 67%] 675/1000 trials — best sharpe: 1.31
  [ 70%] 700/1000 trials — best sharpe: 1.31
  [ 72%] 725/1000 trials — best sharpe: 1.31
  [ 75%] 750/1000 trials — best sharpe: 1.31
  [ 77%] 775/1000 trials — best sharpe: 1.31
  [ 80%] 800/1000 trials — best sharpe: 1.31
  [ 82%] 825/1000 trials — best sharpe: 1.31
  [ 85%] 850/1000 trials — best sharpe: 1.31
  [ 87%] 875/1000 trials — best sharpe: 1.31
  [ 90%] 900/1000 trials — best sharpe: 1.32
  [ 92%] 925/1000 trials — best sharpe: 1.32
  [ 95%] 950/1000 trials — best sharpe: 1.32
  [ 97%] 975/1000 trials — best sharpe: 1.32
  [100%] 1000/1000 trials — best sharpe: 1.32
Optimization complete — best sharpe: 1.32
  Max drawdown: 14.69% | Sharpe: 1.32 | Win rate: 63.24%
restart 4/4 (as of 2021-03-12)
Optimizing 2 strategies over 2015-07-28 to 2021-03-11
  objective: sharpe | train window: 2015-07-28 → 2021-03-11
  1000 trials across 5 workers
  [  2%] 25/1000 trials — best sharpe: 1.26
  [  5%] 50/1000 trials — best sharpe: 1.26
  [  7%] 75/1000 trials — best sharpe: 1.26
  [ 10%] 100/1000 trials — best sharpe: 1.33
  [ 12%] 125/1000 trials — best sharpe: 1.33
  [ 15%] 150/1000 trials — best sharpe: 1.34
  [ 17%] 175/1000 trials — best sharpe: 1.34
  [ 20%] 200/1000 trials — best sharpe: 1.34
  [ 22%] 225/1000 trials — best sharpe: 1.34
  [ 25%] 250/1000 trials — best sharpe: 1.34
  [ 27%] 275/1000 trials — best sharpe: 1.34
  [ 30%] 300/1000 trials — best sharpe: 1.34
  [ 32%] 325/1000 trials — best sharpe: 1.34
  [ 35%] 350/1000 trials — best sharpe: 1.34
  [ 37%] 375/1000 trials — best sharpe: 1.34
  [ 40%] 400/1000 trials — best sharpe: 1.34
  [ 42%] 425/1000 trials — best sharpe: 1.34
  [ 45%] 450/1000 trials — best sharpe: 1.34
  [ 47%] 475/1000 trials — best sharpe: 1.34
  [ 50%] 500/1000 trials — best sharpe: 1.34
  [ 52%] 525/1000 trials — best sharpe: 1.34
  [ 55%] 550/1000 trials — best sharpe: 1.34
  [ 57%] 575/1000 trials — best sharpe: 1.34
  [ 60%] 600/1000 trials — best sharpe: 1.34
  [ 62%] 625/1000 trials — best sharpe: 1.34
  [ 65%] 650/1000 trials — best sharpe: 1.34
  [ 67%] 675/1000 trials — best sharpe: 1.34
  [ 70%] 700/1000 trials — best sharpe: 1.34
  [ 72%] 725/1000 trials — best sharpe: 1.34
  [ 75%] 750/1000 trials — best sharpe: 1.34
  [ 77%] 775/1000 trials — best sharpe: 1.34
  [ 80%] 800/1000 trials — best sharpe: 1.34
  [ 82%] 825/1000 trials — best sharpe: 1.34
  [ 85%] 850/1000 trials — best sharpe: 1.34
  [ 87%] 875/1000 trials — best sharpe: 1.34
  [ 90%] 900/1000 trials — best sharpe: 1.34
  [ 92%] 925/1000 trials — best sharpe: 1.34
  [ 95%] 950/1000 trials — best sharpe: 1.34
  [ 97%] 975/1000 trials — best sharpe: 1.34
  [100%] 1000/1000 trials — best sharpe: 1.34
Optimization complete — best sharpe: 1.34
  Max drawdown: 14.48% | Sharpe: 1.34 | Win rate: 63.38%
Fold 2/13: test 2021-06-11 → 2021-09-09
Fold 3/13: test 2021-09-10 → 2021-12-08
Fold 4/13: test 2021-12-09 → 2022-03-10
Fold 5/13: test 2022-03-11 → 2022-06-09
Fold 6/13: test 2022-06-10 → 2022-09-09
Fold 7/13: test 2022-09-12 → 2022-12-08
Fold 8/13: test 2022-12-09 → 2023-03-13
Fold 9/13: test 2023-03-14 → 2023-06-12
Fold 10/13: test 2023-06-13 → 2023-09-12
Fold 11/13: test 2023-09-13 → 2023-12-11
Fold 12/13: test 2023-12-12 → 2024-03-13
Fold 13/13: test 2024-03-14 → 2024-08-27
cell 12/32 done in 4m (elapsed 51m; ~85m remaining at the mean cell pace — 
frozen cells run far faster than re-fit cells)
sweep: best on etf, seed base 54 [cell 13/32]
Fold 1/13: test 2021-03-12 → 2021-06-10
restart 1/4 (as of 2021-03-12)
Optimizing 2 strategies over 2015-07-28 to 2021-03-11
  objective: sharpe | train window: 2015-07-28 → 2021-03-11
  1000 trials across 5 workers
  [  2%] 25/1000 trials — best sharpe: 1.19
  [  5%] 50/1000 trials — best sharpe: 1.29
  [  7%] 75/1000 trials — best sharpe: 1.29
  [ 10%] 100/1000 trials — best sharpe: 1.29
  [ 12%] 125/1000 trials — best sharpe: 1.29
  [ 15%] 150/1000 trials — best sharpe: 1.29
  [ 17%] 175/1000 trials — best sharpe: 1.29
  [ 20%] 200/1000 trials — best sharpe: 1.29
  [ 22%] 225/1000 trials — best sharpe: 1.30
  [ 25%] 250/1000 trials — best sharpe: 1.30
  [ 27%] 275/1000 trials — best sharpe: 1.30
  [ 30%] 300/1000 trials — best sharpe: 1.30
  [ 32%] 325/1000 trials — best sharpe: 1.30
  [ 35%] 350/1000 trials — best sharpe: 1.30
  [ 37%] 375/1000 trials — best sharpe: 1.30
  [ 40%] 400/1000 trials — best sharpe: 1.30
  [ 42%] 425/1000 trials — best sharpe: 1.32
  [ 45%] 450/1000 trials — best sharpe: 1.32
  [ 47%] 475/1000 trials — best sharpe: 1.32
  [ 50%] 500/1000 trials — best sharpe: 1.32
  [ 52%] 525/1000 trials — best sharpe: 1.32
  [ 55%] 550/1000 trials — best sharpe: 1.32
  [ 57%] 575/1000 trials — best sharpe: 1.32
  [ 60%] 600/1000 trials — best sharpe: 1.32
  [ 62%] 625/1000 trials — best sharpe: 1.32
  [ 65%] 650/1000 trials — best sharpe: 1.32
  [ 67%] 675/1000 trials — best sharpe: 1.32
  [ 70%] 700/1000 trials — best sharpe: 1.32
  [ 72%] 725/1000 trials — best sharpe: 1.32
  [ 75%] 750/1000 trials — best sharpe: 1.32
  [ 77%] 775/1000 trials — best sharpe: 1.32
  [ 80%] 800/1000 trials — best sharpe: 1.32
  [ 82%] 825/1000 trials — best sharpe: 1.32
  [ 85%] 850/1000 trials — best sharpe: 1.32
  [ 87%] 875/1000 trials — best sharpe: 1.32
  [ 90%] 900/1000 trials — best sharpe: 1.32
  [ 92%] 925/1000 trials — best sharpe: 1.32
  [ 95%] 950/1000 trials — best sharpe: 1.32
  [ 97%] 975/1000 trials — best sharpe: 1.32
  [100%] 1000/1000 trials — best sharpe: 1.32
Optimization complete — best sharpe: 1.32
  Max drawdown: 15.54% | Sharpe: 1.32 | Win rate: 67.57%
restart 2/4 (as of 2021-03-12)
Optimizing 2 strategies over 2015-07-28 to 2021-03-11
  objective: sharpe | train window: 2015-07-28 → 2021-03-11
  1000 trials across 5 workers
  [  2%] 25/1000 trials — best sharpe: 1.25
  [  5%] 50/1000 trials — best sharpe: 1.25
  [  7%] 75/1000 trials — best sharpe: 1.29
  [ 10%] 100/1000 trials — best sharpe: 1.29
  [ 12%] 125/1000 trials — best sharpe: 1.29
  [ 15%] 150/1000 trials — best sharpe: 1.29
  [ 17%] 175/1000 trials — best sharpe: 1.29
  [ 20%] 200/1000 trials — best sharpe: 1.29
  [ 22%] 225/1000 trials — best sharpe: 1.29
  [ 25%] 250/1000 trials — best sharpe: 1.29
  [ 27%] 275/1000 trials — best sharpe: 1.29
  [ 30%] 300/1000 trials — best sharpe: 1.29
  [ 32%] 325/1000 trials — best sharpe: 1.29
  [ 35%] 350/1000 trials — best sharpe: 1.30
  [ 37%] 375/1000 trials — best sharpe: 1.30
  [ 40%] 400/1000 trials — best sharpe: 1.30
  [ 42%] 425/1000 trials — best sharpe: 1.31
  [ 45%] 450/1000 trials — best sharpe: 1.31
  [ 47%] 475/1000 trials — best sharpe: 1.31
  [ 50%] 500/1000 trials — best sharpe: 1.31
  [ 52%] 525/1000 trials — best sharpe: 1.31
  [ 55%] 550/1000 trials — best sharpe: 1.31
  [ 57%] 575/1000 trials — best sharpe: 1.31
  [ 60%] 600/1000 trials — best sharpe: 1.31
  [ 62%] 625/1000 trials — best sharpe: 1.31
  [ 65%] 650/1000 trials — best sharpe: 1.31
  [ 67%] 675/1000 trials — best sharpe: 1.31
  [ 70%] 700/1000 trials — best sharpe: 1.31
  [ 72%] 725/1000 trials — best sharpe: 1.31
  [ 75%] 750/1000 trials — best sharpe: 1.31
  [ 77%] 775/1000 trials — best sharpe: 1.31
  [ 80%] 800/1000 trials — best sharpe: 1.31
  [ 82%] 825/1000 trials — best sharpe: 1.31
  [ 85%] 850/1000 trials — best sharpe: 1.31
  [ 87%] 875/1000 trials — best sharpe: 1.31
  [ 90%] 900/1000 trials — best sharpe: 1.31
  [ 92%] 925/1000 trials — best sharpe: 1.31
  [ 95%] 950/1000 trials — best sharpe: 1.31
  [ 97%] 975/1000 trials — best sharpe: 1.31
  [100%] 1000/1000 trials — best sharpe: 1.31
Optimization complete — best sharpe: 1.31
  Max drawdown: 15.56% | Sharpe: 1.31 | Win rate: 64.86%
restart 3/4 (as of 2021-03-12)
Optimizing 2 strategies over 2015-07-28 to 2021-03-11
  objective: sharpe | train window: 2015-07-28 → 2021-03-11
  1000 trials across 5 workers
  [  2%] 25/1000 trials — best sharpe: 1.21
  [  5%] 50/1000 trials — best sharpe: 1.28
  [  7%] 75/1000 trials — best sharpe: 1.31
  [ 10%] 100/1000 trials — best sharpe: 1.31
  [ 12%] 125/1000 trials — best sharpe: 1.31
  [ 15%] 150/1000 trials — best sharpe: 1.31
  [ 17%] 175/1000 trials — best sharpe: 1.31
  [ 20%] 200/1000 trials — best sharpe: 1.31
  [ 22%] 225/1000 trials — best sharpe: 1.31
  [ 25%] 250/1000 trials — best sharpe: 1.31
  [ 27%] 275/1000 trials — best sharpe: 1.31
  [ 30%] 300/1000 trials — best sharpe: 1.31
  [ 32%] 325/1000 trials — best sharpe: 1.31
  [ 35%] 350/1000 trials — best sharpe: 1.31
  [ 37%] 375/1000 trials — best sharpe: 1.31
  [ 40%] 400/1000 trials — best sharpe: 1.31
  [ 42%] 425/1000 trials — best sharpe: 1.31
  [ 45%] 450/1000 trials — best sharpe: 1.31
  [ 47%] 475/1000 trials — best sharpe: 1.31
  [ 50%] 500/1000 trials — best sharpe: 1.31
  [ 52%] 525/1000 trials — best sharpe: 1.31
  [ 55%] 550/1000 trials — best sharpe: 1.31
  [ 57%] 575/1000 trials — best sharpe: 1.31
  [ 60%] 600/1000 trials — best sharpe: 1.31
  [ 62%] 625/1000 trials — best sharpe: 1.31
  [ 65%] 650/1000 trials — best sharpe: 1.31
  [ 67%] 675/1000 trials — best sharpe: 1.32
  [ 70%] 700/1000 trials — best sharpe: 1.32
  [ 72%] 725/1000 trials — best sharpe: 1.32
  [ 75%] 750/1000 trials — best sharpe: 1.32
  [ 77%] 775/1000 trials — best sharpe: 1.33
  [ 80%] 800/1000 trials — best sharpe: 1.33
  [ 82%] 825/1000 trials — best sharpe: 1.33
  [ 85%] 850/1000 trials — best sharpe: 1.33
  [ 87%] 875/1000 trials — best sharpe: 1.33
  [ 90%] 900/1000 trials — best sharpe: 1.33
  [ 92%] 925/1000 trials — best sharpe: 1.33
  [ 95%] 950/1000 trials — best sharpe: 1.33
  [ 97%] 975/1000 trials — best sharpe: 1.34
  [100%] 1000/1000 trials — best sharpe: 1.34
Optimization complete — best sharpe: 1.34
  Max drawdown: 16.32% | Sharpe: 1.34 | Win rate: 63.77%
restart 4/4 (as of 2021-03-12)
Optimizing 2 strategies over 2015-07-28 to 2021-03-11
  objective: sharpe | train window: 2015-07-28 → 2021-03-11
  1000 trials across 5 workers
  [  2%] 25/1000 trials — best sharpe: 1.26
  [  5%] 50/1000 trials — best sharpe: 1.26
  [  7%] 75/1000 trials — best sharpe: 1.26
  [ 10%] 100/1000 trials — best sharpe: 1.29
  [ 12%] 125/1000 trials — best sharpe: 1.30
  [ 15%] 150/1000 trials — best sharpe: 1.30
  [ 17%] 175/1000 trials — best sharpe: 1.31
  [ 20%] 200/1000 trials — best sharpe: 1.31
  [ 22%] 225/1000 trials — best sharpe: 1.31
  [ 25%] 250/1000 trials — best sharpe: 1.31
  [ 27%] 275/1000 trials — best sharpe: 1.31
  [ 30%] 300/1000 trials — best sharpe: 1.31
  [ 32%] 325/1000 trials — best sharpe: 1.31
  [ 35%] 350/1000 trials — best sharpe: 1.31
  [ 37%] 375/1000 trials — best sharpe: 1.31
  [ 40%] 400/1000 trials — best sharpe: 1.32
  [ 42%] 425/1000 trials — best sharpe: 1.32
  [ 45%] 450/1000 trials — best sharpe: 1.32
  [ 47%] 475/1000 trials — best sharpe: 1.32
  [ 50%] 500/1000 trials — best sharpe: 1.32
  [ 52%] 525/1000 trials — best sharpe: 1.32
  [ 55%] 550/1000 trials — best sharpe: 1.32
  [ 57%] 575/1000 trials — best sharpe: 1.32
  [ 60%] 600/1000 trials — best sharpe: 1.32
  [ 62%] 625/1000 trials — best sharpe: 1.32
  [ 65%] 650/1000 trials — best sharpe: 1.32
  [ 67%] 675/1000 trials — best sharpe: 1.32
  [ 70%] 700/1000 trials — best sharpe: 1.32
  [ 72%] 725/1000 trials — best sharpe: 1.32
  [ 75%] 750/1000 trials — best sharpe: 1.32
  [ 77%] 775/1000 trials — best sharpe: 1.32
  [ 80%] 800/1000 trials — best sharpe: 1.32
  [ 82%] 825/1000 trials — best sharpe: 1.32
  [ 85%] 850/1000 trials — best sharpe: 1.32
  [ 87%] 875/1000 trials — best sharpe: 1.32
  [ 90%] 900/1000 trials — best sharpe: 1.32
  [ 92%] 925/1000 trials — best sharpe: 1.32
  [ 95%] 950/1000 trials — best sharpe: 1.32
  [ 97%] 975/1000 trials — best sharpe: 1.32
  [100%] 1000/1000 trials — best sharpe: 1.32
Optimization complete — best sharpe: 1.32
  Max drawdown: 14.37% | Sharpe: 1.32 | Win rate: 62.16%
Fold 2/13: test 2021-06-11 → 2021-09-09
Fold 3/13: test 2021-09-10 → 2021-12-08
Fold 4/13: test 2021-12-09 → 2022-03-10
Fold 5/13: test 2022-03-11 → 2022-06-09
Fold 6/13: test 2022-06-10 → 2022-09-09
Fold 7/13: test 2022-09-12 → 2022-12-08
Fold 8/13: test 2022-12-09 → 2023-03-13
Fold 9/13: test 2023-03-14 → 2023-06-12
Fold 10/13: test 2023-06-13 → 2023-09-12
Fold 11/13: test 2023-09-13 → 2023-12-11
Fold 12/13: test 2023-12-12 → 2024-03-13
Fold 13/13: test 2024-03-14 → 2024-08-27
cell 13/32 done in 4m (elapsed 55m; ~81m remaining at the mean cell pace — 
frozen cells run far faster than re-fit cells)
sweep: best on etf, seed base 55 [cell 14/32]
Fold 1/13: test 2021-03-12 → 2021-06-10
restart 1/4 (as of 2021-03-12)
Optimizing 2 strategies over 2015-07-28 to 2021-03-11
  objective: sharpe | train window: 2015-07-28 → 2021-03-11
  1000 trials across 5 workers
  [  2%] 25/1000 trials — best sharpe: 1.28
  [  5%] 50/1000 trials — best sharpe: 1.28
  [  7%] 75/1000 trials — best sharpe: 1.28
  [ 10%] 100/1000 trials — best sharpe: 1.28
  [ 12%] 125/1000 trials — best sharpe: 1.28
  [ 15%] 150/1000 trials — best sharpe: 1.28
  [ 17%] 175/1000 trials — best sharpe: 1.28
  [ 20%] 200/1000 trials — best sharpe: 1.29
  [ 22%] 225/1000 trials — best sharpe: 1.29
  [ 25%] 250/1000 trials — best sharpe: 1.29
  [ 27%] 275/1000 trials — best sharpe: 1.29
  [ 30%] 300/1000 trials — best sharpe: 1.29
  [ 32%] 325/1000 trials — best sharpe: 1.32
  [ 35%] 350/1000 trials — best sharpe: 1.32
  [ 37%] 375/1000 trials — best sharpe: 1.32
  [ 40%] 400/1000 trials — best sharpe: 1.32
  [ 42%] 425/1000 trials — best sharpe: 1.32
  [ 45%] 450/1000 trials — best sharpe: 1.32
  [ 47%] 475/1000 trials — best sharpe: 1.32
  [ 50%] 500/1000 trials — best sharpe: 1.32
  [ 52%] 525/1000 trials — best sharpe: 1.32
  [ 55%] 550/1000 trials — best sharpe: 1.32
  [ 57%] 575/1000 trials — best sharpe: 1.32
  [ 60%] 600/1000 trials — best sharpe: 1.32
  [ 62%] 625/1000 trials — best sharpe: 1.32
  [ 65%] 650/1000 trials — best sharpe: 1.32
  [ 67%] 675/1000 trials — best sharpe: 1.32
  [ 70%] 700/1000 trials — best sharpe: 1.32
  [ 72%] 725/1000 trials — best sharpe: 1.33
  [ 75%] 750/1000 trials — best sharpe: 1.33
  [ 77%] 775/1000 trials — best sharpe: 1.33
  [ 80%] 800/1000 trials — best sharpe: 1.33
  [ 82%] 825/1000 trials — best sharpe: 1.33
  [ 85%] 850/1000 trials — best sharpe: 1.33
  [ 87%] 875/1000 trials — best sharpe: 1.33
  [ 90%] 900/1000 trials — best sharpe: 1.33
  [ 92%] 925/1000 trials — best sharpe: 1.33
  [ 95%] 950/1000 trials — best sharpe: 1.33
  [ 97%] 975/1000 trials — best sharpe: 1.33
  [100%] 1000/1000 trials — best sharpe: 1.33
Optimization complete — best sharpe: 1.33
  Max drawdown: 15.30% | Sharpe: 1.33 | Win rate: 59.09%
restart 2/4 (as of 2021-03-12)
Optimizing 2 strategies over 2015-07-28 to 2021-03-11
  objective: sharpe | train window: 2015-07-28 → 2021-03-11
  1000 trials across 5 workers
  [  2%] 25/1000 trials — best sharpe: 1.20
  [  5%] 50/1000 trials — best sharpe: 1.28
  [  7%] 75/1000 trials — best sharpe: 1.28
  [ 10%] 100/1000 trials — best sharpe: 1.30
  [ 12%] 125/1000 trials — best sharpe: 1.30
  [ 15%] 150/1000 trials — best sharpe: 1.31
  [ 17%] 175/1000 trials — best sharpe: 1.31
  [ 20%] 200/1000 trials — best sharpe: 1.31
  [ 22%] 225/1000 trials — best sharpe: 1.31
  [ 25%] 250/1000 trials — best sharpe: 1.31
  [ 27%] 275/1000 trials — best sharpe: 1.31
  [ 30%] 300/1000 trials — best sharpe: 1.31
  [ 32%] 325/1000 trials — best sharpe: 1.31
  [ 35%] 350/1000 trials — best sharpe: 1.31
  [ 37%] 375/1000 trials — best sharpe: 1.31
  [ 40%] 400/1000 trials — best sharpe: 1.31
  [ 42%] 425/1000 trials — best sharpe: 1.31
  [ 45%] 450/1000 trials — best sharpe: 1.31
  [ 47%] 475/1000 trials — best sharpe: 1.31
  [ 50%] 500/1000 trials — best sharpe: 1.31
  [ 52%] 525/1000 trials — best sharpe: 1.31
  [ 55%] 550/1000 trials — best sharpe: 1.31
  [ 57%] 575/1000 trials — best sharpe: 1.31
  [ 60%] 600/1000 trials — best sharpe: 1.31
  [ 62%] 625/1000 trials — best sharpe: 1.31
  [ 65%] 650/1000 trials — best sharpe: 1.31
  [ 67%] 675/1000 trials — best sharpe: 1.31
  [ 70%] 700/1000 trials — best sharpe: 1.31
  [ 72%] 725/1000 trials — best sharpe: 1.31
  [ 75%] 750/1000 trials — best sharpe: 1.31
  [ 77%] 775/1000 trials — best sharpe: 1.31
  [ 80%] 800/1000 trials — best sharpe: 1.31
  [ 82%] 825/1000 trials — best sharpe: 1.31
  [ 85%] 850/1000 trials — best sharpe: 1.31
  [ 87%] 875/1000 trials — best sharpe: 1.31
  [ 90%] 900/1000 trials — best sharpe: 1.31
  [ 92%] 925/1000 trials — best sharpe: 1.31
  [ 95%] 950/1000 trials — best sharpe: 1.31
  [ 97%] 975/1000 trials — best sharpe: 1.31
  [100%] 1000/1000 trials — best sharpe: 1.31
Optimization complete — best sharpe: 1.31
  Max drawdown: 15.59% | Sharpe: 1.31 | Win rate: 66.67%
restart 3/4 (as of 2021-03-12)
Optimizing 2 strategies over 2015-07-28 to 2021-03-11
  objective: sharpe | train window: 2015-07-28 → 2021-03-11
  1000 trials across 5 workers
  [  2%] 25/1000 trials — best sharpe: 1.20
  [  5%] 50/1000 trials — best sharpe: 1.22
  [  7%] 75/1000 trials — best sharpe: 1.22
  [ 10%] 100/1000 trials — best sharpe: 1.22
  [ 12%] 125/1000 trials — best sharpe: 1.24
  [ 15%] 150/1000 trials — best sharpe: 1.31
  [ 17%] 175/1000 trials — best sharpe: 1.31
  [ 20%] 200/1000 trials — best sharpe: 1.32
  [ 22%] 225/1000 trials — best sharpe: 1.32
  [ 25%] 250/1000 trials — best sharpe: 1.32
  [ 27%] 275/1000 trials — best sharpe: 1.32
  [ 30%] 300/1000 trials — best sharpe: 1.32
  [ 32%] 325/1000 trials — best sharpe: 1.32
  [ 35%] 350/1000 trials — best sharpe: 1.32
  [ 37%] 375/1000 trials — best sharpe: 1.32
  [ 40%] 400/1000 trials — best sharpe: 1.32
  [ 42%] 425/1000 trials — best sharpe: 1.32
  [ 45%] 450/1000 trials — best sharpe: 1.32
  [ 47%] 475/1000 trials — best sharpe: 1.33
  [ 50%] 500/1000 trials — best sharpe: 1.33
  [ 52%] 525/1000 trials — best sharpe: 1.33
  [ 55%] 550/1000 trials — best sharpe: 1.33
  [ 57%] 575/1000 trials — best sharpe: 1.33
  [ 60%] 600/1000 trials — best sharpe: 1.33
  [ 62%] 625/1000 trials — best sharpe: 1.33
  [ 65%] 650/1000 trials — best sharpe: 1.33
  [ 67%] 675/1000 trials — best sharpe: 1.33
  [ 70%] 700/1000 trials — best sharpe: 1.33
  [ 72%] 725/1000 trials — best sharpe: 1.33
  [ 75%] 750/1000 trials — best sharpe: 1.33
  [ 77%] 775/1000 trials — best sharpe: 1.33
  [ 80%] 800/1000 trials — best sharpe: 1.33
  [ 82%] 825/1000 trials — best sharpe: 1.33
  [ 85%] 850/1000 trials — best sharpe: 1.33
  [ 87%] 875/1000 trials — best sharpe: 1.33
  [ 90%] 900/1000 trials — best sharpe: 1.33
  [ 92%] 925/1000 trials — best sharpe: 1.33
  [ 95%] 950/1000 trials — best sharpe: 1.33
  [ 97%] 975/1000 trials — best sharpe: 1.33
  [100%] 1000/1000 trials — best sharpe: 1.33
Optimization complete — best sharpe: 1.33
  Max drawdown: 14.53% | Sharpe: 1.33 | Win rate: 64.38%
restart 4/4 (as of 2021-03-12)
Optimizing 2 strategies over 2015-07-28 to 2021-03-11
  objective: sharpe | train window: 2015-07-28 → 2021-03-11
  1000 trials across 5 workers
  [  2%] 25/1000 trials — best sharpe: 1.21
  [  5%] 50/1000 trials — best sharpe: 1.21
  [  7%] 75/1000 trials — best sharpe: 1.32
  [ 10%] 100/1000 trials — best sharpe: 1.32
  [ 12%] 125/1000 trials — best sharpe: 1.32
  [ 15%] 150/1000 trials — best sharpe: 1.32
  [ 17%] 175/1000 trials — best sharpe: 1.32
  [ 20%] 200/1000 trials — best sharpe: 1.32
  [ 22%] 225/1000 trials — best sharpe: 1.32
  [ 25%] 250/1000 trials — best sharpe: 1.32
  [ 27%] 275/1000 trials — best sharpe: 1.32
  [ 30%] 300/1000 trials — best sharpe: 1.32
  [ 32%] 325/1000 trials — best sharpe: 1.32
  [ 35%] 350/1000 trials — best sharpe: 1.32
  [ 37%] 375/1000 trials — best sharpe: 1.32
  [ 40%] 400/1000 trials — best sharpe: 1.32
  [ 42%] 425/1000 trials — best sharpe: 1.32
  [ 45%] 450/1000 trials — best sharpe: 1.32
  [ 47%] 475/1000 trials — best sharpe: 1.32
  [ 50%] 500/1000 trials — best sharpe: 1.32
  [ 52%] 525/1000 trials — best sharpe: 1.32
  [ 55%] 550/1000 trials — best sharpe: 1.32
  [ 57%] 575/1000 trials — best sharpe: 1.32
  [ 60%] 600/1000 trials — best sharpe: 1.32
  [ 62%] 625/1000 trials — best sharpe: 1.32
  [ 65%] 650/1000 trials — best sharpe: 1.33
  [ 67%] 675/1000 trials — best sharpe: 1.33
  [ 70%] 700/1000 trials — best sharpe: 1.33
  [ 72%] 725/1000 trials — best sharpe: 1.33
  [ 75%] 750/1000 trials — best sharpe: 1.33
  [ 77%] 775/1000 trials — best sharpe: 1.33
  [ 80%] 800/1000 trials — best sharpe: 1.33
  [ 82%] 825/1000 trials — best sharpe: 1.33
  [ 85%] 850/1000 trials — best sharpe: 1.33
  [ 87%] 875/1000 trials — best sharpe: 1.33
  [ 90%] 900/1000 trials — best sharpe: 1.33
  [ 92%] 925/1000 trials — best sharpe: 1.33
  [ 95%] 950/1000 trials — best sharpe: 1.35
  [ 97%] 975/1000 trials — best sharpe: 1.35
  [100%] 1000/1000 trials — best sharpe: 1.35
Optimization complete — best sharpe: 1.35
  Max drawdown: 15.24% | Sharpe: 1.35 | Win rate: 67.14%
Fold 2/13: test 2021-06-11 → 2021-09-09
Fold 3/13: test 2021-09-10 → 2021-12-08
Fold 4/13: test 2021-12-09 → 2022-03-10
Fold 5/13: test 2022-03-11 → 2022-06-09
Fold 6/13: test 2022-06-10 → 2022-09-09
Fold 7/13: test 2022-09-12 → 2022-12-08
Fold 8/13: test 2022-12-09 → 2023-03-13
Fold 9/13: test 2023-03-14 → 2023-06-12
Fold 10/13: test 2023-06-13 → 2023-09-12
Fold 11/13: test 2023-09-13 → 2023-12-11
Fold 12/13: test 2023-12-12 → 2024-03-13
Fold 13/13: test 2024-03-14 → 2024-08-27
cell 14/32 done in 7m (elapsed 62m; ~80m remaining at the mean cell pace — 
frozen cells run far faster than re-fit cells)
sweep: best on etf, seed base 56 [cell 15/32]
Fold 1/13: test 2021-03-12 → 2021-06-10
restart 1/4 (as of 2021-03-12)
Optimizing 2 strategies over 2015-07-28 to 2021-03-11
  objective: sharpe | train window: 2015-07-28 → 2021-03-11
  1000 trials across 5 workers
  [  2%] 25/1000 trials — best sharpe: 1.21
  [  5%] 50/1000 trials — best sharpe: 1.24
  [  7%] 75/1000 trials — best sharpe: 1.24
  [ 10%] 100/1000 trials — best sharpe: 1.27
  [ 12%] 125/1000 trials — best sharpe: 1.27
  [ 15%] 150/1000 trials — best sharpe: 1.28
  [ 17%] 175/1000 trials — best sharpe: 1.28
  [ 20%] 200/1000 trials — best sharpe: 1.28
  [ 22%] 225/1000 trials — best sharpe: 1.28
  [ 25%] 250/1000 trials — best sharpe: 1.28
  [ 27%] 275/1000 trials — best sharpe: 1.28
  [ 30%] 300/1000 trials — best sharpe: 1.28
  [ 32%] 325/1000 trials — best sharpe: 1.28
  [ 35%] 350/1000 trials — best sharpe: 1.29
  [ 37%] 375/1000 trials — best sharpe: 1.29
  [ 40%] 400/1000 trials — best sharpe: 1.29
  [ 42%] 425/1000 trials — best sharpe: 1.29
  [ 45%] 450/1000 trials — best sharpe: 1.29
  [ 47%] 475/1000 trials — best sharpe: 1.29
  [ 50%] 500/1000 trials — best sharpe: 1.29
  [ 52%] 525/1000 trials — best sharpe: 1.29
  [ 55%] 550/1000 trials — best sharpe: 1.29
  [ 57%] 575/1000 trials — best sharpe: 1.29
  [ 60%] 600/1000 trials — best sharpe: 1.29
  [ 62%] 625/1000 trials — best sharpe: 1.29
  [ 65%] 650/1000 trials — best sharpe: 1.29
  [ 67%] 675/1000 trials — best sharpe: 1.29
  [ 70%] 700/1000 trials — best sharpe: 1.29
  [ 72%] 725/1000 trials — best sharpe: 1.29
  [ 75%] 750/1000 trials — best sharpe: 1.29
  [ 77%] 775/1000 trials — best sharpe: 1.29
  [ 80%] 800/1000 trials — best sharpe: 1.29
  [ 82%] 825/1000 trials — best sharpe: 1.29
  [ 85%] 850/1000 trials — best sharpe: 1.29
  [ 87%] 875/1000 trials — best sharpe: 1.29
  [ 90%] 900/1000 trials — best sharpe: 1.29
  [ 92%] 925/1000 trials — best sharpe: 1.29
  [ 95%] 950/1000 trials — best sharpe: 1.29
  [ 97%] 975/1000 trials — best sharpe: 1.29
  [100%] 1000/1000 trials — best sharpe: 1.29
Optimization complete — best sharpe: 1.29
  Max drawdown: 16.40% | Sharpe: 1.29 | Win rate: 63.38%
restart 2/4 (as of 2021-03-12)
Optimizing 2 strategies over 2015-07-28 to 2021-03-11
  objective: sharpe | train window: 2015-07-28 → 2021-03-11
  1000 trials across 5 workers
  [  2%] 25/1000 trials — best sharpe: 1.21
  [  5%] 50/1000 trials — best sharpe: 1.21
  [  7%] 75/1000 trials — best sharpe: 1.26
  [ 10%] 100/1000 trials — best sharpe: 1.26
  [ 12%] 125/1000 trials — best sharpe: 1.30
  [ 15%] 150/1000 trials — best sharpe: 1.30
  [ 17%] 175/1000 trials — best sharpe: 1.31
  [ 20%] 200/1000 trials — best sharpe: 1.31
  [ 22%] 225/1000 trials — best sharpe: 1.31
  [ 25%] 250/1000 trials — best sharpe: 1.31
  [ 27%] 275/1000 trials — best sharpe: 1.31
  [ 30%] 300/1000 trials — best sharpe: 1.31
  [ 32%] 325/1000 trials — best sharpe: 1.31
  [ 35%] 350/1000 trials — best sharpe: 1.31
  [ 37%] 375/1000 trials — best sharpe: 1.31
  [ 40%] 400/1000 trials — best sharpe: 1.31
  [ 42%] 425/1000 trials — best sharpe: 1.31
  [ 45%] 450/1000 trials — best sharpe: 1.31
  [ 47%] 475/1000 trials — best sharpe: 1.31
  [ 50%] 500/1000 trials — best sharpe: 1.31
  [ 52%] 525/1000 trials — best sharpe: 1.31
  [ 55%] 550/1000 trials — best sharpe: 1.32
  [ 57%] 575/1000 trials — best sharpe: 1.32
  [ 60%] 600/1000 trials — best sharpe: 1.32
  [ 62%] 625/1000 trials — best sharpe: 1.32
  [ 65%] 650/1000 trials — best sharpe: 1.32
  [ 67%] 675/1000 trials — best sharpe: 1.32
  [ 70%] 700/1000 trials — best sharpe: 1.32
  [ 72%] 725/1000 trials — best sharpe: 1.32
  [ 75%] 750/1000 trials — best sharpe: 1.32
  [ 77%] 775/1000 trials — best sharpe: 1.32
  [ 80%] 800/1000 trials — best sharpe: 1.32
  [ 82%] 825/1000 trials — best sharpe: 1.32
  [ 85%] 850/1000 trials — best sharpe: 1.32
  [ 87%] 875/1000 trials — best sharpe: 1.32
  [ 90%] 900/1000 trials — best sharpe: 1.32
  [ 92%] 925/1000 trials — best sharpe: 1.32
  [ 95%] 950/1000 trials — best sharpe: 1.32
  [ 97%] 975/1000 trials — best sharpe: 1.32
  [100%] 1000/1000 trials — best sharpe: 1.32
Optimization complete — best sharpe: 1.32
  Max drawdown: 15.32% | Sharpe: 1.32 | Win rate: 59.70%
restart 3/4 (as of 2021-03-12)
Optimizing 2 strategies over 2015-07-28 to 2021-03-11
  objective: sharpe | train window: 2015-07-28 → 2021-03-11
  1000 trials across 5 workers
  [  2%] 25/1000 trials — best sharpe: 1.22
  [  5%] 50/1000 trials — best sharpe: 1.22
  [  7%] 75/1000 trials — best sharpe: 1.26
  [ 10%] 100/1000 trials — best sharpe: 1.31
  [ 12%] 125/1000 trials — best sharpe: 1.31
  [ 15%] 150/1000 trials — best sharpe: 1.31
  [ 17%] 175/1000 trials — best sharpe: 1.31
  [ 20%] 200/1000 trials — best sharpe: 1.31
  [ 22%] 225/1000 trials — best sharpe: 1.31
  [ 25%] 250/1000 trials — best sharpe: 1.31
  [ 27%] 275/1000 trials — best sharpe: 1.31
  [ 30%] 300/1000 trials — best sharpe: 1.31
  [ 32%] 325/1000 trials — best sharpe: 1.31
  [ 35%] 350/1000 trials — best sharpe: 1.33
  [ 37%] 375/1000 trials — best sharpe: 1.33
  [ 40%] 400/1000 trials — best sharpe: 1.33
  [ 42%] 425/1000 trials — best sharpe: 1.33
  [ 45%] 450/1000 trials — best sharpe: 1.33
  [ 47%] 475/1000 trials — best sharpe: 1.33
  [ 50%] 500/1000 trials — best sharpe: 1.33
  [ 52%] 525/1000 trials — best sharpe: 1.33
  [ 55%] 550/1000 trials — best sharpe: 1.33
  [ 57%] 575/1000 trials — best sharpe: 1.33
  [ 60%] 600/1000 trials — best sharpe: 1.33
  [ 62%] 625/1000 trials — best sharpe: 1.33
  [ 65%] 650/1000 trials — best sharpe: 1.33
  [ 67%] 675/1000 trials — best sharpe: 1.33
  [ 70%] 700/1000 trials — best sharpe: 1.33
  [ 72%] 725/1000 trials — best sharpe: 1.33
  [ 75%] 750/1000 trials — best sharpe: 1.33
  [ 77%] 775/1000 trials — best sharpe: 1.33
  [ 80%] 800/1000 trials — best sharpe: 1.33
  [ 82%] 825/1000 trials — best sharpe: 1.33
  [ 85%] 850/1000 trials — best sharpe: 1.33
  [ 87%] 875/1000 trials — best sharpe: 1.33
  [ 90%] 900/1000 trials — best sharpe: 1.33
  [ 92%] 925/1000 trials — best sharpe: 1.33
  [ 95%] 950/1000 trials — best sharpe: 1.33
  [ 97%] 975/1000 trials — best sharpe: 1.33
  [100%] 1000/1000 trials — best sharpe: 1.33
Optimization complete — best sharpe: 1.33
  Max drawdown: 14.53% | Sharpe: 1.33 | Win rate: 64.38%
restart 4/4 (as of 2021-03-12)
Optimizing 2 strategies over 2015-07-28 to 2021-03-11
  objective: sharpe | train window: 2015-07-28 → 2021-03-11
  1000 trials across 5 workers
  [  2%] 25/1000 trials — best sharpe: 1.25
  [  5%] 50/1000 trials — best sharpe: 1.26
  [  7%] 75/1000 trials — best sharpe: 1.27
  [ 10%] 100/1000 trials — best sharpe: 1.27
  [ 12%] 125/1000 trials — best sharpe: 1.29
  [ 15%] 150/1000 trials — best sharpe: 1.29
  [ 17%] 175/1000 trials — best sharpe: 1.29
  [ 20%] 200/1000 trials — best sharpe: 1.29
  [ 22%] 225/1000 trials — best sharpe: 1.29
  [ 25%] 250/1000 trials — best sharpe: 1.29
  [ 27%] 275/1000 trials — best sharpe: 1.30
  [ 30%] 300/1000 trials — best sharpe: 1.30
  [ 32%] 325/1000 trials — best sharpe: 1.30
  [ 35%] 350/1000 trials — best sharpe: 1.31
  [ 37%] 375/1000 trials — best sharpe: 1.31
  [ 40%] 400/1000 trials — best sharpe: 1.31
  [ 42%] 425/1000 trials — best sharpe: 1.31
  [ 45%] 450/1000 trials — best sharpe: 1.31
  [ 47%] 475/1000 trials — best sharpe: 1.31
  [ 50%] 500/1000 trials — best sharpe: 1.31
  [ 52%] 525/1000 trials — best sharpe: 1.31
  [ 55%] 550/1000 trials — best sharpe: 1.31
  [ 57%] 575/1000 trials — best sharpe: 1.31
  [ 60%] 600/1000 trials — best sharpe: 1.31
  [ 62%] 625/1000 trials — best sharpe: 1.31
  [ 65%] 650/1000 trials — best sharpe: 1.31
  [ 67%] 675/1000 trials — best sharpe: 1.31
  [ 70%] 700/1000 trials — best sharpe: 1.31
  [ 72%] 725/1000 trials — best sharpe: 1.31
  [ 75%] 750/1000 trials — best sharpe: 1.31
  [ 77%] 775/1000 trials — best sharpe: 1.31
  [ 80%] 800/1000 trials — best sharpe: 1.31
  [ 82%] 825/1000 trials — best sharpe: 1.33
  [ 85%] 850/1000 trials — best sharpe: 1.33
  [ 87%] 875/1000 trials — best sharpe: 1.33
  [ 90%] 900/1000 trials — best sharpe: 1.33
  [ 92%] 925/1000 trials — best sharpe: 1.33
  [ 95%] 950/1000 trials — best sharpe: 1.33
  [ 97%] 975/1000 trials — best sharpe: 1.33
  [100%] 1000/1000 trials — best sharpe: 1.33
Optimization complete — best sharpe: 1.33
  Max drawdown: 14.74% | Sharpe: 1.33 | Win rate: 62.86%
Fold 2/13: test 2021-06-11 → 2021-09-09
Fold 3/13: test 2021-09-10 → 2021-12-08
Fold 4/13: test 2021-12-09 → 2022-03-10
Fold 5/13: test 2022-03-11 → 2022-06-09
Fold 6/13: test 2022-06-10 → 2022-09-09
Fold 7/13: test 2022-09-12 → 2022-12-08
Fold 8/13: test 2022-12-09 → 2023-03-13
Fold 9/13: test 2023-03-14 → 2023-06-12
Fold 10/13: test 2023-06-13 → 2023-09-12
Fold 11/13: test 2023-09-13 → 2023-12-11
Fold 12/13: test 2023-12-12 → 2024-03-13
Fold 13/13: test 2024-03-14 → 2024-08-27
cell 15/32 done in 4m (elapsed 66m; ~75m remaining at the mean cell pace — 
frozen cells run far faster than re-fit cells)
sweep: best on etf, seed base 57 [cell 16/32]
Fold 1/13: test 2021-03-12 → 2021-06-10
restart 1/4 (as of 2021-03-12)
Optimizing 2 strategies over 2015-07-28 to 2021-03-11
  objective: sharpe | train window: 2015-07-28 → 2021-03-11
  1000 trials across 5 workers
  [  2%] 25/1000 trials — best sharpe: 1.19
  [  5%] 50/1000 trials — best sharpe: 1.29
  [  7%] 75/1000 trials — best sharpe: 1.29
  [ 10%] 100/1000 trials — best sharpe: 1.29
  [ 12%] 125/1000 trials — best sharpe: 1.30
  [ 15%] 150/1000 trials — best sharpe: 1.30
  [ 17%] 175/1000 trials — best sharpe: 1.30
  [ 20%] 200/1000 trials — best sharpe: 1.32
  [ 22%] 225/1000 trials — best sharpe: 1.32
  [ 25%] 250/1000 trials — best sharpe: 1.32
  [ 27%] 275/1000 trials — best sharpe: 1.32
  [ 30%] 300/1000 trials — best sharpe: 1.32
  [ 32%] 325/1000 trials — best sharpe: 1.32
  [ 35%] 350/1000 trials — best sharpe: 1.32
  [ 37%] 375/1000 trials — best sharpe: 1.32
  [ 40%] 400/1000 trials — best sharpe: 1.32
  [ 42%] 425/1000 trials — best sharpe: 1.32
  [ 45%] 450/1000 trials — best sharpe: 1.32
  [ 47%] 475/1000 trials — best sharpe: 1.32
  [ 50%] 500/1000 trials — best sharpe: 1.32
  [ 52%] 525/1000 trials — best sharpe: 1.32
  [ 55%] 550/1000 trials — best sharpe: 1.32
  [ 57%] 575/1000 trials — best sharpe: 1.32
  [ 60%] 600/1000 trials — best sharpe: 1.32
  [ 62%] 625/1000 trials — best sharpe: 1.32
  [ 65%] 650/1000 trials — best sharpe: 1.32
  [ 67%] 675/1000 trials — best sharpe: 1.32
  [ 70%] 700/1000 trials — best sharpe: 1.32
  [ 72%] 725/1000 trials — best sharpe: 1.32
  [ 75%] 750/1000 trials — best sharpe: 1.32
  [ 77%] 775/1000 trials — best sharpe: 1.32
  [ 80%] 800/1000 trials — best sharpe: 1.32
  [ 82%] 825/1000 trials — best sharpe: 1.32
  [ 85%] 850/1000 trials — best sharpe: 1.32
  [ 87%] 875/1000 trials — best sharpe: 1.32
  [ 90%] 900/1000 trials — best sharpe: 1.32
  [ 92%] 925/1000 trials — best sharpe: 1.32
  [ 95%] 950/1000 trials — best sharpe: 1.33
  [ 97%] 975/1000 trials — best sharpe: 1.33
  [100%] 1000/1000 trials — best sharpe: 1.33
Optimization complete — best sharpe: 1.33
  Max drawdown: 15.44% | Sharpe: 1.33 | Win rate: 60.29%
restart 2/4 (as of 2021-03-12)
Optimizing 2 strategies over 2015-07-28 to 2021-03-11
  objective: sharpe | train window: 2015-07-28 → 2021-03-11
  1000 trials across 5 workers
  [  2%] 25/1000 trials — best sharpe: 1.24
  [  5%] 50/1000 trials — best sharpe: 1.28
  [  7%] 75/1000 trials — best sharpe: 1.28
  [ 10%] 100/1000 trials — best sharpe: 1.28
  [ 12%] 125/1000 trials — best sharpe: 1.28
  [ 15%] 150/1000 trials — best sharpe: 1.28
  [ 17%] 175/1000 trials — best sharpe: 1.29
  [ 20%] 200/1000 trials — best sharpe: 1.34
  [ 22%] 225/1000 trials — best sharpe: 1.34
  [ 25%] 250/1000 trials — best sharpe: 1.34
  [ 27%] 275/1000 trials — best sharpe: 1.34
  [ 30%] 300/1000 trials — best sharpe: 1.34
  [ 32%] 325/1000 trials — best sharpe: 1.34
  [ 35%] 350/1000 trials — best sharpe: 1.34
  [ 37%] 375/1000 trials — best sharpe: 1.34
  [ 40%] 400/1000 trials — best sharpe: 1.34
  [ 42%] 425/1000 trials — best sharpe: 1.34
  [ 45%] 450/1000 trials — best sharpe: 1.34
  [ 47%] 475/1000 trials — best sharpe: 1.34
  [ 50%] 500/1000 trials — best sharpe: 1.34
  [ 52%] 525/1000 trials — best sharpe: 1.34
  [ 55%] 550/1000 trials — best sharpe: 1.34
  [ 57%] 575/1000 trials — best sharpe: 1.34
  [ 60%] 600/1000 trials — best sharpe: 1.34
  [ 62%] 625/1000 trials — best sharpe: 1.34
  [ 65%] 650/1000 trials — best sharpe: 1.34
  [ 67%] 675/1000 trials — best sharpe: 1.34
  [ 70%] 700/1000 trials — best sharpe: 1.34
  [ 72%] 725/1000 trials — best sharpe: 1.34
  [ 75%] 750/1000 trials — best sharpe: 1.34
  [ 77%] 775/1000 trials — best sharpe: 1.34
  [ 80%] 800/1000 trials — best sharpe: 1.34
  [ 82%] 825/1000 trials — best sharpe: 1.34
  [ 85%] 850/1000 trials — best sharpe: 1.34
  [ 87%] 875/1000 trials — best sharpe: 1.34
  [ 90%] 900/1000 trials — best sharpe: 1.34
  [ 92%] 925/1000 trials — best sharpe: 1.34
  [ 95%] 950/1000 trials — best sharpe: 1.34
  [ 97%] 975/1000 trials — best sharpe: 1.34
  [100%] 1000/1000 trials — best sharpe: 1.34
Optimization complete — best sharpe: 1.34
  Max drawdown: 16.32% | Sharpe: 1.34 | Win rate: 63.77%
restart 3/4 (as of 2021-03-12)
Optimizing 2 strategies over 2015-07-28 to 2021-03-11
  objective: sharpe | train window: 2015-07-28 → 2021-03-11
  1000 trials across 5 workers
  [  2%] 25/1000 trials — best sharpe: 1.25
  [  5%] 50/1000 trials — best sharpe: 1.28
  [  7%] 75/1000 trials — best sharpe: 1.28
  [ 10%] 100/1000 trials — best sharpe: 1.28
  [ 12%] 125/1000 trials — best sharpe: 1.32
  [ 15%] 150/1000 trials — best sharpe: 1.32
  [ 17%] 175/1000 trials — best sharpe: 1.32
  [ 20%] 200/1000 trials — best sharpe: 1.35
  [ 22%] 225/1000 trials — best sharpe: 1.35
  [ 25%] 250/1000 trials — best sharpe: 1.35
  [ 27%] 275/1000 trials — best sharpe: 1.35
  [ 30%] 300/1000 trials — best sharpe: 1.35
  [ 32%] 325/1000 trials — best sharpe: 1.35
  [ 35%] 350/1000 trials — best sharpe: 1.35
  [ 37%] 375/1000 trials — best sharpe: 1.35
  [ 40%] 400/1000 trials — best sharpe: 1.35
  [ 42%] 425/1000 trials — best sharpe: 1.35
  [ 45%] 450/1000 trials — best sharpe: 1.35
  [ 47%] 475/1000 trials — best sharpe: 1.35
  [ 50%] 500/1000 trials — best sharpe: 1.35
  [ 52%] 525/1000 trials — best sharpe: 1.35
  [ 55%] 550/1000 trials — best sharpe: 1.35
  [ 57%] 575/1000 trials — best sharpe: 1.35
  [ 60%] 600/1000 trials — best sharpe: 1.35
  [ 62%] 625/1000 trials — best sharpe: 1.35
  [ 65%] 650/1000 trials — best sharpe: 1.35
  [ 67%] 675/1000 trials — best sharpe: 1.35
  [ 70%] 700/1000 trials — best sharpe: 1.35
  [ 72%] 725/1000 trials — best sharpe: 1.35
  [ 75%] 750/1000 trials — best sharpe: 1.35
  [ 77%] 775/1000 trials — best sharpe: 1.35
  [ 80%] 800/1000 trials — best sharpe: 1.35
  [ 82%] 825/1000 trials — best sharpe: 1.35
  [ 85%] 850/1000 trials — best sharpe: 1.35
  [ 87%] 875/1000 trials — best sharpe: 1.35
  [ 90%] 900/1000 trials — best sharpe: 1.35
  [ 92%] 925/1000 trials — best sharpe: 1.35
  [ 95%] 950/1000 trials — best sharpe: 1.35
  [ 97%] 975/1000 trials — best sharpe: 1.35
  [100%] 1000/1000 trials — best sharpe: 1.35
Optimization complete — best sharpe: 1.35
  Max drawdown: 14.97% | Sharpe: 1.35 | Win rate: 64.18%
restart 4/4 (as of 2021-03-12)
Optimizing 2 strategies over 2015-07-28 to 2021-03-11
  objective: sharpe | train window: 2015-07-28 → 2021-03-11
  1000 trials across 5 workers
  [  2%] 25/1000 trials — best sharpe: 1.20
  [  5%] 50/1000 trials — best sharpe: 1.20
  [  7%] 75/1000 trials — best sharpe: 1.27
  [ 10%] 100/1000 trials — best sharpe: 1.31
  [ 12%] 125/1000 trials — best sharpe: 1.31
  [ 15%] 150/1000 trials — best sharpe: 1.31
  [ 17%] 175/1000 trials — best sharpe: 1.32
  [ 20%] 200/1000 trials — best sharpe: 1.32
  [ 22%] 225/1000 trials — best sharpe: 1.32
  [ 25%] 250/1000 trials — best sharpe: 1.32
  [ 27%] 275/1000 trials — best sharpe: 1.32
  [ 30%] 300/1000 trials — best sharpe: 1.33
  [ 32%] 325/1000 trials — best sharpe: 1.33
  [ 35%] 350/1000 trials — best sharpe: 1.33
  [ 37%] 375/1000 trials — best sharpe: 1.33
  [ 40%] 400/1000 trials — best sharpe: 1.33
  [ 42%] 425/1000 trials — best sharpe: 1.33
  [ 45%] 450/1000 trials — best sharpe: 1.33
  [ 47%] 475/1000 trials — best sharpe: 1.33
  [ 50%] 500/1000 trials — best sharpe: 1.33
  [ 52%] 525/1000 trials — best sharpe: 1.33
  [ 55%] 550/1000 trials — best sharpe: 1.33
  [ 57%] 575/1000 trials — best sharpe: 1.33
  [ 60%] 600/1000 trials — best sharpe: 1.33
  [ 62%] 625/1000 trials — best sharpe: 1.33
  [ 65%] 650/1000 trials — best sharpe: 1.33
  [ 67%] 675/1000 trials — best sharpe: 1.33
  [ 70%] 700/1000 trials — best sharpe: 1.33
  [ 72%] 725/1000 trials — best sharpe: 1.33
  [ 75%] 750/1000 trials — best sharpe: 1.33
  [ 77%] 775/1000 trials — best sharpe: 1.33
  [ 80%] 800/1000 trials — best sharpe: 1.33
  [ 82%] 825/1000 trials — best sharpe: 1.33
  [ 85%] 850/1000 trials — best sharpe: 1.33
  [ 87%] 875/1000 trials — best sharpe: 1.33
  [ 90%] 900/1000 trials — best sharpe: 1.33
  [ 92%] 925/1000 trials — best sharpe: 1.33
  [ 95%] 950/1000 trials — best sharpe: 1.33
  [ 97%] 975/1000 trials — best sharpe: 1.33
  [100%] 1000/1000 trials — best sharpe: 1.33
Optimization complete — best sharpe: 1.33
  Max drawdown: 14.53% | Sharpe: 1.33 | Win rate: 63.51%
Fold 2/13: test 2021-06-11 → 2021-09-09
Fold 3/13: test 2021-09-10 → 2021-12-08
Fold 4/13: test 2021-12-09 → 2022-03-10
Fold 5/13: test 2022-03-11 → 2022-06-09
Fold 6/13: test 2022-06-10 → 2022-09-09
Fold 7/13: test 2022-09-12 → 2022-12-08
Fold 8/13: test 2022-12-09 → 2023-03-13
Fold 9/13: test 2023-03-14 → 2023-06-12
Fold 10/13: test 2023-06-13 → 2023-09-12
Fold 11/13: test 2023-09-13 → 2023-12-11
Fold 12/13: test 2023-12-12 → 2024-03-13
Fold 13/13: test 2024-03-14 → 2024-08-27
cell 16/32 done in 4m (elapsed 70m; ~70m remaining at the mean cell pace — 
frozen cells run far faster than re-fit cells)
sweep: ensemble on etf, seed base 42 [cell 17/32]
Fold 1/13: test 2021-03-12 → 2021-06-10
restart 1/4 (as of 2021-03-12)
Optimizing 2 strategies over 2015-07-28 to 2021-03-11
  objective: sharpe | train window: 2015-07-28 → 2021-03-11
  1000 trials across 5 workers
  [  2%] 25/1000 trials — best sharpe: 1.17
  [  5%] 50/1000 trials — best sharpe: 1.28
  [  7%] 75/1000 trials — best sharpe: 1.28
  [ 10%] 100/1000 trials — best sharpe: 1.28
  [ 12%] 125/1000 trials — best sharpe: 1.28
  [ 15%] 150/1000 trials — best sharpe: 1.28
  [ 17%] 175/1000 trials — best sharpe: 1.28
  [ 20%] 200/1000 trials — best sharpe: 1.30
  [ 22%] 225/1000 trials — best sharpe: 1.30
  [ 25%] 250/1000 trials — best sharpe: 1.30
  [ 27%] 275/1000 trials — best sharpe: 1.30
  [ 30%] 300/1000 trials — best sharpe: 1.30
  [ 32%] 325/1000 trials — best sharpe: 1.30
  [ 35%] 350/1000 trials — best sharpe: 1.30
  [ 37%] 375/1000 trials — best sharpe: 1.30
  [ 40%] 400/1000 trials — best sharpe: 1.30
  [ 42%] 425/1000 trials — best sharpe: 1.30
  [ 45%] 450/1000 trials — best sharpe: 1.30
  [ 47%] 475/1000 trials — best sharpe: 1.30
  [ 50%] 500/1000 trials — best sharpe: 1.30
  [ 52%] 525/1000 trials — best sharpe: 1.31
  [ 55%] 550/1000 trials — best sharpe: 1.32
  [ 57%] 575/1000 trials — best sharpe: 1.32
  [ 60%] 600/1000 trials — best sharpe: 1.32
  [ 62%] 625/1000 trials — best sharpe: 1.32
  [ 65%] 650/1000 trials — best sharpe: 1.32
  [ 67%] 675/1000 trials — best sharpe: 1.32
  [ 70%] 700/1000 trials — best sharpe: 1.32
  [ 72%] 725/1000 trials — best sharpe: 1.32
  [ 75%] 750/1000 trials — best sharpe: 1.32
  [ 77%] 775/1000 trials — best sharpe: 1.32
  [ 80%] 800/1000 trials — best sharpe: 1.32
  [ 82%] 825/1000 trials — best sharpe: 1.32
  [ 85%] 850/1000 trials — best sharpe: 1.32
  [ 87%] 875/1000 trials — best sharpe: 1.32
  [ 90%] 900/1000 trials — best sharpe: 1.32
  [ 92%] 925/1000 trials — best sharpe: 1.32
  [ 95%] 950/1000 trials — best sharpe: 1.32
  [ 97%] 975/1000 trials — best sharpe: 1.32
  [100%] 1000/1000 trials — best sharpe: 1.32
Optimization complete — best sharpe: 1.32
  Max drawdown: 15.03% | Sharpe: 1.32 | Win rate: 62.50%
restart 2/4 (as of 2021-03-12)
Optimizing 2 strategies over 2015-07-28 to 2021-03-11
  objective: sharpe | train window: 2015-07-28 → 2021-03-11
  1000 trials across 5 workers
  [  2%] 25/1000 trials — best sharpe: 1.26
  [  5%] 50/1000 trials — best sharpe: 1.27
  [  7%] 75/1000 trials — best sharpe: 1.27
  [ 10%] 100/1000 trials — best sharpe: 1.27
  [ 12%] 125/1000 trials — best sharpe: 1.28
  [ 15%] 150/1000 trials — best sharpe: 1.28
  [ 17%] 175/1000 trials — best sharpe: 1.28
  [ 20%] 200/1000 trials — best sharpe: 1.28
  [ 22%] 225/1000 trials — best sharpe: 1.28
  [ 25%] 250/1000 trials — best sharpe: 1.28
  [ 27%] 275/1000 trials — best sharpe: 1.28
  [ 30%] 300/1000 trials — best sharpe: 1.29
  [ 32%] 325/1000 trials — best sharpe: 1.30
  [ 35%] 350/1000 trials — best sharpe: 1.30
  [ 37%] 375/1000 trials — best sharpe: 1.30
  [ 40%] 400/1000 trials — best sharpe: 1.30
  [ 42%] 425/1000 trials — best sharpe: 1.30
  [ 45%] 450/1000 trials — best sharpe: 1.30
  [ 47%] 475/1000 trials — best sharpe: 1.30
  [ 50%] 500/1000 trials — best sharpe: 1.30
  [ 52%] 525/1000 trials — best sharpe: 1.30
  [ 55%] 550/1000 trials — best sharpe: 1.30
  [ 57%] 575/1000 trials — best sharpe: 1.30
  [ 60%] 600/1000 trials — best sharpe: 1.30
  [ 62%] 625/1000 trials — best sharpe: 1.30
  [ 65%] 650/1000 trials — best sharpe: 1.30
  [ 67%] 675/1000 trials — best sharpe: 1.30
  [ 70%] 700/1000 trials — best sharpe: 1.30
  [ 72%] 725/1000 trials — best sharpe: 1.30
  [ 75%] 750/1000 trials — best sharpe: 1.30
  [ 77%] 775/1000 trials — best sharpe: 1.30
  [ 80%] 800/1000 trials — best sharpe: 1.30
  [ 82%] 825/1000 trials — best sharpe: 1.30
  [ 85%] 850/1000 trials — best sharpe: 1.30
  [ 87%] 875/1000 trials — best sharpe: 1.30
  [ 90%] 900/1000 trials — best sharpe: 1.30
  [ 92%] 925/1000 trials — best sharpe: 1.30
  [ 95%] 950/1000 trials — best sharpe: 1.30
  [ 97%] 975/1000 trials — best sharpe: 1.30
  [100%] 1000/1000 trials — best sharpe: 1.30
Optimization complete — best sharpe: 1.30
  Max drawdown: 15.36% | Sharpe: 1.30 | Win rate: 68.06%
restart 3/4 (as of 2021-03-12)
Optimizing 2 strategies over 2015-07-28 to 2021-03-11
  objective: sharpe | train window: 2015-07-28 → 2021-03-11
  1000 trials across 5 workers
  [  2%] 25/1000 trials — best sharpe: 1.19
  [  5%] 50/1000 trials — best sharpe: 1.26
  [  7%] 75/1000 trials — best sharpe: 1.29
  [ 10%] 100/1000 trials — best sharpe: 1.29
  [ 12%] 125/1000 trials — best sharpe: 1.29
  [ 15%] 150/1000 trials — best sharpe: 1.29
  [ 17%] 175/1000 trials — best sharpe: 1.32
  [ 20%] 200/1000 trials — best sharpe: 1.32
  [ 22%] 225/1000 trials — best sharpe: 1.32
  [ 25%] 250/1000 trials — best sharpe: 1.32
  [ 27%] 275/1000 trials — best sharpe: 1.32
  [ 30%] 300/1000 trials — best sharpe: 1.32
  [ 32%] 325/1000 trials — best sharpe: 1.32
  [ 35%] 350/1000 trials — best sharpe: 1.32
  [ 37%] 375/1000 trials — best sharpe: 1.32
  [ 40%] 400/1000 trials — best sharpe: 1.32
  [ 42%] 425/1000 trials — best sharpe: 1.32
  [ 45%] 450/1000 trials — best sharpe: 1.32
  [ 47%] 475/1000 trials — best sharpe: 1.32
  [ 50%] 500/1000 trials — best sharpe: 1.32
  [ 52%] 525/1000 trials — best sharpe: 1.32
  [ 55%] 550/1000 trials — best sharpe: 1.32
  [ 57%] 575/1000 trials — best sharpe: 1.32
  [ 60%] 600/1000 trials — best sharpe: 1.32
  [ 62%] 625/1000 trials — best sharpe: 1.32
  [ 65%] 650/1000 trials — best sharpe: 1.32
  [ 67%] 675/1000 trials — best sharpe: 1.32
  [ 70%] 700/1000 trials — best sharpe: 1.32
  [ 72%] 725/1000 trials — best sharpe: 1.32
  [ 75%] 750/1000 trials — best sharpe: 1.33
  [ 77%] 775/1000 trials — best sharpe: 1.33
  [ 80%] 800/1000 trials — best sharpe: 1.33
  [ 82%] 825/1000 trials — best sharpe: 1.33
  [ 85%] 850/1000 trials — best sharpe: 1.33
  [ 87%] 875/1000 trials — best sharpe: 1.33
  [ 90%] 900/1000 trials — best sharpe: 1.33
  [ 92%] 925/1000 trials — best sharpe: 1.33
  [ 95%] 950/1000 trials — best sharpe: 1.33
  [ 97%] 975/1000 trials — best sharpe: 1.33
  [100%] 1000/1000 trials — best sharpe: 1.33
Optimization complete — best sharpe: 1.33
  Max drawdown: 16.47% | Sharpe: 1.33 | Win rate: 62.32%
restart 4/4 (as of 2021-03-12)
Optimizing 2 strategies over 2015-07-28 to 2021-03-11
  objective: sharpe | train window: 2015-07-28 → 2021-03-11
  1000 trials across 5 workers
  [  2%] 25/1000 trials — best sharpe: 1.30
  [  5%] 50/1000 trials — best sharpe: 1.30
  [  7%] 75/1000 trials — best sharpe: 1.30
  [ 10%] 100/1000 trials — best sharpe: 1.30
  [ 12%] 125/1000 trials — best sharpe: 1.30
  [ 15%] 150/1000 trials — best sharpe: 1.30
  [ 17%] 175/1000 trials — best sharpe: 1.30
  [ 20%] 200/1000 trials — best sharpe: 1.30
  [ 22%] 225/1000 trials — best sharpe: 1.30
  [ 25%] 250/1000 trials — best sharpe: 1.30
  [ 27%] 275/1000 trials — best sharpe: 1.31
  [ 30%] 300/1000 trials — best sharpe: 1.31
  [ 32%] 325/1000 trials — best sharpe: 1.31
  [ 35%] 350/1000 trials — best sharpe: 1.32
  [ 37%] 375/1000 trials — best sharpe: 1.32
  [ 40%] 400/1000 trials — best sharpe: 1.32
  [ 42%] 425/1000 trials — best sharpe: 1.32
  [ 45%] 450/1000 trials — best sharpe: 1.32
  [ 47%] 475/1000 trials — best sharpe: 1.32
  [ 50%] 500/1000 trials — best sharpe: 1.32
  [ 52%] 525/1000 trials — best sharpe: 1.32
  [ 55%] 550/1000 trials — best sharpe: 1.32
  [ 57%] 575/1000 trials — best sharpe: 1.33
  [ 60%] 600/1000 trials — best sharpe: 1.33
  [ 62%] 625/1000 trials — best sharpe: 1.33
  [ 65%] 650/1000 trials — best sharpe: 1.33
  [ 67%] 675/1000 trials — best sharpe: 1.33
  [ 70%] 700/1000 trials — best sharpe: 1.33
  [ 72%] 725/1000 trials — best sharpe: 1.33
  [ 75%] 750/1000 trials — best sharpe: 1.33
  [ 77%] 775/1000 trials — best sharpe: 1.33
  [ 80%] 800/1000 trials — best sharpe: 1.33
  [ 82%] 825/1000 trials — best sharpe: 1.33
  [ 85%] 850/1000 trials — best sharpe: 1.33
  [ 87%] 875/1000 trials — best sharpe: 1.33
  [ 90%] 900/1000 trials — best sharpe: 1.33
  [ 92%] 925/1000 trials — best sharpe: 1.33
  [ 95%] 950/1000 trials — best sharpe: 1.33
  [ 97%] 975/1000 trials — best sharpe: 1.33
  [100%] 1000/1000 trials — best sharpe: 1.33
Optimization complete — best sharpe: 1.33
  Max drawdown: 16.47% | Sharpe: 1.33 | Win rate: 62.32%
ensemble under-filled: 8 distinct member(s) survived dedupe (policy asks for 20)
— the deployment is less diversified than configured
Fold 2/13: test 2021-06-11 → 2021-09-09
Fold 3/13: test 2021-09-10 → 2021-12-08
Fold 4/13: test 2021-12-09 → 2022-03-10
Fold 5/13: test 2022-03-11 → 2022-06-09
Fold 6/13: test 2022-06-10 → 2022-09-09
Fold 7/13: test 2022-09-12 → 2022-12-08
Fold 8/13: test 2022-12-09 → 2023-03-13
Fold 9/13: test 2023-03-14 → 2023-06-12
Fold 10/13: test 2023-06-13 → 2023-09-12
Fold 11/13: test 2023-09-13 → 2023-12-11
Fold 12/13: test 2023-12-12 → 2024-03-13
Fold 13/13: test 2024-03-14 → 2024-08-27
cell 17/32 done in 8m (elapsed 79m; ~70m remaining at the mean cell pace — 
frozen cells run far faster than re-fit cells)
sweep: ensemble on etf, seed base 43 [cell 18/32]
Fold 1/13: test 2021-03-12 → 2021-06-10
restart 1/4 (as of 2021-03-12)
Optimizing 2 strategies over 2015-07-28 to 2021-03-11
  objective: sharpe | train window: 2015-07-28 → 2021-03-11
  1000 trials across 5 workers
  [  2%] 25/1000 trials — best sharpe: 1.27
  [  5%] 50/1000 trials — best sharpe: 1.27
  [  7%] 75/1000 trials — best sharpe: 1.27
  [ 10%] 100/1000 trials — best sharpe: 1.27
  [ 12%] 125/1000 trials — best sharpe: 1.29
  [ 15%] 150/1000 trials — best sharpe: 1.29
  [ 17%] 175/1000 trials — best sharpe: 1.29
  [ 20%] 200/1000 trials — best sharpe: 1.29
  [ 22%] 225/1000 trials — best sharpe: 1.29
  [ 25%] 250/1000 trials — best sharpe: 1.29
  [ 27%] 275/1000 trials — best sharpe: 1.29
  [ 30%] 300/1000 trials — best sharpe: 1.29
  [ 32%] 325/1000 trials — best sharpe: 1.29
  [ 35%] 350/1000 trials — best sharpe: 1.29
  [ 37%] 375/1000 trials — best sharpe: 1.29
  [ 40%] 400/1000 trials — best sharpe: 1.29
  [ 42%] 425/1000 trials — best sharpe: 1.29
  [ 45%] 450/1000 trials — best sharpe: 1.29
  [ 47%] 475/1000 trials — best sharpe: 1.29
  [ 50%] 500/1000 trials — best sharpe: 1.29
  [ 52%] 525/1000 trials — best sharpe: 1.29
  [ 55%] 550/1000 trials — best sharpe: 1.29
  [ 57%] 575/1000 trials — best sharpe: 1.29
  [ 60%] 600/1000 trials — best sharpe: 1.29
  [ 62%] 625/1000 trials — best sharpe: 1.29
  [ 65%] 650/1000 trials — best sharpe: 1.29
  [ 67%] 675/1000 trials — best sharpe: 1.30
  [ 70%] 700/1000 trials — best sharpe: 1.30
  [ 72%] 725/1000 trials — best sharpe: 1.30
  [ 75%] 750/1000 trials — best sharpe: 1.30
  [ 77%] 775/1000 trials — best sharpe: 1.30
  [ 80%] 800/1000 trials — best sharpe: 1.30
  [ 82%] 825/1000 trials — best sharpe: 1.30
  [ 85%] 850/1000 trials — best sharpe: 1.30
  [ 87%] 875/1000 trials — best sharpe: 1.30
  [ 90%] 900/1000 trials — best sharpe: 1.30
  [ 92%] 925/1000 trials — best sharpe: 1.30
  [ 95%] 950/1000 trials — best sharpe: 1.30
  [ 97%] 975/1000 trials — best sharpe: 1.30
  [100%] 1000/1000 trials — best sharpe: 1.30
Optimization complete — best sharpe: 1.30
  Max drawdown: 15.44% | Sharpe: 1.30 | Win rate: 66.20%
restart 2/4 (as of 2021-03-12)
Optimizing 2 strategies over 2015-07-28 to 2021-03-11
  objective: sharpe | train window: 2015-07-28 → 2021-03-11
  1000 trials across 5 workers
  [  2%] 25/1000 trials — best sharpe: 1.26
  [  5%] 50/1000 trials — best sharpe: 1.27
  [  7%] 75/1000 trials — best sharpe: 1.27
  [ 10%] 100/1000 trials — best sharpe: 1.29
  [ 12%] 125/1000 trials — best sharpe: 1.29
  [ 15%] 150/1000 trials — best sharpe: 1.29
  [ 17%] 175/1000 trials — best sharpe: 1.29
  [ 20%] 200/1000 trials — best sharpe: 1.29
  [ 22%] 225/1000 trials — best sharpe: 1.29
  [ 25%] 250/1000 trials — best sharpe: 1.29
  [ 27%] 275/1000 trials — best sharpe: 1.29
  [ 30%] 300/1000 trials — best sharpe: 1.30
  [ 32%] 325/1000 trials — best sharpe: 1.30
  [ 35%] 350/1000 trials — best sharpe: 1.30
  [ 37%] 375/1000 trials — best sharpe: 1.30
  [ 40%] 400/1000 trials — best sharpe: 1.30
  [ 42%] 425/1000 trials — best sharpe: 1.30
  [ 45%] 450/1000 trials — best sharpe: 1.30
  [ 47%] 475/1000 trials — best sharpe: 1.30
  [ 50%] 500/1000 trials — best sharpe: 1.30
  [ 52%] 525/1000 trials — best sharpe: 1.30
  [ 55%] 550/1000 trials — best sharpe: 1.30
  [ 57%] 575/1000 trials — best sharpe: 1.30
  [ 60%] 600/1000 trials — best sharpe: 1.31
  [ 62%] 625/1000 trials — best sharpe: 1.31
  [ 65%] 650/1000 trials — best sharpe: 1.31
  [ 67%] 675/1000 trials — best sharpe: 1.31
  [ 70%] 700/1000 trials — best sharpe: 1.31
  [ 72%] 725/1000 trials — best sharpe: 1.31
  [ 75%] 750/1000 trials — best sharpe: 1.31
  [ 77%] 775/1000 trials — best sharpe: 1.33
  [ 80%] 800/1000 trials — best sharpe: 1.33
  [ 82%] 825/1000 trials — best sharpe: 1.33
  [ 85%] 850/1000 trials — best sharpe: 1.33
  [ 87%] 875/1000 trials — best sharpe: 1.33
  [ 90%] 900/1000 trials — best sharpe: 1.33
  [ 92%] 925/1000 trials — best sharpe: 1.33
  [ 95%] 950/1000 trials — best sharpe: 1.33
  [ 97%] 975/1000 trials — best sharpe: 1.33
  [100%] 1000/1000 trials — best sharpe: 1.33
Optimization complete — best sharpe: 1.33
  Max drawdown: 14.48% | Sharpe: 1.33 | Win rate: 63.01%
restart 3/4 (as of 2021-03-12)
Optimizing 2 strategies over 2015-07-28 to 2021-03-11
  objective: sharpe | train window: 2015-07-28 → 2021-03-11
  1000 trials across 5 workers
  [  2%] 25/1000 trials — best sharpe: 1.16
  [  5%] 50/1000 trials — best sharpe: 1.26
  [  7%] 75/1000 trials — best sharpe: 1.28
  [ 10%] 100/1000 trials — best sharpe: 1.28
  [ 12%] 125/1000 trials — best sharpe: 1.29
  [ 15%] 150/1000 trials — best sharpe: 1.32
  [ 17%] 175/1000 trials — best sharpe: 1.32
  [ 20%] 200/1000 trials — best sharpe: 1.32
  [ 22%] 225/1000 trials — best sharpe: 1.32
  [ 25%] 250/1000 trials — best sharpe: 1.33
  [ 27%] 275/1000 trials — best sharpe: 1.33
  [ 30%] 300/1000 trials — best sharpe: 1.33
  [ 32%] 325/1000 trials — best sharpe: 1.33
  [ 35%] 350/1000 trials — best sharpe: 1.33
  [ 37%] 375/1000 trials — best sharpe: 1.33
  [ 40%] 400/1000 trials — best sharpe: 1.33
  [ 42%] 425/1000 trials — best sharpe: 1.33
  [ 45%] 450/1000 trials — best sharpe: 1.33
  [ 47%] 475/1000 trials — best sharpe: 1.33
  [ 50%] 500/1000 trials — best sharpe: 1.33
  [ 52%] 525/1000 trials — best sharpe: 1.33
  [ 55%] 550/1000 trials — best sharpe: 1.33
  [ 57%] 575/1000 trials — best sharpe: 1.33
  [ 60%] 600/1000 trials — best sharpe: 1.33
  [ 62%] 625/1000 trials — best sharpe: 1.33
  [ 65%] 650/1000 trials — best sharpe: 1.33
  [ 67%] 675/1000 trials — best sharpe: 1.33
  [ 70%] 700/1000 trials — best sharpe: 1.33
  [ 72%] 725/1000 trials — best sharpe: 1.33
  [ 75%] 750/1000 trials — best sharpe: 1.33
  [ 77%] 775/1000 trials — best sharpe: 1.33
  [ 80%] 800/1000 trials — best sharpe: 1.33
  [ 82%] 825/1000 trials — best sharpe: 1.33
  [ 85%] 850/1000 trials — best sharpe: 1.33
  [ 87%] 875/1000 trials — best sharpe: 1.33
  [ 90%] 900/1000 trials — best sharpe: 1.33
  [ 92%] 925/1000 trials — best sharpe: 1.33
  [ 95%] 950/1000 trials — best sharpe: 1.33
  [ 97%] 975/1000 trials — best sharpe: 1.33
  [100%] 1000/1000 trials — best sharpe: 1.33
Optimization complete — best sharpe: 1.33
  Max drawdown: 14.43% | Sharpe: 1.33 | Win rate: 63.38%
restart 4/4 (as of 2021-03-12)
Optimizing 2 strategies over 2015-07-28 to 2021-03-11
  objective: sharpe | train window: 2015-07-28 → 2021-03-11
  1000 trials across 5 workers
  [  2%] 25/1000 trials — best sharpe: 1.22
  [  5%] 50/1000 trials — best sharpe: 1.26
  [  7%] 75/1000 trials — best sharpe: 1.27
  [ 10%] 100/1000 trials — best sharpe: 1.30
  [ 12%] 125/1000 trials — best sharpe: 1.33
  [ 15%] 150/1000 trials — best sharpe: 1.33
  [ 17%] 175/1000 trials — best sharpe: 1.33
  [ 20%] 200/1000 trials — best sharpe: 1.33
  [ 22%] 225/1000 trials — best sharpe: 1.33
  [ 25%] 250/1000 trials — best sharpe: 1.33
  [ 27%] 275/1000 trials — best sharpe: 1.33
  [ 30%] 300/1000 trials — best sharpe: 1.33
  [ 32%] 325/1000 trials — best sharpe: 1.33
  [ 35%] 350/1000 trials — best sharpe: 1.33
  [ 37%] 375/1000 trials — best sharpe: 1.33
  [ 40%] 400/1000 trials — best sharpe: 1.33
  [ 42%] 425/1000 trials — best sharpe: 1.33
  [ 45%] 450/1000 trials — best sharpe: 1.33
  [ 47%] 475/1000 trials — best sharpe: 1.33
  [ 50%] 500/1000 trials — best sharpe: 1.33
  [ 52%] 525/1000 trials — best sharpe: 1.33
  [ 55%] 550/1000 trials — best sharpe: 1.33
  [ 57%] 575/1000 trials — best sharpe: 1.33
  [ 60%] 600/1000 trials — best sharpe: 1.33
  [ 62%] 625/1000 trials — best sharpe: 1.33
  [ 65%] 650/1000 trials — best sharpe: 1.33
  [ 67%] 675/1000 trials — best sharpe: 1.33
  [ 70%] 700/1000 trials — best sharpe: 1.33
  [ 72%] 725/1000 trials — best sharpe: 1.33
  [ 75%] 750/1000 trials — best sharpe: 1.33
  [ 77%] 775/1000 trials — best sharpe: 1.33
  [ 80%] 800/1000 trials — best sharpe: 1.33
  [ 82%] 825/1000 trials — best sharpe: 1.35
  [ 85%] 850/1000 trials — best sharpe: 1.35
  [ 87%] 875/1000 trials — best sharpe: 1.35
  [ 90%] 900/1000 trials — best sharpe: 1.35
  [ 92%] 925/1000 trials — best sharpe: 1.35
  [ 95%] 950/1000 trials — best sharpe: 1.35
  [ 97%] 975/1000 trials — best sharpe: 1.35
  [100%] 1000/1000 trials — best sharpe: 1.35
Optimization complete — best sharpe: 1.35
  Max drawdown: 15.24% | Sharpe: 1.35 | Win rate: 67.14%
ensemble under-filled: 13 distinct member(s) survived dedupe (policy asks for 
20) — the deployment is less diversified than configured
Fold 2/13: test 2021-06-11 → 2021-09-09
Fold 3/13: test 2021-09-10 → 2021-12-08
Fold 4/13: test 2021-12-09 → 2022-03-10
Fold 5/13: test 2022-03-11 → 2022-06-09
Fold 6/13: test 2022-06-10 → 2022-09-09
Fold 7/13: test 2022-09-12 → 2022-12-08
Fold 8/13: test 2022-12-09 → 2023-03-13
Fold 9/13: test 2023-03-14 → 2023-06-12
Fold 10/13: test 2023-06-13 → 2023-09-12
Fold 11/13: test 2023-09-13 → 2023-12-11
Fold 12/13: test 2023-12-12 → 2024-03-13
Fold 13/13: test 2024-03-14 → 2024-08-27
cell 18/32 done in 4m (elapsed 83m; ~65m remaining at the mean cell pace — 
frozen cells run far faster than re-fit cells)
sweep: ensemble on etf, seed base 44 [cell 19/32]
Fold 1/13: test 2021-03-12 → 2021-06-10
restart 1/4 (as of 2021-03-12)
Optimizing 2 strategies over 2015-07-28 to 2021-03-11
  objective: sharpe | train window: 2015-07-28 → 2021-03-11
  1000 trials across 5 workers
  [  2%] 25/1000 trials — best sharpe: 1.19
  [  5%] 50/1000 trials — best sharpe: 1.26
  [  7%] 75/1000 trials — best sharpe: 1.32
  [ 10%] 100/1000 trials — best sharpe: 1.32
  [ 12%] 125/1000 trials — best sharpe: 1.32
  [ 15%] 150/1000 trials — best sharpe: 1.32
  [ 17%] 175/1000 trials — best sharpe: 1.32
  [ 20%] 200/1000 trials — best sharpe: 1.32
  [ 22%] 225/1000 trials — best sharpe: 1.32
  [ 25%] 250/1000 trials — best sharpe: 1.32
  [ 27%] 275/1000 trials — best sharpe: 1.32
  [ 30%] 300/1000 trials — best sharpe: 1.32
  [ 32%] 325/1000 trials — best sharpe: 1.32
  [ 35%] 350/1000 trials — best sharpe: 1.32
  [ 37%] 375/1000 trials — best sharpe: 1.32
  [ 40%] 400/1000 trials — best sharpe: 1.32
  [ 42%] 425/1000 trials — best sharpe: 1.32
  [ 45%] 450/1000 trials — best sharpe: 1.32
  [ 47%] 475/1000 trials — best sharpe: 1.32
  [ 50%] 500/1000 trials — best sharpe: 1.32
  [ 52%] 525/1000 trials — best sharpe: 1.32
  [ 55%] 550/1000 trials — best sharpe: 1.32
  [ 57%] 575/1000 trials — best sharpe: 1.34
  [ 60%] 600/1000 trials — best sharpe: 1.34
  [ 62%] 625/1000 trials — best sharpe: 1.34
  [ 65%] 650/1000 trials — best sharpe: 1.34
  [ 67%] 675/1000 trials — best sharpe: 1.34
  [ 70%] 700/1000 trials — best sharpe: 1.34
  [ 72%] 725/1000 trials — best sharpe: 1.34
  [ 75%] 750/1000 trials — best sharpe: 1.34
  [ 77%] 775/1000 trials — best sharpe: 1.34
  [ 80%] 800/1000 trials — best sharpe: 1.34
  [ 82%] 825/1000 trials — best sharpe: 1.34
  [ 85%] 850/1000 trials — best sharpe: 1.34
  [ 87%] 875/1000 trials — best sharpe: 1.34
  [ 90%] 900/1000 trials — best sharpe: 1.34
  [ 92%] 925/1000 trials — best sharpe: 1.34
  [ 95%] 950/1000 trials — best sharpe: 1.34
  [ 97%] 975/1000 trials — best sharpe: 1.34
  [100%] 1000/1000 trials — best sharpe: 1.34
Optimization complete — best sharpe: 1.34
  Max drawdown: 14.65% | Sharpe: 1.34 | Win rate: 65.71%
restart 2/4 (as of 2021-03-12)
Optimizing 2 strategies over 2015-07-28 to 2021-03-11
  objective: sharpe | train window: 2015-07-28 → 2021-03-11
  1000 trials across 5 workers
  [  2%] 25/1000 trials — best sharpe: 1.25
  [  5%] 50/1000 trials — best sharpe: 1.28
  [  7%] 75/1000 trials — best sharpe: 1.28
  [ 10%] 100/1000 trials — best sharpe: 1.28
  [ 12%] 125/1000 trials — best sharpe: 1.28
  [ 15%] 150/1000 trials — best sharpe: 1.28
  [ 17%] 175/1000 trials — best sharpe: 1.28
  [ 20%] 200/1000 trials — best sharpe: 1.28
  [ 22%] 225/1000 trials — best sharpe: 1.28
  [ 25%] 250/1000 trials — best sharpe: 1.28
  [ 27%] 275/1000 trials — best sharpe: 1.28
  [ 30%] 300/1000 trials — best sharpe: 1.28
  [ 32%] 325/1000 trials — best sharpe: 1.28
  [ 35%] 350/1000 trials — best sharpe: 1.28
  [ 37%] 375/1000 trials — best sharpe: 1.33
  [ 40%] 400/1000 trials — best sharpe: 1.33
  [ 42%] 425/1000 trials — best sharpe: 1.33
  [ 45%] 450/1000 trials — best sharpe: 1.33
  [ 47%] 475/1000 trials — best sharpe: 1.33
  [ 50%] 500/1000 trials — best sharpe: 1.33
  [ 52%] 525/1000 trials — best sharpe: 1.33
  [ 55%] 550/1000 trials — best sharpe: 1.33
  [ 57%] 575/1000 trials — best sharpe: 1.33
  [ 60%] 600/1000 trials — best sharpe: 1.33
  [ 62%] 625/1000 trials — best sharpe: 1.33
  [ 65%] 650/1000 trials — best sharpe: 1.33
  [ 67%] 675/1000 trials — best sharpe: 1.33
  [ 70%] 700/1000 trials — best sharpe: 1.33
  [ 72%] 725/1000 trials — best sharpe: 1.33
  [ 75%] 750/1000 trials — best sharpe: 1.33
  [ 77%] 775/1000 trials — best sharpe: 1.33
  [ 80%] 800/1000 trials — best sharpe: 1.33
  [ 82%] 825/1000 trials — best sharpe: 1.33
  [ 85%] 850/1000 trials — best sharpe: 1.33
  [ 87%] 875/1000 trials — best sharpe: 1.33
  [ 90%] 900/1000 trials — best sharpe: 1.33
  [ 92%] 925/1000 trials — best sharpe: 1.33
  [ 95%] 950/1000 trials — best sharpe: 1.33
  [ 97%] 975/1000 trials — best sharpe: 1.33
  [100%] 1000/1000 trials — best sharpe: 1.33
Optimization complete — best sharpe: 1.33
  Max drawdown: 15.47% | Sharpe: 1.33 | Win rate: 67.12%
restart 3/4 (as of 2021-03-12)
Optimizing 2 strategies over 2015-07-28 to 2021-03-11
  objective: sharpe | train window: 2015-07-28 → 2021-03-11
  1000 trials across 5 workers
  [  2%] 25/1000 trials — best sharpe: 1.20
  [  5%] 50/1000 trials — best sharpe: 1.27
  [  7%] 75/1000 trials — best sharpe: 1.28
  [ 10%] 100/1000 trials — best sharpe: 1.28
  [ 12%] 125/1000 trials — best sharpe: 1.28
  [ 15%] 150/1000 trials — best sharpe: 1.28
  [ 17%] 175/1000 trials — best sharpe: 1.29
  [ 20%] 200/1000 trials — best sharpe: 1.30
  [ 22%] 225/1000 trials — best sharpe: 1.30
  [ 25%] 250/1000 trials — best sharpe: 1.30
  [ 27%] 275/1000 trials — best sharpe: 1.30
  [ 30%] 300/1000 trials — best sharpe: 1.30
  [ 32%] 325/1000 trials — best sharpe: 1.32
  [ 35%] 350/1000 trials — best sharpe: 1.32
  [ 37%] 375/1000 trials — best sharpe: 1.32
  [ 40%] 400/1000 trials — best sharpe: 1.33
  [ 42%] 425/1000 trials — best sharpe: 1.33
  [ 45%] 450/1000 trials — best sharpe: 1.33
  [ 47%] 475/1000 trials — best sharpe: 1.33
  [ 50%] 500/1000 trials — best sharpe: 1.33
  [ 52%] 525/1000 trials — best sharpe: 1.33
  [ 55%] 550/1000 trials — best sharpe: 1.33
  [ 57%] 575/1000 trials — best sharpe: 1.33
  [ 60%] 600/1000 trials — best sharpe: 1.33
  [ 62%] 625/1000 trials — best sharpe: 1.33
  [ 65%] 650/1000 trials — best sharpe: 1.33
  [ 67%] 675/1000 trials — best sharpe: 1.33
  [ 70%] 700/1000 trials — best sharpe: 1.33
  [ 72%] 725/1000 trials — best sharpe: 1.33
  [ 75%] 750/1000 trials — best sharpe: 1.33
  [ 77%] 775/1000 trials — best sharpe: 1.33
  [ 80%] 800/1000 trials — best sharpe: 1.33
  [ 82%] 825/1000 trials — best sharpe: 1.33
  [ 85%] 850/1000 trials — best sharpe: 1.33
  [ 87%] 875/1000 trials — best sharpe: 1.33
  [ 90%] 900/1000 trials — best sharpe: 1.33
  [ 92%] 925/1000 trials — best sharpe: 1.33
  [ 95%] 950/1000 trials — best sharpe: 1.33
  [ 97%] 975/1000 trials — best sharpe: 1.33
  [100%] 1000/1000 trials — best sharpe: 1.33
Optimization complete — best sharpe: 1.33
  Max drawdown: 14.50% | Sharpe: 1.33 | Win rate: 62.50%
restart 4/4 (as of 2021-03-12)
Optimizing 2 strategies over 2015-07-28 to 2021-03-11
  objective: sharpe | train window: 2015-07-28 → 2021-03-11
  1000 trials across 5 workers
  [  2%] 25/1000 trials — best sharpe: 1.23
  [  5%] 50/1000 trials — best sharpe: 1.23
  [  7%] 75/1000 trials — best sharpe: 1.23
  [ 10%] 100/1000 trials — best sharpe: 1.23
  [ 12%] 125/1000 trials — best sharpe: 1.23
  [ 15%] 150/1000 trials — best sharpe: 1.23
  [ 17%] 175/1000 trials — best sharpe: 1.29
  [ 20%] 200/1000 trials — best sharpe: 1.29
  [ 22%] 225/1000 trials — best sharpe: 1.29
  [ 25%] 250/1000 trials — best sharpe: 1.29
  [ 27%] 275/1000 trials — best sharpe: 1.29
  [ 30%] 300/1000 trials — best sharpe: 1.29
  [ 32%] 325/1000 trials — best sharpe: 1.29
  [ 35%] 350/1000 trials — best sharpe: 1.31
  [ 37%] 375/1000 trials — best sharpe: 1.31
  [ 40%] 400/1000 trials — best sharpe: 1.31
  [ 42%] 425/1000 trials — best sharpe: 1.31
  [ 45%] 450/1000 trials — best sharpe: 1.31
  [ 47%] 475/1000 trials — best sharpe: 1.31
  [ 50%] 500/1000 trials — best sharpe: 1.31
  [ 52%] 525/1000 trials — best sharpe: 1.31
  [ 55%] 550/1000 trials — best sharpe: 1.31
  [ 57%] 575/1000 trials — best sharpe: 1.31
  [ 60%] 600/1000 trials — best sharpe: 1.31
  [ 62%] 625/1000 trials — best sharpe: 1.31
  [ 65%] 650/1000 trials — best sharpe: 1.31
  [ 67%] 675/1000 trials — best sharpe: 1.31
  [ 70%] 700/1000 trials — best sharpe: 1.31
  [ 72%] 725/1000 trials — best sharpe: 1.31
  [ 75%] 750/1000 trials — best sharpe: 1.31
  [ 77%] 775/1000 trials — best sharpe: 1.31
  [ 80%] 800/1000 trials — best sharpe: 1.31
  [ 82%] 825/1000 trials — best sharpe: 1.33
  [ 85%] 850/1000 trials — best sharpe: 1.34
  [ 87%] 875/1000 trials — best sharpe: 1.34
  [ 90%] 900/1000 trials — best sharpe: 1.34
  [ 92%] 925/1000 trials — best sharpe: 1.34
  [ 95%] 950/1000 trials — best sharpe: 1.34
  [ 97%] 975/1000 trials — best sharpe: 1.34
  [100%] 1000/1000 trials — best sharpe: 1.34
Optimization complete — best sharpe: 1.34
  Max drawdown: 14.48% | Sharpe: 1.34 | Win rate: 63.38%
ensemble under-filled: 14 distinct member(s) survived dedupe (policy asks for 
20) — the deployment is less diversified than configured
Fold 2/13: test 2021-06-11 → 2021-09-09
Fold 3/13: test 2021-09-10 → 2021-12-08
Fold 4/13: test 2021-12-09 → 2022-03-10
Fold 5/13: test 2022-03-11 → 2022-06-09
Fold 6/13: test 2022-06-10 → 2022-09-09
Fold 7/13: test 2022-09-12 → 2022-12-08
Fold 8/13: test 2022-12-09 → 2023-03-13
Fold 9/13: test 2023-03-14 → 2023-06-12
Fold 10/13: test 2023-06-13 → 2023-09-12
Fold 11/13: test 2023-09-13 → 2023-12-11
Fold 12/13: test 2023-12-12 → 2024-03-13
Fold 13/13: test 2024-03-14 → 2024-08-27
cell 19/32 done in 4m (elapsed 87m; ~60m remaining at the mean cell pace — 
frozen cells run far faster than re-fit cells)
sweep: ensemble on etf, seed base 45 [cell 20/32]
Fold 1/13: test 2021-03-12 → 2021-06-10
restart 1/4 (as of 2021-03-12)
Optimizing 2 strategies over 2015-07-28 to 2021-03-11
  objective: sharpe | train window: 2015-07-28 → 2021-03-11
  1000 trials across 5 workers
  [  2%] 25/1000 trials — best sharpe: 1.24
  [  5%] 50/1000 trials — best sharpe: 1.24
  [  7%] 75/1000 trials — best sharpe: 1.29
  [ 10%] 100/1000 trials — best sharpe: 1.29
  [ 12%] 125/1000 trials — best sharpe: 1.29
  [ 15%] 150/1000 trials — best sharpe: 1.29
  [ 17%] 175/1000 trials — best sharpe: 1.29
  [ 20%] 200/1000 trials — best sharpe: 1.29
  [ 22%] 225/1000 trials — best sharpe: 1.29
  [ 25%] 250/1000 trials — best sharpe: 1.29
  [ 27%] 275/1000 trials — best sharpe: 1.31
  [ 30%] 300/1000 trials — best sharpe: 1.31
  [ 32%] 325/1000 trials — best sharpe: 1.31
  [ 35%] 350/1000 trials — best sharpe: 1.31
  [ 37%] 375/1000 trials — best sharpe: 1.31
  [ 40%] 400/1000 trials — best sharpe: 1.31
  [ 42%] 425/1000 trials — best sharpe: 1.32
  [ 45%] 450/1000 trials — best sharpe: 1.32
  [ 47%] 475/1000 trials — best sharpe: 1.32
  [ 50%] 500/1000 trials — best sharpe: 1.32
  [ 52%] 525/1000 trials — best sharpe: 1.32
  [ 55%] 550/1000 trials — best sharpe: 1.32
  [ 57%] 575/1000 trials — best sharpe: 1.32
  [ 60%] 600/1000 trials — best sharpe: 1.32
  [ 62%] 625/1000 trials — best sharpe: 1.32
  [ 65%] 650/1000 trials — best sharpe: 1.32
  [ 67%] 675/1000 trials — best sharpe: 1.32
  [ 70%] 700/1000 trials — best sharpe: 1.32
  [ 72%] 725/1000 trials — best sharpe: 1.32
  [ 75%] 750/1000 trials — best sharpe: 1.32
  [ 77%] 775/1000 trials — best sharpe: 1.32
  [ 80%] 800/1000 trials — best sharpe: 1.32
  [ 82%] 825/1000 trials — best sharpe: 1.32
  [ 85%] 850/1000 trials — best sharpe: 1.32
  [ 87%] 875/1000 trials — best sharpe: 1.32
  [ 90%] 900/1000 trials — best sharpe: 1.32
  [ 92%] 925/1000 trials — best sharpe: 1.32
  [ 95%] 950/1000 trials — best sharpe: 1.32
  [ 97%] 975/1000 trials — best sharpe: 1.32
  [100%] 1000/1000 trials — best sharpe: 1.32
Optimization complete — best sharpe: 1.32
  Max drawdown: 16.53% | Sharpe: 1.32 | Win rate: 59.70%
restart 2/4 (as of 2021-03-12)
Optimizing 2 strategies over 2015-07-28 to 2021-03-11
  objective: sharpe | train window: 2015-07-28 → 2021-03-11
  1000 trials across 5 workers
  [  2%] 25/1000 trials — best sharpe: 1.23
  [  5%] 50/1000 trials — best sharpe: 1.28
  [  7%] 75/1000 trials — best sharpe: 1.29
  [ 10%] 100/1000 trials — best sharpe: 1.29
  [ 12%] 125/1000 trials — best sharpe: 1.29
  [ 15%] 150/1000 trials — best sharpe: 1.29
  [ 17%] 175/1000 trials — best sharpe: 1.29
  [ 20%] 200/1000 trials — best sharpe: 1.29
  [ 22%] 225/1000 trials — best sharpe: 1.29
  [ 25%] 250/1000 trials — best sharpe: 1.29
  [ 27%] 275/1000 trials — best sharpe: 1.30
  [ 30%] 300/1000 trials — best sharpe: 1.30
  [ 32%] 325/1000 trials — best sharpe: 1.30
  [ 35%] 350/1000 trials — best sharpe: 1.30
  [ 37%] 375/1000 trials — best sharpe: 1.30
  [ 40%] 400/1000 trials — best sharpe: 1.30
  [ 42%] 425/1000 trials — best sharpe: 1.30
  [ 45%] 450/1000 trials — best sharpe: 1.30
  [ 47%] 475/1000 trials — best sharpe: 1.30
  [ 50%] 500/1000 trials — best sharpe: 1.30
  [ 52%] 525/1000 trials — best sharpe: 1.30
  [ 55%] 550/1000 trials — best sharpe: 1.30
  [ 57%] 575/1000 trials — best sharpe: 1.30
  [ 60%] 600/1000 trials — best sharpe: 1.30
  [ 62%] 625/1000 trials — best sharpe: 1.30
  [ 65%] 650/1000 trials — best sharpe: 1.30
  [ 67%] 675/1000 trials — best sharpe: 1.30
  [ 70%] 700/1000 trials — best sharpe: 1.30
  [ 72%] 725/1000 trials — best sharpe: 1.30
  [ 75%] 750/1000 trials — best sharpe: 1.30
  [ 77%] 775/1000 trials — best sharpe: 1.30
  [ 80%] 800/1000 trials — best sharpe: 1.30
  [ 82%] 825/1000 trials — best sharpe: 1.30
  [ 85%] 850/1000 trials — best sharpe: 1.30
  [ 87%] 875/1000 trials — best sharpe: 1.31
  [ 90%] 900/1000 trials — best sharpe: 1.31
  [ 92%] 925/1000 trials — best sharpe: 1.31
  [ 95%] 950/1000 trials — best sharpe: 1.31
  [ 97%] 975/1000 trials — best sharpe: 1.31
  [100%] 1000/1000 trials — best sharpe: 1.31
Optimization complete — best sharpe: 1.31
  Max drawdown: 15.35% | Sharpe: 1.31 | Win rate: 64.71%
restart 3/4 (as of 2021-03-12)
Optimizing 2 strategies over 2015-07-28 to 2021-03-11
  objective: sharpe | train window: 2015-07-28 → 2021-03-11
  1000 trials across 5 workers
  [  2%] 25/1000 trials — best sharpe: 1.19
  [  5%] 50/1000 trials — best sharpe: 1.28
  [  7%] 75/1000 trials — best sharpe: 1.28
  [ 10%] 100/1000 trials — best sharpe: 1.32
  [ 12%] 125/1000 trials — best sharpe: 1.32
  [ 15%] 150/1000 trials — best sharpe: 1.32
  [ 17%] 175/1000 trials — best sharpe: 1.32
  [ 20%] 200/1000 trials — best sharpe: 1.32
  [ 22%] 225/1000 trials — best sharpe: 1.32
  [ 25%] 250/1000 trials — best sharpe: 1.32
  [ 27%] 275/1000 trials — best sharpe: 1.32
  [ 30%] 300/1000 trials — best sharpe: 1.32
  [ 32%] 325/1000 trials — best sharpe: 1.32
  [ 35%] 350/1000 trials — best sharpe: 1.32
  [ 37%] 375/1000 trials — best sharpe: 1.32
  [ 40%] 400/1000 trials — best sharpe: 1.32
  [ 42%] 425/1000 trials — best sharpe: 1.32
  [ 45%] 450/1000 trials — best sharpe: 1.32
  [ 47%] 475/1000 trials — best sharpe: 1.32
  [ 50%] 500/1000 trials — best sharpe: 1.32
  [ 52%] 525/1000 trials — best sharpe: 1.32
  [ 55%] 550/1000 trials — best sharpe: 1.32
  [ 57%] 575/1000 trials — best sharpe: 1.32
  [ 60%] 600/1000 trials — best sharpe: 1.32
  [ 62%] 625/1000 trials — best sharpe: 1.32
  [ 65%] 650/1000 trials — best sharpe: 1.32
  [ 67%] 675/1000 trials — best sharpe: 1.32
  [ 70%] 700/1000 trials — best sharpe: 1.32
  [ 72%] 725/1000 trials — best sharpe: 1.32
  [ 75%] 750/1000 trials — best sharpe: 1.33
  [ 77%] 775/1000 trials — best sharpe: 1.33
  [ 80%] 800/1000 trials — best sharpe: 1.33
  [ 82%] 825/1000 trials — best sharpe: 1.33
  [ 85%] 850/1000 trials — best sharpe: 1.33
  [ 87%] 875/1000 trials — best sharpe: 1.33
  [ 90%] 900/1000 trials — best sharpe: 1.33
  [ 92%] 925/1000 trials — best sharpe: 1.33
  [ 95%] 950/1000 trials — best sharpe: 1.33
  [ 97%] 975/1000 trials — best sharpe: 1.33
  [100%] 1000/1000 trials — best sharpe: 1.33
Optimization complete — best sharpe: 1.33
  Max drawdown: 15.44% | Sharpe: 1.33 | Win rate: 60.87%
restart 4/4 (as of 2021-03-12)
Optimizing 2 strategies over 2015-07-28 to 2021-03-11
  objective: sharpe | train window: 2015-07-28 → 2021-03-11
  1000 trials across 5 workers
  [  2%] 25/1000 trials — best sharpe: 1.19
  [  5%] 50/1000 trials — best sharpe: 1.19
  [  7%] 75/1000 trials — best sharpe: 1.25
  [ 10%] 100/1000 trials — best sharpe: 1.26
  [ 12%] 125/1000 trials — best sharpe: 1.26
  [ 15%] 150/1000 trials — best sharpe: 1.26
  [ 17%] 175/1000 trials — best sharpe: 1.26
  [ 20%] 200/1000 trials — best sharpe: 1.26
  [ 22%] 225/1000 trials — best sharpe: 1.28
  [ 25%] 250/1000 trials — best sharpe: 1.28
  [ 27%] 275/1000 trials — best sharpe: 1.30
  [ 30%] 300/1000 trials — best sharpe: 1.30
  [ 32%] 325/1000 trials — best sharpe: 1.30
  [ 35%] 350/1000 trials — best sharpe: 1.30
  [ 37%] 375/1000 trials — best sharpe: 1.30
  [ 40%] 400/1000 trials — best sharpe: 1.30
  [ 42%] 425/1000 trials — best sharpe: 1.30
  [ 45%] 450/1000 trials — best sharpe: 1.31
  [ 47%] 475/1000 trials — best sharpe: 1.31
  [ 50%] 500/1000 trials — best sharpe: 1.31
  [ 52%] 525/1000 trials — best sharpe: 1.31
  [ 55%] 550/1000 trials — best sharpe: 1.31
  [ 57%] 575/1000 trials — best sharpe: 1.31
  [ 60%] 600/1000 trials — best sharpe: 1.31
  [ 62%] 625/1000 trials — best sharpe: 1.31
  [ 65%] 650/1000 trials — best sharpe: 1.31
  [ 67%] 675/1000 trials — best sharpe: 1.31
  [ 70%] 700/1000 trials — best sharpe: 1.31
  [ 72%] 725/1000 trials — best sharpe: 1.31
  [ 75%] 750/1000 trials — best sharpe: 1.31
  [ 77%] 775/1000 trials — best sharpe: 1.31
  [ 80%] 800/1000 trials — best sharpe: 1.31
  [ 82%] 825/1000 trials — best sharpe: 1.31
  [ 85%] 850/1000 trials — best sharpe: 1.31
  [ 87%] 875/1000 trials — best sharpe: 1.31
  [ 90%] 900/1000 trials — best sharpe: 1.31
  [ 92%] 925/1000 trials — best sharpe: 1.31
  [ 95%] 950/1000 trials — best sharpe: 1.31
  [ 97%] 975/1000 trials — best sharpe: 1.31
  [100%] 1000/1000 trials — best sharpe: 1.31
Optimization complete — best sharpe: 1.31
  Max drawdown: 15.50% | Sharpe: 1.31 | Win rate: 62.50%
ensemble under-filled: 17 distinct member(s) survived dedupe (policy asks for 
20) — the deployment is less diversified than configured
Fold 2/13: test 2021-06-11 → 2021-09-09
Fold 3/13: test 2021-09-10 → 2021-12-08
Fold 4/13: test 2021-12-09 → 2022-03-10
Fold 5/13: test 2022-03-11 → 2022-06-09
Fold 6/13: test 2022-06-10 → 2022-09-09
Fold 7/13: test 2022-09-12 → 2022-12-08
Fold 8/13: test 2022-12-09 → 2023-03-13
Fold 9/13: test 2023-03-14 → 2023-06-12
Fold 10/13: test 2023-06-13 → 2023-09-12
Fold 11/13: test 2023-09-13 → 2023-12-11
Fold 12/13: test 2023-12-12 → 2024-03-13
Fold 13/13: test 2024-03-14 → 2024-08-27
cell 20/32 done in 4m (elapsed 91m; ~55m remaining at the mean cell pace — 
frozen cells run far faster than re-fit cells)
sweep: ensemble on etf, seed base 46 [cell 21/32]
Fold 1/13: test 2021-03-12 → 2021-06-10
restart 1/4 (as of 2021-03-12)
Optimizing 2 strategies over 2015-07-28 to 2021-03-11
  objective: sharpe | train window: 2015-07-28 → 2021-03-11
  1000 trials across 5 workers
  [  2%] 25/1000 trials — best sharpe: 1.25
  [  5%] 50/1000 trials — best sharpe: 1.28
  [  7%] 75/1000 trials — best sharpe: 1.28
  [ 10%] 100/1000 trials — best sharpe: 1.31
  [ 12%] 125/1000 trials — best sharpe: 1.31
  [ 15%] 150/1000 trials — best sharpe: 1.32
  [ 17%] 175/1000 trials — best sharpe: 1.32
  [ 20%] 200/1000 trials — best sharpe: 1.32
  [ 22%] 225/1000 trials — best sharpe: 1.32
  [ 25%] 250/1000 trials — best sharpe: 1.32
  [ 27%] 275/1000 trials — best sharpe: 1.32
  [ 30%] 300/1000 trials — best sharpe: 1.32
  [ 32%] 325/1000 trials — best sharpe: 1.32
  [ 35%] 350/1000 trials — best sharpe: 1.32
  [ 37%] 375/1000 trials — best sharpe: 1.32
  [ 40%] 400/1000 trials — best sharpe: 1.32
  [ 42%] 425/1000 trials — best sharpe: 1.32
  [ 45%] 450/1000 trials — best sharpe: 1.32
  [ 47%] 475/1000 trials — best sharpe: 1.32
  [ 50%] 500/1000 trials — best sharpe: 1.32
  [ 52%] 525/1000 trials — best sharpe: 1.32
  [ 55%] 550/1000 trials — best sharpe: 1.32
  [ 57%] 575/1000 trials — best sharpe: 1.32
  [ 60%] 600/1000 trials — best sharpe: 1.32
  [ 62%] 625/1000 trials — best sharpe: 1.32
  [ 65%] 650/1000 trials — best sharpe: 1.32
  [ 67%] 675/1000 trials — best sharpe: 1.32
  [ 70%] 700/1000 trials — best sharpe: 1.32
  [ 72%] 725/1000 trials — best sharpe: 1.32
  [ 75%] 750/1000 trials — best sharpe: 1.32
  [ 77%] 775/1000 trials — best sharpe: 1.32
  [ 80%] 800/1000 trials — best sharpe: 1.32
  [ 82%] 825/1000 trials — best sharpe: 1.32
  [ 85%] 850/1000 trials — best sharpe: 1.32
  [ 87%] 875/1000 trials — best sharpe: 1.32
  [ 90%] 900/1000 trials — best sharpe: 1.32
  [ 92%] 925/1000 trials — best sharpe: 1.32
  [ 95%] 950/1000 trials — best sharpe: 1.32
  [ 97%] 975/1000 trials — best sharpe: 1.32
  [100%] 1000/1000 trials — best sharpe: 1.32
Optimization complete — best sharpe: 1.32
  Max drawdown: 15.45% | Sharpe: 1.32 | Win rate: 63.38%
restart 2/4 (as of 2021-03-12)
Optimizing 2 strategies over 2015-07-28 to 2021-03-11
  objective: sharpe | train window: 2015-07-28 → 2021-03-11
  1000 trials across 5 workers
  [  2%] 25/1000 trials — best sharpe: 1.22
  [  5%] 50/1000 trials — best sharpe: 1.25
  [  7%] 75/1000 trials — best sharpe: 1.26
  [ 10%] 100/1000 trials — best sharpe: 1.29
  [ 12%] 125/1000 trials — best sharpe: 1.29
  [ 15%] 150/1000 trials — best sharpe: 1.29
  [ 17%] 175/1000 trials — best sharpe: 1.29
  [ 20%] 200/1000 trials — best sharpe: 1.29
  [ 22%] 225/1000 trials — best sharpe: 1.29
  [ 25%] 250/1000 trials — best sharpe: 1.29
  [ 27%] 275/1000 trials — best sharpe: 1.29
  [ 30%] 300/1000 trials — best sharpe: 1.29
  [ 32%] 325/1000 trials — best sharpe: 1.29
  [ 35%] 350/1000 trials — best sharpe: 1.29
  [ 37%] 375/1000 trials — best sharpe: 1.29
  [ 40%] 400/1000 trials — best sharpe: 1.29
  [ 42%] 425/1000 trials — best sharpe: 1.29
  [ 45%] 450/1000 trials — best sharpe: 1.29
  [ 47%] 475/1000 trials — best sharpe: 1.29
  [ 50%] 500/1000 trials — best sharpe: 1.29
  [ 52%] 525/1000 trials — best sharpe: 1.29
  [ 55%] 550/1000 trials — best sharpe: 1.29
  [ 57%] 575/1000 trials — best sharpe: 1.29
  [ 60%] 600/1000 trials — best sharpe: 1.29
  [ 62%] 625/1000 trials — best sharpe: 1.29
  [ 65%] 650/1000 trials — best sharpe: 1.29
  [ 67%] 675/1000 trials — best sharpe: 1.29
  [ 70%] 700/1000 trials — best sharpe: 1.29
  [ 72%] 725/1000 trials — best sharpe: 1.29
  [ 75%] 750/1000 trials — best sharpe: 1.29
  [ 77%] 775/1000 trials — best sharpe: 1.29
  [ 80%] 800/1000 trials — best sharpe: 1.29
  [ 82%] 825/1000 trials — best sharpe: 1.29
  [ 85%] 850/1000 trials — best sharpe: 1.29
  [ 87%] 875/1000 trials — best sharpe: 1.29
  [ 90%] 900/1000 trials — best sharpe: 1.29
  [ 92%] 925/1000 trials — best sharpe: 1.29
  [ 95%] 950/1000 trials — best sharpe: 1.29
  [ 97%] 975/1000 trials — best sharpe: 1.29
  [100%] 1000/1000 trials — best sharpe: 1.29
Optimization complete — best sharpe: 1.29
  Max drawdown: 15.96% | Sharpe: 1.29 | Win rate: 66.20%
restart 3/4 (as of 2021-03-12)
Optimizing 2 strategies over 2015-07-28 to 2021-03-11
  objective: sharpe | train window: 2015-07-28 → 2021-03-11
  1000 trials across 5 workers
  [  2%] 25/1000 trials — best sharpe: 1.26
  [  5%] 50/1000 trials — best sharpe: 1.26
  [  7%] 75/1000 trials — best sharpe: 1.26
  [ 10%] 100/1000 trials — best sharpe: 1.26
  [ 12%] 125/1000 trials — best sharpe: 1.29
  [ 15%] 150/1000 trials — best sharpe: 1.29
  [ 17%] 175/1000 trials — best sharpe: 1.29
  [ 20%] 200/1000 trials — best sharpe: 1.29
  [ 22%] 225/1000 trials — best sharpe: 1.29
  [ 25%] 250/1000 trials — best sharpe: 1.29
  [ 27%] 275/1000 trials — best sharpe: 1.29
  [ 30%] 300/1000 trials — best sharpe: 1.29
  [ 32%] 325/1000 trials — best sharpe: 1.29
  [ 35%] 350/1000 trials — best sharpe: 1.31
  [ 37%] 375/1000 trials — best sharpe: 1.31
  [ 40%] 400/1000 trials — best sharpe: 1.31
  [ 42%] 425/1000 trials — best sharpe: 1.31
  [ 45%] 450/1000 trials — best sharpe: 1.31
  [ 47%] 475/1000 trials — best sharpe: 1.31
  [ 50%] 500/1000 trials — best sharpe: 1.31
  [ 52%] 525/1000 trials — best sharpe: 1.31
  [ 55%] 550/1000 trials — best sharpe: 1.31
  [ 57%] 575/1000 trials — best sharpe: 1.31
  [ 60%] 600/1000 trials — best sharpe: 1.31
  [ 62%] 625/1000 trials — best sharpe: 1.31
  [ 65%] 650/1000 trials — best sharpe: 1.31
  [ 67%] 675/1000 trials — best sharpe: 1.31
  [ 70%] 700/1000 trials — best sharpe: 1.31
  [ 72%] 725/1000 trials — best sharpe: 1.31
  [ 75%] 750/1000 trials — best sharpe: 1.31
  [ 77%] 775/1000 trials — best sharpe: 1.31
  [ 80%] 800/1000 trials — best sharpe: 1.31
  [ 82%] 825/1000 trials — best sharpe: 1.31
  [ 85%] 850/1000 trials — best sharpe: 1.31
  [ 87%] 875/1000 trials — best sharpe: 1.31
  [ 90%] 900/1000 trials — best sharpe: 1.31
  [ 92%] 925/1000 trials — best sharpe: 1.31
  [ 95%] 950/1000 trials — best sharpe: 1.31
  [ 97%] 975/1000 trials — best sharpe: 1.31
  [100%] 1000/1000 trials — best sharpe: 1.31
Optimization complete — best sharpe: 1.31
  Max drawdown: 15.82% | Sharpe: 1.31 | Win rate: 62.69%
restart 4/4 (as of 2021-03-12)
Optimizing 2 strategies over 2015-07-28 to 2021-03-11
  objective: sharpe | train window: 2015-07-28 → 2021-03-11
  1000 trials across 5 workers
  [  2%] 25/1000 trials — best sharpe: 1.23
  [  5%] 50/1000 trials — best sharpe: 1.23
  [  7%] 75/1000 trials — best sharpe: 1.24
  [ 10%] 100/1000 trials — best sharpe: 1.27
  [ 12%] 125/1000 trials — best sharpe: 1.29
  [ 15%] 150/1000 trials — best sharpe: 1.29
  [ 17%] 175/1000 trials — best sharpe: 1.29
  [ 20%] 200/1000 trials — best sharpe: 1.29
  [ 22%] 225/1000 trials — best sharpe: 1.30
  [ 25%] 250/1000 trials — best sharpe: 1.30
  [ 27%] 275/1000 trials — best sharpe: 1.30
  [ 30%] 300/1000 trials — best sharpe: 1.30
  [ 32%] 325/1000 trials — best sharpe: 1.30
  [ 35%] 350/1000 trials — best sharpe: 1.30
  [ 37%] 375/1000 trials — best sharpe: 1.30
  [ 40%] 400/1000 trials — best sharpe: 1.30
  [ 42%] 425/1000 trials — best sharpe: 1.30
  [ 45%] 450/1000 trials — best sharpe: 1.30
  [ 47%] 475/1000 trials — best sharpe: 1.30
  [ 50%] 500/1000 trials — best sharpe: 1.30
  [ 52%] 525/1000 trials — best sharpe: 1.30
  [ 55%] 550/1000 trials — best sharpe: 1.30
  [ 57%] 575/1000 trials — best sharpe: 1.30
  [ 60%] 600/1000 trials — best sharpe: 1.30
  [ 62%] 625/1000 trials — best sharpe: 1.30
  [ 65%] 650/1000 trials — best sharpe: 1.30
  [ 67%] 675/1000 trials — best sharpe: 1.30
  [ 70%] 700/1000 trials — best sharpe: 1.30
  [ 72%] 725/1000 trials — best sharpe: 1.30
  [ 75%] 750/1000 trials — best sharpe: 1.30
  [ 77%] 775/1000 trials — best sharpe: 1.30
  [ 80%] 800/1000 trials — best sharpe: 1.30
  [ 82%] 825/1000 trials — best sharpe: 1.30
  [ 85%] 850/1000 trials — best sharpe: 1.30
  [ 87%] 875/1000 trials — best sharpe: 1.30
  [ 90%] 900/1000 trials — best sharpe: 1.30
  [ 92%] 925/1000 trials — best sharpe: 1.30
  [ 95%] 950/1000 trials — best sharpe: 1.30
  [ 97%] 975/1000 trials — best sharpe: 1.30
  [100%] 1000/1000 trials — best sharpe: 1.30
Optimization complete — best sharpe: 1.30
  Max drawdown: 15.39% | Sharpe: 1.30 | Win rate: 67.14%
ensemble under-filled: 12 distinct member(s) survived dedupe (policy asks for 
20) — the deployment is less diversified than configured
Fold 2/13: test 2021-06-11 → 2021-09-09
Fold 3/13: test 2021-09-10 → 2021-12-08
Fold 4/13: test 2021-12-09 → 2022-03-10
Fold 5/13: test 2022-03-11 → 2022-06-09
Fold 6/13: test 2022-06-10 → 2022-09-09
Fold 7/13: test 2022-09-12 → 2022-12-08
Fold 8/13: test 2022-12-09 → 2023-03-13
Fold 9/13: test 2023-03-14 → 2023-06-12
Fold 10/13: test 2023-06-13 → 2023-09-12
Fold 11/13: test 2023-09-13 → 2023-12-11
Fold 12/13: test 2023-12-12 → 2024-03-13
Fold 13/13: test 2024-03-14 → 2024-08-27
cell 21/32 done in 4m (elapsed 95m; ~50m remaining at the mean cell pace — 
frozen cells run far faster than re-fit cells)
sweep: ensemble on etf, seed base 47 [cell 22/32]
Fold 1/13: test 2021-03-12 → 2021-06-10
restart 1/4 (as of 2021-03-12)
Optimizing 2 strategies over 2015-07-28 to 2021-03-11
  objective: sharpe | train window: 2015-07-28 → 2021-03-11
  1000 trials across 5 workers
  [  2%] 25/1000 trials — best sharpe: 1.29
  [  5%] 50/1000 trials — best sharpe: 1.29
  [  7%] 75/1000 trials — best sharpe: 1.29
  [ 10%] 100/1000 trials — best sharpe: 1.29
  [ 12%] 125/1000 trials — best sharpe: 1.29
  [ 15%] 150/1000 trials — best sharpe: 1.29
  [ 17%] 175/1000 trials — best sharpe: 1.29
  [ 20%] 200/1000 trials — best sharpe: 1.29
  [ 22%] 225/1000 trials — best sharpe: 1.29
  [ 25%] 250/1000 trials — best sharpe: 1.29
  [ 27%] 275/1000 trials — best sharpe: 1.30
  [ 30%] 300/1000 trials — best sharpe: 1.30
  [ 32%] 325/1000 trials — best sharpe: 1.30
  [ 35%] 350/1000 trials — best sharpe: 1.30
  [ 37%] 375/1000 trials — best sharpe: 1.30
  [ 40%] 400/1000 trials — best sharpe: 1.30
  [ 42%] 425/1000 trials — best sharpe: 1.30
  [ 45%] 450/1000 trials — best sharpe: 1.30
  [ 47%] 475/1000 trials — best sharpe: 1.30
  [ 50%] 500/1000 trials — best sharpe: 1.30
  [ 52%] 525/1000 trials — best sharpe: 1.30
  [ 55%] 550/1000 trials — best sharpe: 1.30
  [ 57%] 575/1000 trials — best sharpe: 1.30
  [ 60%] 600/1000 trials — best sharpe: 1.30
  [ 62%] 625/1000 trials — best sharpe: 1.30
  [ 65%] 650/1000 trials — best sharpe: 1.30
  [ 67%] 675/1000 trials — best sharpe: 1.33
  [ 70%] 700/1000 trials — best sharpe: 1.33
  [ 72%] 725/1000 trials — best sharpe: 1.33
  [ 75%] 750/1000 trials — best sharpe: 1.33
  [ 77%] 775/1000 trials — best sharpe: 1.33
  [ 80%] 800/1000 trials — best sharpe: 1.33
  [ 82%] 825/1000 trials — best sharpe: 1.33
  [ 85%] 850/1000 trials — best sharpe: 1.33
  [ 87%] 875/1000 trials — best sharpe: 1.33
  [ 90%] 900/1000 trials — best sharpe: 1.33
  [ 92%] 925/1000 trials — best sharpe: 1.33
  [ 95%] 950/1000 trials — best sharpe: 1.33
  [ 97%] 975/1000 trials — best sharpe: 1.33
  [100%] 1000/1000 trials — best sharpe: 1.33
Optimization complete — best sharpe: 1.33
  Max drawdown: 15.47% | Sharpe: 1.33 | Win rate: 67.12%
restart 2/4 (as of 2021-03-12)
Optimizing 2 strategies over 2015-07-28 to 2021-03-11
  objective: sharpe | train window: 2015-07-28 → 2021-03-11
  1000 trials across 5 workers
  [  2%] 25/1000 trials — best sharpe: 1.27
  [  5%] 50/1000 trials — best sharpe: 1.27
  [  7%] 75/1000 trials — best sharpe: 1.28
  [ 10%] 100/1000 trials — best sharpe: 1.28
  [ 12%] 125/1000 trials — best sharpe: 1.28
  [ 15%] 150/1000 trials — best sharpe: 1.28
  [ 17%] 175/1000 trials — best sharpe: 1.29
  [ 20%] 200/1000 trials — best sharpe: 1.29
  [ 22%] 225/1000 trials — best sharpe: 1.29
  [ 25%] 250/1000 trials — best sharpe: 1.29
  [ 27%] 275/1000 trials — best sharpe: 1.29
  [ 30%] 300/1000 trials — best sharpe: 1.29
  [ 32%] 325/1000 trials — best sharpe: 1.29
  [ 35%] 350/1000 trials — best sharpe: 1.29
  [ 37%] 375/1000 trials — best sharpe: 1.32
  [ 40%] 400/1000 trials — best sharpe: 1.32
  [ 42%] 425/1000 trials — best sharpe: 1.32
  [ 45%] 450/1000 trials — best sharpe: 1.32
  [ 47%] 475/1000 trials — best sharpe: 1.32
  [ 50%] 500/1000 trials — best sharpe: 1.32
  [ 52%] 525/1000 trials — best sharpe: 1.32
  [ 55%] 550/1000 trials — best sharpe: 1.32
  [ 57%] 575/1000 trials — best sharpe: 1.32
  [ 60%] 600/1000 trials — best sharpe: 1.32
  [ 62%] 625/1000 trials — best sharpe: 1.32
  [ 65%] 650/1000 trials — best sharpe: 1.32
  [ 67%] 675/1000 trials — best sharpe: 1.32
  [ 70%] 700/1000 trials — best sharpe: 1.32
  [ 72%] 725/1000 trials — best sharpe: 1.32
  [ 75%] 750/1000 trials — best sharpe: 1.32
  [ 77%] 775/1000 trials — best sharpe: 1.32
  [ 80%] 800/1000 trials — best sharpe: 1.32
  [ 82%] 825/1000 trials — best sharpe: 1.32
  [ 85%] 850/1000 trials — best sharpe: 1.33
  [ 87%] 875/1000 trials — best sharpe: 1.33
  [ 90%] 900/1000 trials — best sharpe: 1.33
  [ 92%] 925/1000 trials — best sharpe: 1.33
  [ 95%] 950/1000 trials — best sharpe: 1.33
  [ 97%] 975/1000 trials — best sharpe: 1.33
  [100%] 1000/1000 trials — best sharpe: 1.33
Optimization complete — best sharpe: 1.33
  Max drawdown: 15.53% | Sharpe: 1.33 | Win rate: 59.09%
restart 3/4 (as of 2021-03-12)
Optimizing 2 strategies over 2015-07-28 to 2021-03-11
  objective: sharpe | train window: 2015-07-28 → 2021-03-11
  1000 trials across 5 workers
  [  2%] 25/1000 trials — best sharpe: 1.21
  [  5%] 50/1000 trials — best sharpe: 1.29
  [  7%] 75/1000 trials — best sharpe: 1.29
  [ 10%] 100/1000 trials — best sharpe: 1.29
  [ 12%] 125/1000 trials — best sharpe: 1.29
  [ 15%] 150/1000 trials — best sharpe: 1.29
  [ 17%] 175/1000 trials — best sharpe: 1.29
  [ 20%] 200/1000 trials — best sharpe: 1.29
  [ 22%] 225/1000 trials — best sharpe: 1.29
  [ 25%] 250/1000 trials — best sharpe: 1.29
  [ 27%] 275/1000 trials — best sharpe: 1.29
  [ 30%] 300/1000 trials — best sharpe: 1.29
  [ 32%] 325/1000 trials — best sharpe: 1.29
  [ 35%] 350/1000 trials — best sharpe: 1.29
  [ 37%] 375/1000 trials — best sharpe: 1.29
  [ 40%] 400/1000 trials — best sharpe: 1.29
  [ 42%] 425/1000 trials — best sharpe: 1.29
  [ 45%] 450/1000 trials — best sharpe: 1.29
  [ 47%] 475/1000 trials — best sharpe: 1.29
  [ 50%] 500/1000 trials — best sharpe: 1.29
  [ 52%] 525/1000 trials — best sharpe: 1.29
  [ 55%] 550/1000 trials — best sharpe: 1.29
  [ 57%] 575/1000 trials — best sharpe: 1.29
  [ 60%] 600/1000 trials — best sharpe: 1.29
  [ 62%] 625/1000 trials — best sharpe: 1.29
  [ 65%] 650/1000 trials — best sharpe: 1.29
  [ 67%] 675/1000 trials — best sharpe: 1.29
  [ 70%] 700/1000 trials — best sharpe: 1.29
  [ 72%] 725/1000 trials — best sharpe: 1.29
  [ 75%] 750/1000 trials — best sharpe: 1.29
  [ 77%] 775/1000 trials — best sharpe: 1.29
  [ 80%] 800/1000 trials — best sharpe: 1.29
  [ 82%] 825/1000 trials — best sharpe: 1.29
  [ 85%] 850/1000 trials — best sharpe: 1.29
  [ 87%] 875/1000 trials — best sharpe: 1.29
  [ 90%] 900/1000 trials — best sharpe: 1.29
  [ 92%] 925/1000 trials — best sharpe: 1.29
  [ 95%] 950/1000 trials — best sharpe: 1.29
  [ 97%] 975/1000 trials — best sharpe: 1.29
  [100%] 1000/1000 trials — best sharpe: 1.29
Optimization complete — best sharpe: 1.29
  Max drawdown: 15.45% | Sharpe: 1.29 | Win rate: 62.16%
restart 4/4 (as of 2021-03-12)
Optimizing 2 strategies over 2015-07-28 to 2021-03-11
  objective: sharpe | train window: 2015-07-28 → 2021-03-11
  1000 trials across 5 workers
  [  2%] 25/1000 trials — best sharpe: 1.29
  [  5%] 50/1000 trials — best sharpe: 1.29
  [  7%] 75/1000 trials — best sharpe: 1.29
  [ 10%] 100/1000 trials — best sharpe: 1.29
  [ 12%] 125/1000 trials — best sharpe: 1.29
  [ 15%] 150/1000 trials — best sharpe: 1.29
  [ 17%] 175/1000 trials — best sharpe: 1.29
  [ 20%] 200/1000 trials — best sharpe: 1.29
  [ 22%] 225/1000 trials — best sharpe: 1.29
  [ 25%] 250/1000 trials — best sharpe: 1.29
  [ 27%] 275/1000 trials — best sharpe: 1.29
  [ 30%] 300/1000 trials — best sharpe: 1.29
  [ 32%] 325/1000 trials — best sharpe: 1.29
  [ 35%] 350/1000 trials — best sharpe: 1.29
  [ 37%] 375/1000 trials — best sharpe: 1.29
  [ 40%] 400/1000 trials — best sharpe: 1.29
  [ 42%] 425/1000 trials — best sharpe: 1.29
  [ 45%] 450/1000 trials — best sharpe: 1.29
  [ 47%] 475/1000 trials — best sharpe: 1.31
  [ 50%] 500/1000 trials — best sharpe: 1.31
  [ 52%] 525/1000 trials — best sharpe: 1.31
  [ 55%] 550/1000 trials — best sharpe: 1.31
  [ 57%] 575/1000 trials — best sharpe: 1.31
  [ 60%] 600/1000 trials — best sharpe: 1.32
  [ 62%] 625/1000 trials — best sharpe: 1.32
  [ 65%] 650/1000 trials — best sharpe: 1.34
  [ 67%] 675/1000 trials — best sharpe: 1.34
  [ 70%] 700/1000 trials — best sharpe: 1.34
  [ 72%] 725/1000 trials — best sharpe: 1.34
  [ 75%] 750/1000 trials — best sharpe: 1.34
  [ 77%] 775/1000 trials — best sharpe: 1.35
  [ 80%] 800/1000 trials — best sharpe: 1.35
  [ 82%] 825/1000 trials — best sharpe: 1.35
  [ 85%] 850/1000 trials — best sharpe: 1.35
  [ 87%] 875/1000 trials — best sharpe: 1.35
  [ 90%] 900/1000 trials — best sharpe: 1.35
  [ 92%] 925/1000 trials — best sharpe: 1.35
  [ 95%] 950/1000 trials — best sharpe: 1.35
  [ 97%] 975/1000 trials — best sharpe: 1.35
  [100%] 1000/1000 trials — best sharpe: 1.35
Optimization complete — best sharpe: 1.35
  Max drawdown: 14.65% | Sharpe: 1.35 | Win rate: 65.71%
ensemble under-filled: 14 distinct member(s) survived dedupe (policy asks for 
20) — the deployment is less diversified than configured
Fold 2/13: test 2021-06-11 → 2021-09-09
Fold 3/13: test 2021-09-10 → 2021-12-08
Fold 4/13: test 2021-12-09 → 2022-03-10
Fold 5/13: test 2022-03-11 → 2022-06-09
Fold 6/13: test 2022-06-10 → 2022-09-09
Fold 7/13: test 2022-09-12 → 2022-12-08
Fold 8/13: test 2022-12-09 → 2023-03-13
Fold 9/13: test 2023-03-14 → 2023-06-12
Fold 10/13: test 2023-06-13 → 2023-09-12
Fold 11/13: test 2023-09-13 → 2023-12-11
Fold 12/13: test 2023-12-12 → 2024-03-13
Fold 13/13: test 2024-03-14 → 2024-08-27
cell 22/32 done in 4m (elapsed 99m; ~45m remaining at the mean cell pace — 
frozen cells run far faster than re-fit cells)
sweep: ensemble on etf, seed base 48 [cell 23/32]
Fold 1/13: test 2021-03-12 → 2021-06-10
restart 1/4 (as of 2021-03-12)
Optimizing 2 strategies over 2015-07-28 to 2021-03-11
  objective: sharpe | train window: 2015-07-28 → 2021-03-11
  1000 trials across 5 workers
  [  2%] 25/1000 trials — best sharpe: 1.17
  [  5%] 50/1000 trials — best sharpe: 1.22
  [  7%] 75/1000 trials — best sharpe: 1.26
  [ 10%] 100/1000 trials — best sharpe: 1.26
  [ 12%] 125/1000 trials — best sharpe: 1.26
  [ 15%] 150/1000 trials — best sharpe: 1.28
  [ 17%] 175/1000 trials — best sharpe: 1.28
  [ 20%] 200/1000 trials — best sharpe: 1.30
  [ 22%] 225/1000 trials — best sharpe: 1.30
  [ 25%] 250/1000 trials — best sharpe: 1.30
  [ 27%] 275/1000 trials — best sharpe: 1.30
  [ 30%] 300/1000 trials — best sharpe: 1.30
  [ 32%] 325/1000 trials — best sharpe: 1.30
  [ 35%] 350/1000 trials — best sharpe: 1.30
  [ 37%] 375/1000 trials — best sharpe: 1.30
  [ 40%] 400/1000 trials — best sharpe: 1.30
  [ 42%] 425/1000 trials — best sharpe: 1.30
  [ 45%] 450/1000 trials — best sharpe: 1.30
  [ 47%] 475/1000 trials — best sharpe: 1.30
  [ 50%] 500/1000 trials — best sharpe: 1.30
  [ 52%] 525/1000 trials — best sharpe: 1.30
  [ 55%] 550/1000 trials — best sharpe: 1.30
  [ 57%] 575/1000 trials — best sharpe: 1.30
  [ 60%] 600/1000 trials — best sharpe: 1.30
  [ 62%] 625/1000 trials — best sharpe: 1.30
  [ 65%] 650/1000 trials — best sharpe: 1.30
  [ 67%] 675/1000 trials — best sharpe: 1.30
  [ 70%] 700/1000 trials — best sharpe: 1.30
  [ 72%] 725/1000 trials — best sharpe: 1.30
  [ 75%] 750/1000 trials — best sharpe: 1.30
  [ 77%] 775/1000 trials — best sharpe: 1.30
  [ 80%] 800/1000 trials — best sharpe: 1.30
  [ 82%] 825/1000 trials — best sharpe: 1.30
  [ 85%] 850/1000 trials — best sharpe: 1.30
  [ 87%] 875/1000 trials — best sharpe: 1.30
  [ 90%] 900/1000 trials — best sharpe: 1.30
  [ 92%] 925/1000 trials — best sharpe: 1.30
  [ 95%] 950/1000 trials — best sharpe: 1.30
  [ 97%] 975/1000 trials — best sharpe: 1.30
  [100%] 1000/1000 trials — best sharpe: 1.30
Optimization complete — best sharpe: 1.30
  Max drawdown: 15.66% | Sharpe: 1.30 | Win rate: 64.00%
restart 2/4 (as of 2021-03-12)
Optimizing 2 strategies over 2015-07-28 to 2021-03-11
  objective: sharpe | train window: 2015-07-28 → 2021-03-11
  1000 trials across 5 workers
  [  2%] 25/1000 trials — best sharpe: 1.26
  [  5%] 50/1000 trials — best sharpe: 1.26
  [  7%] 75/1000 trials — best sharpe: 1.29
  [ 10%] 100/1000 trials — best sharpe: 1.29
  [ 12%] 125/1000 trials — best sharpe: 1.30
  [ 15%] 150/1000 trials — best sharpe: 1.30
  [ 17%] 175/1000 trials — best sharpe: 1.30
  [ 20%] 200/1000 trials — best sharpe: 1.30
  [ 22%] 225/1000 trials — best sharpe: 1.31
  [ 25%] 250/1000 trials — best sharpe: 1.31
  [ 27%] 275/1000 trials — best sharpe: 1.31
  [ 30%] 300/1000 trials — best sharpe: 1.31
  [ 32%] 325/1000 trials — best sharpe: 1.31
  [ 35%] 350/1000 trials — best sharpe: 1.31
  [ 37%] 375/1000 trials — best sharpe: 1.31
  [ 40%] 400/1000 trials — best sharpe: 1.31
  [ 42%] 425/1000 trials — best sharpe: 1.31
  [ 45%] 450/1000 trials — best sharpe: 1.31
  [ 47%] 475/1000 trials — best sharpe: 1.31
  [ 50%] 500/1000 trials — best sharpe: 1.31
  [ 52%] 525/1000 trials — best sharpe: 1.31
  [ 55%] 550/1000 trials — best sharpe: 1.31
  [ 57%] 575/1000 trials — best sharpe: 1.31
  [ 60%] 600/1000 trials — best sharpe: 1.31
  [ 62%] 625/1000 trials — best sharpe: 1.31
  [ 65%] 650/1000 trials — best sharpe: 1.31
  [ 67%] 675/1000 trials — best sharpe: 1.31
  [ 70%] 700/1000 trials — best sharpe: 1.31
  [ 72%] 725/1000 trials — best sharpe: 1.31
  [ 75%] 750/1000 trials — best sharpe: 1.31
  [ 77%] 775/1000 trials — best sharpe: 1.31
  [ 80%] 800/1000 trials — best sharpe: 1.31
  [ 82%] 825/1000 trials — best sharpe: 1.31
  [ 85%] 850/1000 trials — best sharpe: 1.31
  [ 87%] 875/1000 trials — best sharpe: 1.31
  [ 90%] 900/1000 trials — best sharpe: 1.31
  [ 92%] 925/1000 trials — best sharpe: 1.31
  [ 95%] 950/1000 trials — best sharpe: 1.31
  [ 97%] 975/1000 trials — best sharpe: 1.31
  [100%] 1000/1000 trials — best sharpe: 1.31
Optimization complete — best sharpe: 1.31
  Max drawdown: 15.95% | Sharpe: 1.31 | Win rate: 67.11%
restart 3/4 (as of 2021-03-12)
Optimizing 2 strategies over 2015-07-28 to 2021-03-11
  objective: sharpe | train window: 2015-07-28 → 2021-03-11
  1000 trials across 5 workers
  [  2%] 25/1000 trials — best sharpe: 1.22
  [  5%] 50/1000 trials — best sharpe: 1.27
  [  7%] 75/1000 trials — best sharpe: 1.28
  [ 10%] 100/1000 trials — best sharpe: 1.28
  [ 12%] 125/1000 trials — best sharpe: 1.28
  [ 15%] 150/1000 trials — best sharpe: 1.30
  [ 17%] 175/1000 trials — best sharpe: 1.30
  [ 20%] 200/1000 trials — best sharpe: 1.30
  [ 22%] 225/1000 trials — best sharpe: 1.30
  [ 25%] 250/1000 trials — best sharpe: 1.30
  [ 27%] 275/1000 trials — best sharpe: 1.30
  [ 30%] 300/1000 trials — best sharpe: 1.30
  [ 32%] 325/1000 trials — best sharpe: 1.30
  [ 35%] 350/1000 trials — best sharpe: 1.30
  [ 37%] 375/1000 trials — best sharpe: 1.30
  [ 40%] 400/1000 trials — best sharpe: 1.30
  [ 42%] 425/1000 trials — best sharpe: 1.30
  [ 45%] 450/1000 trials — best sharpe: 1.30
  [ 47%] 475/1000 trials — best sharpe: 1.30
  [ 50%] 500/1000 trials — best sharpe: 1.30
  [ 52%] 525/1000 trials — best sharpe: 1.30
  [ 55%] 550/1000 trials — best sharpe: 1.30
  [ 57%] 575/1000 trials — best sharpe: 1.30
  [ 60%] 600/1000 trials — best sharpe: 1.30
  [ 62%] 625/1000 trials — best sharpe: 1.30
  [ 65%] 650/1000 trials — best sharpe: 1.30
  [ 67%] 675/1000 trials — best sharpe: 1.30
  [ 70%] 700/1000 trials — best sharpe: 1.30
  [ 72%] 725/1000 trials — best sharpe: 1.33
  [ 75%] 750/1000 trials — best sharpe: 1.34
  [ 77%] 775/1000 trials — best sharpe: 1.34
  [ 80%] 800/1000 trials — best sharpe: 1.34
  [ 82%] 825/1000 trials — best sharpe: 1.34
  [ 85%] 850/1000 trials — best sharpe: 1.34
  [ 87%] 875/1000 trials — best sharpe: 1.34
  [ 90%] 900/1000 trials — best sharpe: 1.34
  [ 92%] 925/1000 trials — best sharpe: 1.34
  [ 95%] 950/1000 trials — best sharpe: 1.34
  [ 97%] 975/1000 trials — best sharpe: 1.34
  [100%] 1000/1000 trials — best sharpe: 1.34
Optimization complete — best sharpe: 1.34
  Max drawdown: 14.53% | Sharpe: 1.34 | Win rate: 63.38%
restart 4/4 (as of 2021-03-12)
Optimizing 2 strategies over 2015-07-28 to 2021-03-11
  objective: sharpe | train window: 2015-07-28 → 2021-03-11
  1000 trials across 5 workers
  [  2%] 25/1000 trials — best sharpe: 1.27
  [  5%] 50/1000 trials — best sharpe: 1.27
  [  7%] 75/1000 trials — best sharpe: 1.27
  [ 10%] 100/1000 trials — best sharpe: 1.29
  [ 12%] 125/1000 trials — best sharpe: 1.32
  [ 15%] 150/1000 trials — best sharpe: 1.32
  [ 17%] 175/1000 trials — best sharpe: 1.32
  [ 20%] 200/1000 trials — best sharpe: 1.32
  [ 22%] 225/1000 trials — best sharpe: 1.32
  [ 25%] 250/1000 trials — best sharpe: 1.32
  [ 27%] 275/1000 trials — best sharpe: 1.32
  [ 30%] 300/1000 trials — best sharpe: 1.32
  [ 32%] 325/1000 trials — best sharpe: 1.32
  [ 35%] 350/1000 trials — best sharpe: 1.32
  [ 37%] 375/1000 trials — best sharpe: 1.32
  [ 40%] 400/1000 trials — best sharpe: 1.32
  [ 42%] 425/1000 trials — best sharpe: 1.32
  [ 45%] 450/1000 trials — best sharpe: 1.32
  [ 47%] 475/1000 trials — best sharpe: 1.32
  [ 50%] 500/1000 trials — best sharpe: 1.32
  [ 52%] 525/1000 trials — best sharpe: 1.32
  [ 55%] 550/1000 trials — best sharpe: 1.32
  [ 57%] 575/1000 trials — best sharpe: 1.32
  [ 60%] 600/1000 trials — best sharpe: 1.32
  [ 62%] 625/1000 trials — best sharpe: 1.32
  [ 65%] 650/1000 trials — best sharpe: 1.32
  [ 67%] 675/1000 trials — best sharpe: 1.32
  [ 70%] 700/1000 trials — best sharpe: 1.32
  [ 72%] 725/1000 trials — best sharpe: 1.32
  [ 75%] 750/1000 trials — best sharpe: 1.32
  [ 77%] 775/1000 trials — best sharpe: 1.32
  [ 80%] 800/1000 trials — best sharpe: 1.32
  [ 82%] 825/1000 trials — best sharpe: 1.32
  [ 85%] 850/1000 trials — best sharpe: 1.32
  [ 87%] 875/1000 trials — best sharpe: 1.32
  [ 90%] 900/1000 trials — best sharpe: 1.32
  [ 92%] 925/1000 trials — best sharpe: 1.32
  [ 95%] 950/1000 trials — best sharpe: 1.32
  [ 97%] 975/1000 trials — best sharpe: 1.32
  [100%] 1000/1000 trials — best sharpe: 1.32
Optimization complete — best sharpe: 1.32
  Max drawdown: 15.48% | Sharpe: 1.32 | Win rate: 64.71%
ensemble under-filled: 15 distinct member(s) survived dedupe (policy asks for 
20) — the deployment is less diversified than configured
Fold 2/13: test 2021-06-11 → 2021-09-09
Fold 3/13: test 2021-09-10 → 2021-12-08
Fold 4/13: test 2021-12-09 → 2022-03-10
Fold 5/13: test 2022-03-11 → 2022-06-09
Fold 6/13: test 2022-06-10 → 2022-09-09
Fold 7/13: test 2022-09-12 → 2022-12-08
Fold 8/13: test 2022-12-09 → 2023-03-13
Fold 9/13: test 2023-03-14 → 2023-06-12
Fold 10/13: test 2023-06-13 → 2023-09-12
Fold 11/13: test 2023-09-13 → 2023-12-11
Fold 12/13: test 2023-12-12 → 2024-03-13
Fold 13/13: test 2024-03-14 → 2024-08-27
cell 23/32 done in 4m (elapsed 103m; ~40m remaining at the mean cell pace — 
frozen cells run far faster than re-fit cells)
sweep: ensemble on etf, seed base 49 [cell 24/32]
Fold 1/13: test 2021-03-12 → 2021-06-10
restart 1/4 (as of 2021-03-12)
Optimizing 2 strategies over 2015-07-28 to 2021-03-11
  objective: sharpe | train window: 2015-07-28 → 2021-03-11
  1000 trials across 5 workers
  [  2%] 25/1000 trials — best sharpe: 1.26
  [  5%] 50/1000 trials — best sharpe: 1.26
  [  7%] 75/1000 trials — best sharpe: 1.26
  [ 10%] 100/1000 trials — best sharpe: 1.26
  [ 12%] 125/1000 trials — best sharpe: 1.26
  [ 15%] 150/1000 trials — best sharpe: 1.26
  [ 17%] 175/1000 trials — best sharpe: 1.33
  [ 20%] 200/1000 trials — best sharpe: 1.33
  [ 22%] 225/1000 trials — best sharpe: 1.33
  [ 25%] 250/1000 trials — best sharpe: 1.33
  [ 27%] 275/1000 trials — best sharpe: 1.33
  [ 30%] 300/1000 trials — best sharpe: 1.33
  [ 32%] 325/1000 trials — best sharpe: 1.33
  [ 35%] 350/1000 trials — best sharpe: 1.33
  [ 37%] 375/1000 trials — best sharpe: 1.33
  [ 40%] 400/1000 trials — best sharpe: 1.33
  [ 42%] 425/1000 trials — best sharpe: 1.33
  [ 45%] 450/1000 trials — best sharpe: 1.33
  [ 47%] 475/1000 trials — best sharpe: 1.33
  [ 50%] 500/1000 trials — best sharpe: 1.33
  [ 52%] 525/1000 trials — best sharpe: 1.33
  [ 55%] 550/1000 trials — best sharpe: 1.33
  [ 57%] 575/1000 trials — best sharpe: 1.33
  [ 60%] 600/1000 trials — best sharpe: 1.33
  [ 62%] 625/1000 trials — best sharpe: 1.33
  [ 65%] 650/1000 trials — best sharpe: 1.33
  [ 67%] 675/1000 trials — best sharpe: 1.33
  [ 70%] 700/1000 trials — best sharpe: 1.33
  [ 72%] 725/1000 trials — best sharpe: 1.33
  [ 75%] 750/1000 trials — best sharpe: 1.33
  [ 77%] 775/1000 trials — best sharpe: 1.33
  [ 80%] 800/1000 trials — best sharpe: 1.33
  [ 82%] 825/1000 trials — best sharpe: 1.33
  [ 85%] 850/1000 trials — best sharpe: 1.33
  [ 87%] 875/1000 trials — best sharpe: 1.33
  [ 90%] 900/1000 trials — best sharpe: 1.33
  [ 92%] 925/1000 trials — best sharpe: 1.33
  [ 95%] 950/1000 trials — best sharpe: 1.33
  [ 97%] 975/1000 trials — best sharpe: 1.33
  [100%] 1000/1000 trials — best sharpe: 1.33
Optimization complete — best sharpe: 1.33
  Max drawdown: 14.88% | Sharpe: 1.33 | Win rate: 66.67%
restart 2/4 (as of 2021-03-12)
Optimizing 2 strategies over 2015-07-28 to 2021-03-11
  objective: sharpe | train window: 2015-07-28 → 2021-03-11
  1000 trials across 5 workers
  [  2%] 25/1000 trials — best sharpe: 1.20
  [  5%] 50/1000 trials — best sharpe: 1.25
  [  7%] 75/1000 trials — best sharpe: 1.25
  [ 10%] 100/1000 trials — best sharpe: 1.25
  [ 12%] 125/1000 trials — best sharpe: 1.25
  [ 15%] 150/1000 trials — best sharpe: 1.31
  [ 17%] 175/1000 trials — best sharpe: 1.31
  [ 20%] 200/1000 trials — best sharpe: 1.31
  [ 22%] 225/1000 trials — best sharpe: 1.31
  [ 25%] 250/1000 trials — best sharpe: 1.31
  [ 27%] 275/1000 trials — best sharpe: 1.31
  [ 30%] 300/1000 trials — best sharpe: 1.31
  [ 32%] 325/1000 trials — best sharpe: 1.31
  [ 35%] 350/1000 trials — best sharpe: 1.31
  [ 37%] 375/1000 trials — best sharpe: 1.31
  [ 40%] 400/1000 trials — best sharpe: 1.31
  [ 42%] 425/1000 trials — best sharpe: 1.31
  [ 45%] 450/1000 trials — best sharpe: 1.31
  [ 47%] 475/1000 trials — best sharpe: 1.31
  [ 50%] 500/1000 trials — best sharpe: 1.31
  [ 52%] 525/1000 trials — best sharpe: 1.31
  [ 55%] 550/1000 trials — best sharpe: 1.31
  [ 57%] 575/1000 trials — best sharpe: 1.31
  [ 60%] 600/1000 trials — best sharpe: 1.31
  [ 62%] 625/1000 trials — best sharpe: 1.31
  [ 65%] 650/1000 trials — best sharpe: 1.31
  [ 67%] 675/1000 trials — best sharpe: 1.31
  [ 70%] 700/1000 trials — best sharpe: 1.31
  [ 72%] 725/1000 trials — best sharpe: 1.31
  [ 75%] 750/1000 trials — best sharpe: 1.31
  [ 77%] 775/1000 trials — best sharpe: 1.31
  [ 80%] 800/1000 trials — best sharpe: 1.31
  [ 82%] 825/1000 trials — best sharpe: 1.31
  [ 85%] 850/1000 trials — best sharpe: 1.32
  [ 87%] 875/1000 trials — best sharpe: 1.32
  [ 90%] 900/1000 trials — best sharpe: 1.32
  [ 92%] 925/1000 trials — best sharpe: 1.32
  [ 95%] 950/1000 trials — best sharpe: 1.32
  [ 97%] 975/1000 trials — best sharpe: 1.33
  [100%] 1000/1000 trials — best sharpe: 1.33
Optimization complete — best sharpe: 1.33
  Max drawdown: 15.45% | Sharpe: 1.33 | Win rate: 63.77%
restart 3/4 (as of 2021-03-12)
Optimizing 2 strategies over 2015-07-28 to 2021-03-11
  objective: sharpe | train window: 2015-07-28 → 2021-03-11
  1000 trials across 5 workers
  [  2%] 25/1000 trials — best sharpe: 1.29
  [  5%] 50/1000 trials — best sharpe: 1.29
  [  7%] 75/1000 trials — best sharpe: 1.29
  [ 10%] 100/1000 trials — best sharpe: 1.29
  [ 12%] 125/1000 trials — best sharpe: 1.29
  [ 15%] 150/1000 trials — best sharpe: 1.30
  [ 17%] 175/1000 trials — best sharpe: 1.31
  [ 20%] 200/1000 trials — best sharpe: 1.33
  [ 22%] 225/1000 trials — best sharpe: 1.34
  [ 25%] 250/1000 trials — best sharpe: 1.34
  [ 27%] 275/1000 trials — best sharpe: 1.34
  [ 30%] 300/1000 trials — best sharpe: 1.34
  [ 32%] 325/1000 trials — best sharpe: 1.34
  [ 35%] 350/1000 trials — best sharpe: 1.34
  [ 37%] 375/1000 trials — best sharpe: 1.34
  [ 40%] 400/1000 trials — best sharpe: 1.34
  [ 42%] 425/1000 trials — best sharpe: 1.34
  [ 45%] 450/1000 trials — best sharpe: 1.34
  [ 47%] 475/1000 trials — best sharpe: 1.34
  [ 50%] 500/1000 trials — best sharpe: 1.34
  [ 52%] 525/1000 trials — best sharpe: 1.34
  [ 55%] 550/1000 trials — best sharpe: 1.34
  [ 57%] 575/1000 trials — best sharpe: 1.34
  [ 60%] 600/1000 trials — best sharpe: 1.34
  [ 62%] 625/1000 trials — best sharpe: 1.34
  [ 65%] 650/1000 trials — best sharpe: 1.34
  [ 67%] 675/1000 trials — best sharpe: 1.34
  [ 70%] 700/1000 trials — best sharpe: 1.34
  [ 72%] 725/1000 trials — best sharpe: 1.34
  [ 75%] 750/1000 trials — best sharpe: 1.34
  [ 77%] 775/1000 trials — best sharpe: 1.34
  [ 80%] 800/1000 trials — best sharpe: 1.34
  [ 82%] 825/1000 trials — best sharpe: 1.34
  [ 85%] 850/1000 trials — best sharpe: 1.34
  [ 87%] 875/1000 trials — best sharpe: 1.34
  [ 90%] 900/1000 trials — best sharpe: 1.34
  [ 92%] 925/1000 trials — best sharpe: 1.34
  [ 95%] 950/1000 trials — best sharpe: 1.34
  [ 97%] 975/1000 trials — best sharpe: 1.34
  [100%] 1000/1000 trials — best sharpe: 1.34
Optimization complete — best sharpe: 1.34
  Max drawdown: 14.48% | Sharpe: 1.34 | Win rate: 63.38%
restart 4/4 (as of 2021-03-12)
Optimizing 2 strategies over 2015-07-28 to 2021-03-11
  objective: sharpe | train window: 2015-07-28 → 2021-03-11
  1000 trials across 5 workers
  [  2%] 25/1000 trials — best sharpe: 1.27
  [  5%] 50/1000 trials — best sharpe: 1.27
  [  7%] 75/1000 trials — best sharpe: 1.27
  [ 10%] 100/1000 trials — best sharpe: 1.27
  [ 12%] 125/1000 trials — best sharpe: 1.27
  [ 15%] 150/1000 trials — best sharpe: 1.27
  [ 17%] 175/1000 trials — best sharpe: 1.27
  [ 20%] 200/1000 trials — best sharpe: 1.27
  [ 22%] 225/1000 trials — best sharpe: 1.27
  [ 25%] 250/1000 trials — best sharpe: 1.27
  [ 27%] 275/1000 trials — best sharpe: 1.28
  [ 30%] 300/1000 trials — best sharpe: 1.28
  [ 32%] 325/1000 trials — best sharpe: 1.28
  [ 35%] 350/1000 trials — best sharpe: 1.28
  [ 37%] 375/1000 trials — best sharpe: 1.28
  [ 40%] 400/1000 trials — best sharpe: 1.28
  [ 42%] 425/1000 trials — best sharpe: 1.28
  [ 45%] 450/1000 trials — best sharpe: 1.28
  [ 47%] 475/1000 trials — best sharpe: 1.30
  [ 50%] 500/1000 trials — best sharpe: 1.30
  [ 52%] 525/1000 trials — best sharpe: 1.30
  [ 55%] 550/1000 trials — best sharpe: 1.30
  [ 57%] 575/1000 trials — best sharpe: 1.30
  [ 60%] 600/1000 trials — best sharpe: 1.32
  [ 62%] 625/1000 trials — best sharpe: 1.32
  [ 65%] 650/1000 trials — best sharpe: 1.32
  [ 67%] 675/1000 trials — best sharpe: 1.32
  [ 70%] 700/1000 trials — best sharpe: 1.32
  [ 72%] 725/1000 trials — best sharpe: 1.32
  [ 75%] 750/1000 trials — best sharpe: 1.32
  [ 77%] 775/1000 trials — best sharpe: 1.32
  [ 80%] 800/1000 trials — best sharpe: 1.32
  [ 82%] 825/1000 trials — best sharpe: 1.32
  [ 85%] 850/1000 trials — best sharpe: 1.32
  [ 87%] 875/1000 trials — best sharpe: 1.32
  [ 90%] 900/1000 trials — best sharpe: 1.32
  [ 92%] 925/1000 trials — best sharpe: 1.32
  [ 95%] 950/1000 trials — best sharpe: 1.32
  [ 97%] 975/1000 trials — best sharpe: 1.33
  [100%] 1000/1000 trials — best sharpe: 1.33
Optimization complete — best sharpe: 1.33
  Max drawdown: 15.47% | Sharpe: 1.33 | Win rate: 59.42%
ensemble under-filled: 10 distinct member(s) survived dedupe (policy asks for 
20) — the deployment is less diversified than configured
Fold 2/13: test 2021-06-11 → 2021-09-09
Fold 3/13: test 2021-09-10 → 2021-12-08
Fold 4/13: test 2021-12-09 → 2022-03-10
Fold 5/13: test 2022-03-11 → 2022-06-09
Fold 6/13: test 2022-06-10 → 2022-09-09
Fold 7/13: test 2022-09-12 → 2022-12-08
Fold 8/13: test 2022-12-09 → 2023-03-13
Fold 9/13: test 2023-03-14 → 2023-06-12
Fold 10/13: test 2023-06-13 → 2023-09-12
Fold 11/13: test 2023-09-13 → 2023-12-11
Fold 12/13: test 2023-12-12 → 2024-03-13
Fold 13/13: test 2024-03-14 → 2024-08-27
cell 24/32 done in 5m (elapsed 108m; ~36m remaining at the mean cell pace — 
frozen cells run far faster than re-fit cells)
sweep: ensemble on etf, seed base 50 [cell 25/32]
Fold 1/13: test 2021-03-12 → 2021-06-10
restart 1/4 (as of 2021-03-12)
Optimizing 2 strategies over 2015-07-28 to 2021-03-11
  objective: sharpe | train window: 2015-07-28 → 2021-03-11
  1000 trials across 5 workers
  [  2%] 25/1000 trials — best sharpe: 1.26
  [  5%] 50/1000 trials — best sharpe: 1.26
  [  7%] 75/1000 trials — best sharpe: 1.26
  [ 10%] 100/1000 trials — best sharpe: 1.26
  [ 12%] 125/1000 trials — best sharpe: 1.33
  [ 15%] 150/1000 trials — best sharpe: 1.33
  [ 17%] 175/1000 trials — best sharpe: 1.33
  [ 20%] 200/1000 trials — best sharpe: 1.33
  [ 22%] 225/1000 trials — best sharpe: 1.33
  [ 25%] 250/1000 trials — best sharpe: 1.33
  [ 27%] 275/1000 trials — best sharpe: 1.33
  [ 30%] 300/1000 trials — best sharpe: 1.33
  [ 32%] 325/1000 trials — best sharpe: 1.33
  [ 35%] 350/1000 trials — best sharpe: 1.33
  [ 37%] 375/1000 trials — best sharpe: 1.33
  [ 40%] 400/1000 trials — best sharpe: 1.33
  [ 42%] 425/1000 trials — best sharpe: 1.33
  [ 45%] 450/1000 trials — best sharpe: 1.33
  [ 47%] 475/1000 trials — best sharpe: 1.33
  [ 50%] 500/1000 trials — best sharpe: 1.33
  [ 52%] 525/1000 trials — best sharpe: 1.33
  [ 55%] 550/1000 trials — best sharpe: 1.33
  [ 57%] 575/1000 trials — best sharpe: 1.33
  [ 60%] 600/1000 trials — best sharpe: 1.33
  [ 62%] 625/1000 trials — best sharpe: 1.33
  [ 65%] 650/1000 trials — best sharpe: 1.33
  [ 67%] 675/1000 trials — best sharpe: 1.33
  [ 70%] 700/1000 trials — best sharpe: 1.33
  [ 72%] 725/1000 trials — best sharpe: 1.33
  [ 75%] 750/1000 trials — best sharpe: 1.33
  [ 77%] 775/1000 trials — best sharpe: 1.33
  [ 80%] 800/1000 trials — best sharpe: 1.33
  [ 82%] 825/1000 trials — best sharpe: 1.33
  [ 85%] 850/1000 trials — best sharpe: 1.33
  [ 87%] 875/1000 trials — best sharpe: 1.33
  [ 90%] 900/1000 trials — best sharpe: 1.33
  [ 92%] 925/1000 trials — best sharpe: 1.33
  [ 95%] 950/1000 trials — best sharpe: 1.33
  [ 97%] 975/1000 trials — best sharpe: 1.33
  [100%] 1000/1000 trials — best sharpe: 1.33
Optimization complete — best sharpe: 1.33
  Max drawdown: 15.72% | Sharpe: 1.33 | Win rate: 63.24%
restart 2/4 (as of 2021-03-12)
Optimizing 2 strategies over 2015-07-28 to 2021-03-11
  objective: sharpe | train window: 2015-07-28 → 2021-03-11
  1000 trials across 5 workers
  [  2%] 25/1000 trials — best sharpe: 1.21
  [  5%] 50/1000 trials — best sharpe: 1.21
  [  7%] 75/1000 trials — best sharpe: 1.24
  [ 10%] 100/1000 trials — best sharpe: 1.29
  [ 12%] 125/1000 trials — best sharpe: 1.29
  [ 15%] 150/1000 trials — best sharpe: 1.29
  [ 17%] 175/1000 trials — best sharpe: 1.30
  [ 20%] 200/1000 trials — best sharpe: 1.30
  [ 22%] 225/1000 trials — best sharpe: 1.30
  [ 25%] 250/1000 trials — best sharpe: 1.30
  [ 27%] 275/1000 trials — best sharpe: 1.30
  [ 30%] 300/1000 trials — best sharpe: 1.30
  [ 32%] 325/1000 trials — best sharpe: 1.30
  [ 35%] 350/1000 trials — best sharpe: 1.30
  [ 37%] 375/1000 trials — best sharpe: 1.31
  [ 40%] 400/1000 trials — best sharpe: 1.31
  [ 42%] 425/1000 trials — best sharpe: 1.31
  [ 45%] 450/1000 trials — best sharpe: 1.31
  [ 47%] 475/1000 trials — best sharpe: 1.31
  [ 50%] 500/1000 trials — best sharpe: 1.32
  [ 52%] 525/1000 trials — best sharpe: 1.32
  [ 55%] 550/1000 trials — best sharpe: 1.32
  [ 57%] 575/1000 trials — best sharpe: 1.32
  [ 60%] 600/1000 trials — best sharpe: 1.32
  [ 62%] 625/1000 trials — best sharpe: 1.32
  [ 65%] 650/1000 trials — best sharpe: 1.32
  [ 67%] 675/1000 trials — best sharpe: 1.32
  [ 70%] 700/1000 trials — best sharpe: 1.32
  [ 72%] 725/1000 trials — best sharpe: 1.32
  [ 75%] 750/1000 trials — best sharpe: 1.32
  [ 77%] 775/1000 trials — best sharpe: 1.32
  [ 80%] 800/1000 trials — best sharpe: 1.32
  [ 82%] 825/1000 trials — best sharpe: 1.32
  [ 85%] 850/1000 trials — best sharpe: 1.32
  [ 87%] 875/1000 trials — best sharpe: 1.32
  [ 90%] 900/1000 trials — best sharpe: 1.32
  [ 92%] 925/1000 trials — best sharpe: 1.32
  [ 95%] 950/1000 trials — best sharpe: 1.32
  [ 97%] 975/1000 trials — best sharpe: 1.32
  [100%] 1000/1000 trials — best sharpe: 1.32
Optimization complete — best sharpe: 1.32
  Max drawdown: 17.15% | Sharpe: 1.32 | Win rate: 62.12%
restart 3/4 (as of 2021-03-12)
Optimizing 2 strategies over 2015-07-28 to 2021-03-11
  objective: sharpe | train window: 2015-07-28 → 2021-03-11
  1000 trials across 5 workers
  [  2%] 25/1000 trials — best sharpe: 1.18
  [  5%] 50/1000 trials — best sharpe: 1.18
  [  7%] 75/1000 trials — best sharpe: 1.27
  [ 10%] 100/1000 trials — best sharpe: 1.27
  [ 12%] 125/1000 trials — best sharpe: 1.27
  [ 15%] 150/1000 trials — best sharpe: 1.28
  [ 17%] 175/1000 trials — best sharpe: 1.28
  [ 20%] 200/1000 trials — best sharpe: 1.28
  [ 22%] 225/1000 trials — best sharpe: 1.28
  [ 25%] 250/1000 trials — best sharpe: 1.29
  [ 27%] 275/1000 trials — best sharpe: 1.29
  [ 30%] 300/1000 trials — best sharpe: 1.29
  [ 32%] 325/1000 trials — best sharpe: 1.29
  [ 35%] 350/1000 trials — best sharpe: 1.29
  [ 37%] 375/1000 trials — best sharpe: 1.29
  [ 40%] 400/1000 trials — best sharpe: 1.29
  [ 42%] 425/1000 trials — best sharpe: 1.29
  [ 45%] 450/1000 trials — best sharpe: 1.29
  [ 47%] 475/1000 trials — best sharpe: 1.29
  [ 50%] 500/1000 trials — best sharpe: 1.29
  [ 52%] 525/1000 trials — best sharpe: 1.29
  [ 55%] 550/1000 trials — best sharpe: 1.29
  [ 57%] 575/1000 trials — best sharpe: 1.29
  [ 60%] 600/1000 trials — best sharpe: 1.29
  [ 62%] 625/1000 trials — best sharpe: 1.29
  [ 65%] 650/1000 trials — best sharpe: 1.29
  [ 67%] 675/1000 trials — best sharpe: 1.29
  [ 70%] 700/1000 trials — best sharpe: 1.29
  [ 72%] 725/1000 trials — best sharpe: 1.29
  [ 75%] 750/1000 trials — best sharpe: 1.31
  [ 77%] 775/1000 trials — best sharpe: 1.31
  [ 80%] 800/1000 trials — best sharpe: 1.31
  [ 82%] 825/1000 trials — best sharpe: 1.31
  [ 85%] 850/1000 trials — best sharpe: 1.31
  [ 87%] 875/1000 trials — best sharpe: 1.31
  [ 90%] 900/1000 trials — best sharpe: 1.31
  [ 92%] 925/1000 trials — best sharpe: 1.31
  [ 95%] 950/1000 trials — best sharpe: 1.31
  [ 97%] 975/1000 trials — best sharpe: 1.31
  [100%] 1000/1000 trials — best sharpe: 1.31
Optimization complete — best sharpe: 1.31
  Max drawdown: 15.87% | Sharpe: 1.31 | Win rate: 65.28%
restart 4/4 (as of 2021-03-12)
Optimizing 2 strategies over 2015-07-28 to 2021-03-11
  objective: sharpe | train window: 2015-07-28 → 2021-03-11
  1000 trials across 5 workers
  [  2%] 25/1000 trials — best sharpe: 1.12
  [  5%] 50/1000 trials — best sharpe: 1.21
  [  7%] 75/1000 trials — best sharpe: 1.25
  [ 10%] 100/1000 trials — best sharpe: 1.25
  [ 12%] 125/1000 trials — best sharpe: 1.25
  [ 15%] 150/1000 trials — best sharpe: 1.25
  [ 17%] 175/1000 trials — best sharpe: 1.25
  [ 20%] 200/1000 trials — best sharpe: 1.25
  [ 22%] 225/1000 trials — best sharpe: 1.25
  [ 25%] 250/1000 trials — best sharpe: 1.25
  [ 27%] 275/1000 trials — best sharpe: 1.25
  [ 30%] 300/1000 trials — best sharpe: 1.25
  [ 32%] 325/1000 trials — best sharpe: 1.25
  [ 35%] 350/1000 trials — best sharpe: 1.26
  [ 37%] 375/1000 trials — best sharpe: 1.26
  [ 40%] 400/1000 trials — best sharpe: 1.26
  [ 42%] 425/1000 trials — best sharpe: 1.29
  [ 45%] 450/1000 trials — best sharpe: 1.29
  [ 47%] 475/1000 trials — best sharpe: 1.29
  [ 50%] 500/1000 trials — best sharpe: 1.29
  [ 52%] 525/1000 trials — best sharpe: 1.30
  [ 55%] 550/1000 trials — best sharpe: 1.30
  [ 57%] 575/1000 trials — best sharpe: 1.30
  [ 60%] 600/1000 trials — best sharpe: 1.30
  [ 62%] 625/1000 trials — best sharpe: 1.30
  [ 65%] 650/1000 trials — best sharpe: 1.30
  [ 67%] 675/1000 trials — best sharpe: 1.30
  [ 70%] 700/1000 trials — best sharpe: 1.30
  [ 72%] 725/1000 trials — best sharpe: 1.30
  [ 75%] 750/1000 trials — best sharpe: 1.30
  [ 77%] 775/1000 trials — best sharpe: 1.30
  [ 80%] 800/1000 trials — best sharpe: 1.30
  [ 82%] 825/1000 trials — best sharpe: 1.30
  [ 85%] 850/1000 trials — best sharpe: 1.32
  [ 87%] 875/1000 trials — best sharpe: 1.32
  [ 90%] 900/1000 trials — best sharpe: 1.33
  [ 92%] 925/1000 trials — best sharpe: 1.34
  [ 95%] 950/1000 trials — best sharpe: 1.34
  [ 97%] 975/1000 trials — best sharpe: 1.34
  [100%] 1000/1000 trials — best sharpe: 1.34
Optimization complete — best sharpe: 1.34
  Max drawdown: 14.65% | Sharpe: 1.34 | Win rate: 65.71%
ensemble under-filled: 11 distinct member(s) survived dedupe (policy asks for 
20) — the deployment is less diversified than configured
Fold 2/13: test 2021-06-11 → 2021-09-09
Fold 3/13: test 2021-09-10 → 2021-12-08
Fold 4/13: test 2021-12-09 → 2022-03-10
Fold 5/13: test 2022-03-11 → 2022-06-09
Fold 6/13: test 2022-06-10 → 2022-09-09
Fold 7/13: test 2022-09-12 → 2022-12-08
Fold 8/13: test 2022-12-09 → 2023-03-13
Fold 9/13: test 2023-03-14 → 2023-06-12
Fold 10/13: test 2023-06-13 → 2023-09-12
Fold 11/13: test 2023-09-13 → 2023-12-11
Fold 12/13: test 2023-12-12 → 2024-03-13
Fold 13/13: test 2024-03-14 → 2024-08-27
cell 25/32 done in 4m (elapsed 112m; ~31m remaining at the mean cell pace — 
frozen cells run far faster than re-fit cells)
sweep: ensemble on etf, seed base 51 [cell 26/32]
Fold 1/13: test 2021-03-12 → 2021-06-10
restart 1/4 (as of 2021-03-12)
Optimizing 2 strategies over 2015-07-28 to 2021-03-11
  objective: sharpe | train window: 2015-07-28 → 2021-03-11
  1000 trials across 5 workers
  [  2%] 25/1000 trials — best sharpe: 1.26
  [  5%] 50/1000 trials — best sharpe: 1.27
  [  7%] 75/1000 trials — best sharpe: 1.27
  [ 10%] 100/1000 trials — best sharpe: 1.27
  [ 12%] 125/1000 trials — best sharpe: 1.27
  [ 15%] 150/1000 trials — best sharpe: 1.28
  [ 17%] 175/1000 trials — best sharpe: 1.28
  [ 20%] 200/1000 trials — best sharpe: 1.28
  [ 22%] 225/1000 trials — best sharpe: 1.28
  [ 25%] 250/1000 trials — best sharpe: 1.28
  [ 27%] 275/1000 trials — best sharpe: 1.28
  [ 30%] 300/1000 trials — best sharpe: 1.28
  [ 32%] 325/1000 trials — best sharpe: 1.28
  [ 35%] 350/1000 trials — best sharpe: 1.28
  [ 37%] 375/1000 trials — best sharpe: 1.28
  [ 40%] 400/1000 trials — best sharpe: 1.28
  [ 42%] 425/1000 trials — best sharpe: 1.29
  [ 45%] 450/1000 trials — best sharpe: 1.31
  [ 47%] 475/1000 trials — best sharpe: 1.31
  [ 50%] 500/1000 trials — best sharpe: 1.31
  [ 52%] 525/1000 trials — best sharpe: 1.31
  [ 55%] 550/1000 trials — best sharpe: 1.31
  [ 57%] 575/1000 trials — best sharpe: 1.31
  [ 60%] 600/1000 trials — best sharpe: 1.31
  [ 62%] 625/1000 trials — best sharpe: 1.31
  [ 65%] 650/1000 trials — best sharpe: 1.31
  [ 67%] 675/1000 trials — best sharpe: 1.31
  [ 70%] 700/1000 trials — best sharpe: 1.31
  [ 72%] 725/1000 trials — best sharpe: 1.31
  [ 75%] 750/1000 trials — best sharpe: 1.31
  [ 77%] 775/1000 trials — best sharpe: 1.31
  [ 80%] 800/1000 trials — best sharpe: 1.31
  [ 82%] 825/1000 trials — best sharpe: 1.31
  [ 85%] 850/1000 trials — best sharpe: 1.31
  [ 87%] 875/1000 trials — best sharpe: 1.31
  [ 90%] 900/1000 trials — best sharpe: 1.31
  [ 92%] 925/1000 trials — best sharpe: 1.31
  [ 95%] 950/1000 trials — best sharpe: 1.31
  [ 97%] 975/1000 trials — best sharpe: 1.31
  [100%] 1000/1000 trials — best sharpe: 1.31
Optimization complete — best sharpe: 1.31
  Max drawdown: 16.37% | Sharpe: 1.31 | Win rate: 62.32%
restart 2/4 (as of 2021-03-12)
Optimizing 2 strategies over 2015-07-28 to 2021-03-11
  objective: sharpe | train window: 2015-07-28 → 2021-03-11
  1000 trials across 5 workers
  [  2%] 25/1000 trials — best sharpe: 1.29
  [  5%] 50/1000 trials — best sharpe: 1.29
  [  7%] 75/1000 trials — best sharpe: 1.29
  [ 10%] 100/1000 trials — best sharpe: 1.29
  [ 12%] 125/1000 trials — best sharpe: 1.29
  [ 15%] 150/1000 trials — best sharpe: 1.31
  [ 17%] 175/1000 trials — best sharpe: 1.31
  [ 20%] 200/1000 trials — best sharpe: 1.31
  [ 22%] 225/1000 trials — best sharpe: 1.31
  [ 25%] 250/1000 trials — best sharpe: 1.31
  [ 27%] 275/1000 trials — best sharpe: 1.31
  [ 30%] 300/1000 trials — best sharpe: 1.32
  [ 32%] 325/1000 trials — best sharpe: 1.32
  [ 35%] 350/1000 trials — best sharpe: 1.32
  [ 37%] 375/1000 trials — best sharpe: 1.32
  [ 40%] 400/1000 trials — best sharpe: 1.32
  [ 42%] 425/1000 trials — best sharpe: 1.32
  [ 45%] 450/1000 trials — best sharpe: 1.32
  [ 47%] 475/1000 trials — best sharpe: 1.32
  [ 50%] 500/1000 trials — best sharpe: 1.32
  [ 52%] 525/1000 trials — best sharpe: 1.32
  [ 55%] 550/1000 trials — best sharpe: 1.32
  [ 57%] 575/1000 trials — best sharpe: 1.32
  [ 60%] 600/1000 trials — best sharpe: 1.32
  [ 62%] 625/1000 trials — best sharpe: 1.32
  [ 65%] 650/1000 trials — best sharpe: 1.32
  [ 67%] 675/1000 trials — best sharpe: 1.32
  [ 70%] 700/1000 trials — best sharpe: 1.32
  [ 72%] 725/1000 trials — best sharpe: 1.32
  [ 75%] 750/1000 trials — best sharpe: 1.32
  [ 77%] 775/1000 trials — best sharpe: 1.32
  [ 80%] 800/1000 trials — best sharpe: 1.32
  [ 82%] 825/1000 trials — best sharpe: 1.32
  [ 85%] 850/1000 trials — best sharpe: 1.32
  [ 87%] 875/1000 trials — best sharpe: 1.32
  [ 90%] 900/1000 trials — best sharpe: 1.32
  [ 92%] 925/1000 trials — best sharpe: 1.32
  [ 95%] 950/1000 trials — best sharpe: 1.32
  [ 97%] 975/1000 trials — best sharpe: 1.32
  [100%] 1000/1000 trials — best sharpe: 1.32
Optimization complete — best sharpe: 1.32
  Max drawdown: 15.85% | Sharpe: 1.32 | Win rate: 60.94%
restart 3/4 (as of 2021-03-12)
Optimizing 2 strategies over 2015-07-28 to 2021-03-11
  objective: sharpe | train window: 2015-07-28 → 2021-03-11
  1000 trials across 5 workers
  [  2%] 25/1000 trials — best sharpe: 1.32
  [  5%] 50/1000 trials — best sharpe: 1.32
  [  7%] 75/1000 trials — best sharpe: 1.32
  [ 10%] 100/1000 trials — best sharpe: 1.32
  [ 12%] 125/1000 trials — best sharpe: 1.32
  [ 15%] 150/1000 trials — best sharpe: 1.32
  [ 17%] 175/1000 trials — best sharpe: 1.32
  [ 20%] 200/1000 trials — best sharpe: 1.32
  [ 22%] 225/1000 trials — best sharpe: 1.32
  [ 25%] 250/1000 trials — best sharpe: 1.32
  [ 27%] 275/1000 trials — best sharpe: 1.32
  [ 30%] 300/1000 trials — best sharpe: 1.32
  [ 32%] 325/1000 trials — best sharpe: 1.32
  [ 35%] 350/1000 trials — best sharpe: 1.32
  [ 37%] 375/1000 trials — best sharpe: 1.32
  [ 40%] 400/1000 trials — best sharpe: 1.32
  [ 42%] 425/1000 trials — best sharpe: 1.32
  [ 45%] 450/1000 trials — best sharpe: 1.32
  [ 47%] 475/1000 trials — best sharpe: 1.32
  [ 50%] 500/1000 trials — best sharpe: 1.32
  [ 52%] 525/1000 trials — best sharpe: 1.32
  [ 55%] 550/1000 trials — best sharpe: 1.32
  [ 57%] 575/1000 trials — best sharpe: 1.32
  [ 60%] 600/1000 trials — best sharpe: 1.32
  [ 62%] 625/1000 trials — best sharpe: 1.32
  [ 65%] 650/1000 trials — best sharpe: 1.32
  [ 67%] 675/1000 trials — best sharpe: 1.32
  [ 70%] 700/1000 trials — best sharpe: 1.32
  [ 72%] 725/1000 trials — best sharpe: 1.32
  [ 75%] 750/1000 trials — best sharpe: 1.32
  [ 77%] 775/1000 trials — best sharpe: 1.32
  [ 80%] 800/1000 trials — best sharpe: 1.32
  [ 82%] 825/1000 trials — best sharpe: 1.32
  [ 85%] 850/1000 trials — best sharpe: 1.32
  [ 87%] 875/1000 trials — best sharpe: 1.32
  [ 90%] 900/1000 trials — best sharpe: 1.32
  [ 92%] 925/1000 trials — best sharpe: 1.32
  [ 95%] 950/1000 trials — best sharpe: 1.32
  [ 97%] 975/1000 trials — best sharpe: 1.32
  [100%] 1000/1000 trials — best sharpe: 1.32
Optimization complete — best sharpe: 1.32
  Max drawdown: 15.58% | Sharpe: 1.32 | Win rate: 62.16%
restart 4/4 (as of 2021-03-12)
Optimizing 2 strategies over 2015-07-28 to 2021-03-11
  objective: sharpe | train window: 2015-07-28 → 2021-03-11
  1000 trials across 5 workers
  [  2%] 25/1000 trials — best sharpe: 1.25
  [  5%] 50/1000 trials — best sharpe: 1.28
  [  7%] 75/1000 trials — best sharpe: 1.28
  [ 10%] 100/1000 trials — best sharpe: 1.30
  [ 12%] 125/1000 trials — best sharpe: 1.30
  [ 15%] 150/1000 trials — best sharpe: 1.30
  [ 17%] 175/1000 trials — best sharpe: 1.30
  [ 20%] 200/1000 trials — best sharpe: 1.30
  [ 22%] 225/1000 trials — best sharpe: 1.30
  [ 25%] 250/1000 trials — best sharpe: 1.30
  [ 27%] 275/1000 trials — best sharpe: 1.30
  [ 30%] 300/1000 trials — best sharpe: 1.30
  [ 32%] 325/1000 trials — best sharpe: 1.30
  [ 35%] 350/1000 trials — best sharpe: 1.30
  [ 37%] 375/1000 trials — best sharpe: 1.30
  [ 40%] 400/1000 trials — best sharpe: 1.30
  [ 42%] 425/1000 trials — best sharpe: 1.30
  [ 45%] 450/1000 trials — best sharpe: 1.30
  [ 47%] 475/1000 trials — best sharpe: 1.30
  [ 50%] 500/1000 trials — best sharpe: 1.31
  [ 52%] 525/1000 trials — best sharpe: 1.31
  [ 55%] 550/1000 trials — best sharpe: 1.32
  [ 57%] 575/1000 trials — best sharpe: 1.32
  [ 60%] 600/1000 trials — best sharpe: 1.32
  [ 62%] 625/1000 trials — best sharpe: 1.32
  [ 65%] 650/1000 trials — best sharpe: 1.32
  [ 67%] 675/1000 trials — best sharpe: 1.32
  [ 70%] 700/1000 trials — best sharpe: 1.32
  [ 72%] 725/1000 trials — best sharpe: 1.32
  [ 75%] 750/1000 trials — best sharpe: 1.32
  [ 77%] 775/1000 trials — best sharpe: 1.32
  [ 80%] 800/1000 trials — best sharpe: 1.32
  [ 82%] 825/1000 trials — best sharpe: 1.32
  [ 85%] 850/1000 trials — best sharpe: 1.32
  [ 87%] 875/1000 trials — best sharpe: 1.32
  [ 90%] 900/1000 trials — best sharpe: 1.32
  [ 92%] 925/1000 trials — best sharpe: 1.32
  [ 95%] 950/1000 trials — best sharpe: 1.32
  [ 97%] 975/1000 trials — best sharpe: 1.32
  [100%] 1000/1000 trials — best sharpe: 1.32
Optimization complete — best sharpe: 1.32
  Max drawdown: 15.54% | Sharpe: 1.32 | Win rate: 67.57%
ensemble under-filled: 13 distinct member(s) survived dedupe (policy asks for 
20) — the deployment is less diversified than configured
Fold 2/13: test 2021-06-11 → 2021-09-09
Fold 3/13: test 2021-09-10 → 2021-12-08
Fold 4/13: test 2021-12-09 → 2022-03-10
Fold 5/13: test 2022-03-11 → 2022-06-09
Fold 6/13: test 2022-06-10 → 2022-09-09
Fold 7/13: test 2022-09-12 → 2022-12-08
Fold 8/13: test 2022-12-09 → 2023-03-13
Fold 9/13: test 2023-03-14 → 2023-06-12
Fold 10/13: test 2023-06-13 → 2023-09-12
Fold 11/13: test 2023-09-13 → 2023-12-11
Fold 12/13: test 2023-12-12 → 2024-03-13
Fold 13/13: test 2024-03-14 → 2024-08-27
cell 26/32 done in 4m (elapsed 117m; ~27m remaining at the mean cell pace — 
frozen cells run far faster than re-fit cells)
sweep: ensemble on etf, seed base 52 [cell 27/32]
Fold 1/13: test 2021-03-12 → 2021-06-10
restart 1/4 (as of 2021-03-12)
Optimizing 2 strategies over 2015-07-28 to 2021-03-11
  objective: sharpe | train window: 2015-07-28 → 2021-03-11
  1000 trials across 5 workers
  [  2%] 25/1000 trials — best sharpe: 1.20
  [  5%] 50/1000 trials — best sharpe: 1.25
  [  7%] 75/1000 trials — best sharpe: 1.25
  [ 10%] 100/1000 trials — best sharpe: 1.26
  [ 12%] 125/1000 trials — best sharpe: 1.28
  [ 15%] 150/1000 trials — best sharpe: 1.28
  [ 17%] 175/1000 trials — best sharpe: 1.29
  [ 20%] 200/1000 trials — best sharpe: 1.29
  [ 22%] 225/1000 trials — best sharpe: 1.29
  [ 25%] 250/1000 trials — best sharpe: 1.29
  [ 27%] 275/1000 trials — best sharpe: 1.29
  [ 30%] 300/1000 trials — best sharpe: 1.29
  [ 32%] 325/1000 trials — best sharpe: 1.29
  [ 35%] 350/1000 trials — best sharpe: 1.31
  [ 37%] 375/1000 trials — best sharpe: 1.31
  [ 40%] 400/1000 trials — best sharpe: 1.31
  [ 42%] 425/1000 trials — best sharpe: 1.31
  [ 45%] 450/1000 trials — best sharpe: 1.31
  [ 47%] 475/1000 trials — best sharpe: 1.31
  [ 50%] 500/1000 trials — best sharpe: 1.31
  [ 52%] 525/1000 trials — best sharpe: 1.31
  [ 55%] 550/1000 trials — best sharpe: 1.31
  [ 57%] 575/1000 trials — best sharpe: 1.31
  [ 60%] 600/1000 trials — best sharpe: 1.31
  [ 62%] 625/1000 trials — best sharpe: 1.31
  [ 65%] 650/1000 trials — best sharpe: 1.31
  [ 67%] 675/1000 trials — best sharpe: 1.31
  [ 70%] 700/1000 trials — best sharpe: 1.31
  [ 72%] 725/1000 trials — best sharpe: 1.31
  [ 75%] 750/1000 trials — best sharpe: 1.33
  [ 77%] 775/1000 trials — best sharpe: 1.33
  [ 80%] 800/1000 trials — best sharpe: 1.33
  [ 82%] 825/1000 trials — best sharpe: 1.33
  [ 85%] 850/1000 trials — best sharpe: 1.33
  [ 87%] 875/1000 trials — best sharpe: 1.33
  [ 90%] 900/1000 trials — best sharpe: 1.33
  [ 92%] 925/1000 trials — best sharpe: 1.33
  [ 95%] 950/1000 trials — best sharpe: 1.33
  [ 97%] 975/1000 trials — best sharpe: 1.33
  [100%] 1000/1000 trials — best sharpe: 1.33
Optimization complete — best sharpe: 1.33
  Max drawdown: 15.00% | Sharpe: 1.33 | Win rate: 62.50%
restart 2/4 (as of 2021-03-12)
Optimizing 2 strategies over 2015-07-28 to 2021-03-11
  objective: sharpe | train window: 2015-07-28 → 2021-03-11
  1000 trials across 5 workers
  [  2%] 25/1000 trials — best sharpe: 1.31
  [  5%] 50/1000 trials — best sharpe: 1.31
  [  7%] 75/1000 trials — best sharpe: 1.31
  [ 10%] 100/1000 trials — best sharpe: 1.31
  [ 12%] 125/1000 trials — best sharpe: 1.31
  [ 15%] 150/1000 trials — best sharpe: 1.31
  [ 17%] 175/1000 trials — best sharpe: 1.31
  [ 20%] 200/1000 trials — best sharpe: 1.31
  [ 22%] 225/1000 trials — best sharpe: 1.31
  [ 25%] 250/1000 trials — best sharpe: 1.31
  [ 27%] 275/1000 trials — best sharpe: 1.31
  [ 30%] 300/1000 trials — best sharpe: 1.31
  [ 32%] 325/1000 trials — best sharpe: 1.31
  [ 35%] 350/1000 trials — best sharpe: 1.31
  [ 37%] 375/1000 trials — best sharpe: 1.31
  [ 40%] 400/1000 trials — best sharpe: 1.31
  [ 42%] 425/1000 trials — best sharpe: 1.31
  [ 45%] 450/1000 trials — best sharpe: 1.31
  [ 47%] 475/1000 trials — best sharpe: 1.31
  [ 50%] 500/1000 trials — best sharpe: 1.31
  [ 52%] 525/1000 trials — best sharpe: 1.31
  [ 55%] 550/1000 trials — best sharpe: 1.31
  [ 57%] 575/1000 trials — best sharpe: 1.31
  [ 60%] 600/1000 trials — best sharpe: 1.32
  [ 62%] 625/1000 trials — best sharpe: 1.32
  [ 65%] 650/1000 trials — best sharpe: 1.32
  [ 67%] 675/1000 trials — best sharpe: 1.32
  [ 70%] 700/1000 trials — best sharpe: 1.32
  [ 72%] 725/1000 trials — best sharpe: 1.32
  [ 75%] 750/1000 trials — best sharpe: 1.33
  [ 77%] 775/1000 trials — best sharpe: 1.33
  [ 80%] 800/1000 trials — best sharpe: 1.33
  [ 82%] 825/1000 trials — best sharpe: 1.33
  [ 85%] 850/1000 trials — best sharpe: 1.33
  [ 87%] 875/1000 trials — best sharpe: 1.33
  [ 90%] 900/1000 trials — best sharpe: 1.33
  [ 92%] 925/1000 trials — best sharpe: 1.33
  [ 95%] 950/1000 trials — best sharpe: 1.33
  [ 97%] 975/1000 trials — best sharpe: 1.33
  [100%] 1000/1000 trials — best sharpe: 1.33
Optimization complete — best sharpe: 1.33
  Max drawdown: 14.53% | Sharpe: 1.33 | Win rate: 64.38%
restart 3/4 (as of 2021-03-12)
Optimizing 2 strategies over 2015-07-28 to 2021-03-11
  objective: sharpe | train window: 2015-07-28 → 2021-03-11
  1000 trials across 5 workers
  [  2%] 25/1000 trials — best sharpe: 1.30
  [  5%] 50/1000 trials — best sharpe: 1.30
  [  7%] 75/1000 trials — best sharpe: 1.30
  [ 10%] 100/1000 trials — best sharpe: 1.30
  [ 12%] 125/1000 trials — best sharpe: 1.30
  [ 15%] 150/1000 trials — best sharpe: 1.30
  [ 17%] 175/1000 trials — best sharpe: 1.30
  [ 20%] 200/1000 trials — best sharpe: 1.33
  [ 22%] 225/1000 trials — best sharpe: 1.33
  [ 25%] 250/1000 trials — best sharpe: 1.33
  [ 27%] 275/1000 trials — best sharpe: 1.33
  [ 30%] 300/1000 trials — best sharpe: 1.33
  [ 32%] 325/1000 trials — best sharpe: 1.33
  [ 35%] 350/1000 trials — best sharpe: 1.33
  [ 37%] 375/1000 trials — best sharpe: 1.33
  [ 40%] 400/1000 trials — best sharpe: 1.33
  [ 42%] 425/1000 trials — best sharpe: 1.33
  [ 45%] 450/1000 trials — best sharpe: 1.33
  [ 47%] 475/1000 trials — best sharpe: 1.33
  [ 50%] 500/1000 trials — best sharpe: 1.33
  [ 52%] 525/1000 trials — best sharpe: 1.33
  [ 55%] 550/1000 trials — best sharpe: 1.33
  [ 57%] 575/1000 trials — best sharpe: 1.33
  [ 60%] 600/1000 trials — best sharpe: 1.33
  [ 62%] 625/1000 trials — best sharpe: 1.33
  [ 65%] 650/1000 trials — best sharpe: 1.33
  [ 67%] 675/1000 trials — best sharpe: 1.33
  [ 70%] 700/1000 trials — best sharpe: 1.33
  [ 72%] 725/1000 trials — best sharpe: 1.33
  [ 75%] 750/1000 trials — best sharpe: 1.33
  [ 77%] 775/1000 trials — best sharpe: 1.33
  [ 80%] 800/1000 trials — best sharpe: 1.33
  [ 82%] 825/1000 trials — best sharpe: 1.33
  [ 85%] 850/1000 trials — best sharpe: 1.33
  [ 87%] 875/1000 trials — best sharpe: 1.33
  [ 90%] 900/1000 trials — best sharpe: 1.33
  [ 92%] 925/1000 trials — best sharpe: 1.33
  [ 95%] 950/1000 trials — best sharpe: 1.33
  [ 97%] 975/1000 trials — best sharpe: 1.33
  [100%] 1000/1000 trials — best sharpe: 1.33
Optimization complete — best sharpe: 1.33
  Max drawdown: 15.53% | Sharpe: 1.33 | Win rate: 59.09%
restart 4/4 (as of 2021-03-12)
Optimizing 2 strategies over 2015-07-28 to 2021-03-11
  objective: sharpe | train window: 2015-07-28 → 2021-03-11
  1000 trials across 5 workers
  [  2%] 25/1000 trials — best sharpe: 1.23
  [  5%] 50/1000 trials — best sharpe: 1.23
  [  7%] 75/1000 trials — best sharpe: 1.25
  [ 10%] 100/1000 trials — best sharpe: 1.25
  [ 12%] 125/1000 trials — best sharpe: 1.30
  [ 15%] 150/1000 trials — best sharpe: 1.31
  [ 17%] 175/1000 trials — best sharpe: 1.31
  [ 20%] 200/1000 trials — best sharpe: 1.31
  [ 22%] 225/1000 trials — best sharpe: 1.31
  [ 25%] 250/1000 trials — best sharpe: 1.31
  [ 27%] 275/1000 trials — best sharpe: 1.31
  [ 30%] 300/1000 trials — best sharpe: 1.31
  [ 32%] 325/1000 trials — best sharpe: 1.31
  [ 35%] 350/1000 trials — best sharpe: 1.31
  [ 37%] 375/1000 trials — best sharpe: 1.31
  [ 40%] 400/1000 trials — best sharpe: 1.31
  [ 42%] 425/1000 trials — best sharpe: 1.31
  [ 45%] 450/1000 trials — best sharpe: 1.31
  [ 47%] 475/1000 trials — best sharpe: 1.31
  [ 50%] 500/1000 trials — best sharpe: 1.31
  [ 52%] 525/1000 trials — best sharpe: 1.31
  [ 55%] 550/1000 trials — best sharpe: 1.31
  [ 57%] 575/1000 trials — best sharpe: 1.31
  [ 60%] 600/1000 trials — best sharpe: 1.31
  [ 62%] 625/1000 trials — best sharpe: 1.31
  [ 65%] 650/1000 trials — best sharpe: 1.31
  [ 67%] 675/1000 trials — best sharpe: 1.31
  [ 70%] 700/1000 trials — best sharpe: 1.31
  [ 72%] 725/1000 trials — best sharpe: 1.31
  [ 75%] 750/1000 trials — best sharpe: 1.31
  [ 77%] 775/1000 trials — best sharpe: 1.31
  [ 80%] 800/1000 trials — best sharpe: 1.31
  [ 82%] 825/1000 trials — best sharpe: 1.31
  [ 85%] 850/1000 trials — best sharpe: 1.31
  [ 87%] 875/1000 trials — best sharpe: 1.31
  [ 90%] 900/1000 trials — best sharpe: 1.31
  [ 92%] 925/1000 trials — best sharpe: 1.31
  [ 95%] 950/1000 trials — best sharpe: 1.31
  [ 97%] 975/1000 trials — best sharpe: 1.31
  [100%] 1000/1000 trials — best sharpe: 1.31
Optimization complete — best sharpe: 1.31
  Max drawdown: 15.41% | Sharpe: 1.31 | Win rate: 62.50%
ensemble under-filled: 11 distinct member(s) survived dedupe (policy asks for 
20) — the deployment is less diversified than configured
Fold 2/13: test 2021-06-11 → 2021-09-09
Fold 3/13: test 2021-09-10 → 2021-12-08
Fold 4/13: test 2021-12-09 → 2022-03-10
Fold 5/13: test 2022-03-11 → 2022-06-09
Fold 6/13: test 2022-06-10 → 2022-09-09
Fold 7/13: test 2022-09-12 → 2022-12-08
Fold 8/13: test 2022-12-09 → 2023-03-13
Fold 9/13: test 2023-03-14 → 2023-06-12
Fold 10/13: test 2023-06-13 → 2023-09-12
Fold 11/13: test 2023-09-13 → 2023-12-11
Fold 12/13: test 2023-12-12 → 2024-03-13
Fold 13/13: test 2024-03-14 → 2024-08-27
cell 27/32 done in 4m (elapsed 121m; ~22m remaining at the mean cell pace — 
frozen cells run far faster than re-fit cells)
sweep: ensemble on etf, seed base 53 [cell 28/32]
Fold 1/13: test 2021-03-12 → 2021-06-10
restart 1/4 (as of 2021-03-12)
Optimizing 2 strategies over 2015-07-28 to 2021-03-11
  objective: sharpe | train window: 2015-07-28 → 2021-03-11
  1000 trials across 5 workers
  [  2%] 25/1000 trials — best sharpe: 1.25
  [  5%] 50/1000 trials — best sharpe: 1.25
  [  7%] 75/1000 trials — best sharpe: 1.27
  [ 10%] 100/1000 trials — best sharpe: 1.27
  [ 12%] 125/1000 trials — best sharpe: 1.27
  [ 15%] 150/1000 trials — best sharpe: 1.29
  [ 17%] 175/1000 trials — best sharpe: 1.29
  [ 20%] 200/1000 trials — best sharpe: 1.29
  [ 22%] 225/1000 trials — best sharpe: 1.29
  [ 25%] 250/1000 trials — best sharpe: 1.29
  [ 27%] 275/1000 trials — best sharpe: 1.29
  [ 30%] 300/1000 trials — best sharpe: 1.29
  [ 32%] 325/1000 trials — best sharpe: 1.29
  [ 35%] 350/1000 trials — best sharpe: 1.30
  [ 37%] 375/1000 trials — best sharpe: 1.30
  [ 40%] 400/1000 trials — best sharpe: 1.30
  [ 42%] 425/1000 trials — best sharpe: 1.30
  [ 45%] 450/1000 trials — best sharpe: 1.30
  [ 47%] 475/1000 trials — best sharpe: 1.30
  [ 50%] 500/1000 trials — best sharpe: 1.30
  [ 52%] 525/1000 trials — best sharpe: 1.30
  [ 55%] 550/1000 trials — best sharpe: 1.30
  [ 57%] 575/1000 trials — best sharpe: 1.30
  [ 60%] 600/1000 trials — best sharpe: 1.30
  [ 62%] 625/1000 trials — best sharpe: 1.30
  [ 65%] 650/1000 trials — best sharpe: 1.30
  [ 67%] 675/1000 trials — best sharpe: 1.30
  [ 70%] 700/1000 trials — best sharpe: 1.30
  [ 72%] 725/1000 trials — best sharpe: 1.30
  [ 75%] 750/1000 trials — best sharpe: 1.30
  [ 77%] 775/1000 trials — best sharpe: 1.30
  [ 80%] 800/1000 trials — best sharpe: 1.30
  [ 82%] 825/1000 trials — best sharpe: 1.30
  [ 85%] 850/1000 trials — best sharpe: 1.30
  [ 87%] 875/1000 trials — best sharpe: 1.30
  [ 90%] 900/1000 trials — best sharpe: 1.30
  [ 92%] 925/1000 trials — best sharpe: 1.30
  [ 95%] 950/1000 trials — best sharpe: 1.30
  [ 97%] 975/1000 trials — best sharpe: 1.30
  [100%] 1000/1000 trials — best sharpe: 1.30
Optimization complete — best sharpe: 1.30
  Max drawdown: 15.50% | Sharpe: 1.30 | Win rate: 69.01%
restart 2/4 (as of 2021-03-12)
Optimizing 2 strategies over 2015-07-28 to 2021-03-11
  objective: sharpe | train window: 2015-07-28 → 2021-03-11
  1000 trials across 5 workers
  [  2%] 25/1000 trials — best sharpe: 1.29
  [  5%] 50/1000 trials — best sharpe: 1.29
  [  7%] 75/1000 trials — best sharpe: 1.29
  [ 10%] 100/1000 trials — best sharpe: 1.29
  [ 12%] 125/1000 trials — best sharpe: 1.31
  [ 15%] 150/1000 trials — best sharpe: 1.31
  [ 17%] 175/1000 trials — best sharpe: 1.31
  [ 20%] 200/1000 trials — best sharpe: 1.31
  [ 22%] 225/1000 trials — best sharpe: 1.31
  [ 25%] 250/1000 trials — best sharpe: 1.31
  [ 27%] 275/1000 trials — best sharpe: 1.31
  [ 30%] 300/1000 trials — best sharpe: 1.31
  [ 32%] 325/1000 trials — best sharpe: 1.32
  [ 35%] 350/1000 trials — best sharpe: 1.32
  [ 37%] 375/1000 trials — best sharpe: 1.32
  [ 40%] 400/1000 trials — best sharpe: 1.32
  [ 42%] 425/1000 trials — best sharpe: 1.32
  [ 45%] 450/1000 trials — best sharpe: 1.32
  [ 47%] 475/1000 trials — best sharpe: 1.32
  [ 50%] 500/1000 trials — best sharpe: 1.32
  [ 52%] 525/1000 trials — best sharpe: 1.32
  [ 55%] 550/1000 trials — best sharpe: 1.32
  [ 57%] 575/1000 trials — best sharpe: 1.32
  [ 60%] 600/1000 trials — best sharpe: 1.32
  [ 62%] 625/1000 trials — best sharpe: 1.32
  [ 65%] 650/1000 trials — best sharpe: 1.32
  [ 67%] 675/1000 trials — best sharpe: 1.32
  [ 70%] 700/1000 trials — best sharpe: 1.32
  [ 72%] 725/1000 trials — best sharpe: 1.32
  [ 75%] 750/1000 trials — best sharpe: 1.32
  [ 77%] 775/1000 trials — best sharpe: 1.32
  [ 80%] 800/1000 trials — best sharpe: 1.34
  [ 82%] 825/1000 trials — best sharpe: 1.34
  [ 85%] 850/1000 trials — best sharpe: 1.34
  [ 87%] 875/1000 trials — best sharpe: 1.34
  [ 90%] 900/1000 trials — best sharpe: 1.34
  [ 92%] 925/1000 trials — best sharpe: 1.34
  [ 95%] 950/1000 trials — best sharpe: 1.34
  [ 97%] 975/1000 trials — best sharpe: 1.34
  [100%] 1000/1000 trials — best sharpe: 1.34
Optimization complete — best sharpe: 1.34
  Max drawdown: 16.38% | Sharpe: 1.34 | Win rate: 57.14%
restart 3/4 (as of 2021-03-12)
Optimizing 2 strategies over 2015-07-28 to 2021-03-11
  objective: sharpe | train window: 2015-07-28 → 2021-03-11
  1000 trials across 5 workers
  [  2%] 25/1000 trials — best sharpe: 1.28
  [  5%] 50/1000 trials — best sharpe: 1.28
  [  7%] 75/1000 trials — best sharpe: 1.28
  [ 10%] 100/1000 trials — best sharpe: 1.28
  [ 12%] 125/1000 trials — best sharpe: 1.28
  [ 15%] 150/1000 trials — best sharpe: 1.28
  [ 17%] 175/1000 trials — best sharpe: 1.29
  [ 20%] 200/1000 trials — best sharpe: 1.29
  [ 22%] 225/1000 trials — best sharpe: 1.29
  [ 25%] 250/1000 trials — best sharpe: 1.29
  [ 27%] 275/1000 trials — best sharpe: 1.29
  [ 30%] 300/1000 trials — best sharpe: 1.29
  [ 32%] 325/1000 trials — best sharpe: 1.29
  [ 35%] 350/1000 trials — best sharpe: 1.29
  [ 37%] 375/1000 trials — best sharpe: 1.31
  [ 40%] 400/1000 trials — best sharpe: 1.31
  [ 42%] 425/1000 trials — best sharpe: 1.31
  [ 45%] 450/1000 trials — best sharpe: 1.31
  [ 47%] 475/1000 trials — best sharpe: 1.31
  [ 50%] 500/1000 trials — best sharpe: 1.31
  [ 52%] 525/1000 trials — best sharpe: 1.31
  [ 55%] 550/1000 trials — best sharpe: 1.31
  [ 57%] 575/1000 trials — best sharpe: 1.31
  [ 60%] 600/1000 trials — best sharpe: 1.31
  [ 62%] 625/1000 trials — best sharpe: 1.31
  [ 65%] 650/1000 trials — best sharpe: 1.31
  [ 67%] 675/1000 trials — best sharpe: 1.31
  [ 70%] 700/1000 trials — best sharpe: 1.31
  [ 72%] 725/1000 trials — best sharpe: 1.31
  [ 75%] 750/1000 trials — best sharpe: 1.31
  [ 77%] 775/1000 trials — best sharpe: 1.31
  [ 80%] 800/1000 trials — best sharpe: 1.31
  [ 82%] 825/1000 trials — best sharpe: 1.31
  [ 85%] 850/1000 trials — best sharpe: 1.31
  [ 87%] 875/1000 trials — best sharpe: 1.31
  [ 90%] 900/1000 trials — best sharpe: 1.32
  [ 92%] 925/1000 trials — best sharpe: 1.32
  [ 95%] 950/1000 trials — best sharpe: 1.32
  [ 97%] 975/1000 trials — best sharpe: 1.32
  [100%] 1000/1000 trials — best sharpe: 1.32
Optimization complete — best sharpe: 1.32
  Max drawdown: 14.69% | Sharpe: 1.32 | Win rate: 63.24%
restart 4/4 (as of 2021-03-12)
Optimizing 2 strategies over 2015-07-28 to 2021-03-11
  objective: sharpe | train window: 2015-07-28 → 2021-03-11
  1000 trials across 5 workers
  [  2%] 25/1000 trials — best sharpe: 1.26
  [  5%] 50/1000 trials — best sharpe: 1.26
  [  7%] 75/1000 trials — best sharpe: 1.26
  [ 10%] 100/1000 trials — best sharpe: 1.33
  [ 12%] 125/1000 trials — best sharpe: 1.33
  [ 15%] 150/1000 trials — best sharpe: 1.34
  [ 17%] 175/1000 trials — best sharpe: 1.34
  [ 20%] 200/1000 trials — best sharpe: 1.34
  [ 22%] 225/1000 trials — best sharpe: 1.34
  [ 25%] 250/1000 trials — best sharpe: 1.34
  [ 27%] 275/1000 trials — best sharpe: 1.34
  [ 30%] 300/1000 trials — best sharpe: 1.34
  [ 32%] 325/1000 trials — best sharpe: 1.34
  [ 35%] 350/1000 trials — best sharpe: 1.34
  [ 37%] 375/1000 trials — best sharpe: 1.34
  [ 40%] 400/1000 trials — best sharpe: 1.34
  [ 42%] 425/1000 trials — best sharpe: 1.34
  [ 45%] 450/1000 trials — best sharpe: 1.34
  [ 47%] 475/1000 trials — best sharpe: 1.34
  [ 50%] 500/1000 trials — best sharpe: 1.34
  [ 52%] 525/1000 trials — best sharpe: 1.34
  [ 55%] 550/1000 trials — best sharpe: 1.34
  [ 57%] 575/1000 trials — best sharpe: 1.34
  [ 60%] 600/1000 trials — best sharpe: 1.34
  [ 62%] 625/1000 trials — best sharpe: 1.34
  [ 65%] 650/1000 trials — best sharpe: 1.34
  [ 67%] 675/1000 trials — best sharpe: 1.34
  [ 70%] 700/1000 trials — best sharpe: 1.34
  [ 72%] 725/1000 trials — best sharpe: 1.34
  [ 75%] 750/1000 trials — best sharpe: 1.34
  [ 77%] 775/1000 trials — best sharpe: 1.34
  [ 80%] 800/1000 trials — best sharpe: 1.34
  [ 82%] 825/1000 trials — best sharpe: 1.34
  [ 85%] 850/1000 trials — best sharpe: 1.34
  [ 87%] 875/1000 trials — best sharpe: 1.34
  [ 90%] 900/1000 trials — best sharpe: 1.34
  [ 92%] 925/1000 trials — best sharpe: 1.34
  [ 95%] 950/1000 trials — best sharpe: 1.34
  [ 97%] 975/1000 trials — best sharpe: 1.34
  [100%] 1000/1000 trials — best sharpe: 1.34
Optimization complete — best sharpe: 1.34
  Max drawdown: 14.48% | Sharpe: 1.34 | Win rate: 63.38%
ensemble under-filled: 15 distinct member(s) survived dedupe (policy asks for 
20) — the deployment is less diversified than configured
Fold 2/13: test 2021-06-11 → 2021-09-09
Fold 3/13: test 2021-09-10 → 2021-12-08
Fold 4/13: test 2021-12-09 → 2022-03-10
Fold 5/13: test 2022-03-11 → 2022-06-09
Fold 6/13: test 2022-06-10 → 2022-09-09
Fold 7/13: test 2022-09-12 → 2022-12-08
Fold 8/13: test 2022-12-09 → 2023-03-13
Fold 9/13: test 2023-03-14 → 2023-06-12
Fold 10/13: test 2023-06-13 → 2023-09-12
Fold 11/13: test 2023-09-13 → 2023-12-11
Fold 12/13: test 2023-12-12 → 2024-03-13
Fold 13/13: test 2024-03-14 → 2024-08-27
cell 28/32 done in 4m (elapsed 125m; ~18m remaining at the mean cell pace — 
frozen cells run far faster than re-fit cells)
sweep: ensemble on etf, seed base 54 [cell 29/32]
Fold 1/13: test 2021-03-12 → 2021-06-10
restart 1/4 (as of 2021-03-12)
Optimizing 2 strategies over 2015-07-28 to 2021-03-11
  objective: sharpe | train window: 2015-07-28 → 2021-03-11
  1000 trials across 5 workers
  [  2%] 25/1000 trials — best sharpe: 1.19
  [  5%] 50/1000 trials — best sharpe: 1.29
  [  7%] 75/1000 trials — best sharpe: 1.29
  [ 10%] 100/1000 trials — best sharpe: 1.29
  [ 12%] 125/1000 trials — best sharpe: 1.29
  [ 15%] 150/1000 trials — best sharpe: 1.29
  [ 17%] 175/1000 trials — best sharpe: 1.29
  [ 20%] 200/1000 trials — best sharpe: 1.29
  [ 22%] 225/1000 trials — best sharpe: 1.30
  [ 25%] 250/1000 trials — best sharpe: 1.30
  [ 27%] 275/1000 trials — best sharpe: 1.30
  [ 30%] 300/1000 trials — best sharpe: 1.30
  [ 32%] 325/1000 trials — best sharpe: 1.30
  [ 35%] 350/1000 trials — best sharpe: 1.30
  [ 37%] 375/1000 trials — best sharpe: 1.30
  [ 40%] 400/1000 trials — best sharpe: 1.30
  [ 42%] 425/1000 trials — best sharpe: 1.32
  [ 45%] 450/1000 trials — best sharpe: 1.32
  [ 47%] 475/1000 trials — best sharpe: 1.32
  [ 50%] 500/1000 trials — best sharpe: 1.32
  [ 52%] 525/1000 trials — best sharpe: 1.32
  [ 55%] 550/1000 trials — best sharpe: 1.32
  [ 57%] 575/1000 trials — best sharpe: 1.32
  [ 60%] 600/1000 trials — best sharpe: 1.32
  [ 62%] 625/1000 trials — best sharpe: 1.32
  [ 65%] 650/1000 trials — best sharpe: 1.32
  [ 67%] 675/1000 trials — best sharpe: 1.32
  [ 70%] 700/1000 trials — best sharpe: 1.32
  [ 72%] 725/1000 trials — best sharpe: 1.32
  [ 75%] 750/1000 trials — best sharpe: 1.32
  [ 77%] 775/1000 trials — best sharpe: 1.32
  [ 80%] 800/1000 trials — best sharpe: 1.32
  [ 82%] 825/1000 trials — best sharpe: 1.32
  [ 85%] 850/1000 trials — best sharpe: 1.32
  [ 87%] 875/1000 trials — best sharpe: 1.32
  [ 90%] 900/1000 trials — best sharpe: 1.32
  [ 92%] 925/1000 trials — best sharpe: 1.32
  [ 95%] 950/1000 trials — best sharpe: 1.32
  [ 97%] 975/1000 trials — best sharpe: 1.32
  [100%] 1000/1000 trials — best sharpe: 1.32
Optimization complete — best sharpe: 1.32
  Max drawdown: 15.54% | Sharpe: 1.32 | Win rate: 67.57%
restart 2/4 (as of 2021-03-12)
Optimizing 2 strategies over 2015-07-28 to 2021-03-11
  objective: sharpe | train window: 2015-07-28 → 2021-03-11
  1000 trials across 5 workers
  [  2%] 25/1000 trials — best sharpe: 1.25
  [  5%] 50/1000 trials — best sharpe: 1.25
  [  7%] 75/1000 trials — best sharpe: 1.29
  [ 10%] 100/1000 trials — best sharpe: 1.29
  [ 12%] 125/1000 trials — best sharpe: 1.29
  [ 15%] 150/1000 trials — best sharpe: 1.29
  [ 17%] 175/1000 trials — best sharpe: 1.29
  [ 20%] 200/1000 trials — best sharpe: 1.29
  [ 22%] 225/1000 trials — best sharpe: 1.29
  [ 25%] 250/1000 trials — best sharpe: 1.29
  [ 27%] 275/1000 trials — best sharpe: 1.29
  [ 30%] 300/1000 trials — best sharpe: 1.29
  [ 32%] 325/1000 trials — best sharpe: 1.29
  [ 35%] 350/1000 trials — best sharpe: 1.30
  [ 37%] 375/1000 trials — best sharpe: 1.30
  [ 40%] 400/1000 trials — best sharpe: 1.30
  [ 42%] 425/1000 trials — best sharpe: 1.31
  [ 45%] 450/1000 trials — best sharpe: 1.31
  [ 47%] 475/1000 trials — best sharpe: 1.31
  [ 50%] 500/1000 trials — best sharpe: 1.31
  [ 52%] 525/1000 trials — best sharpe: 1.31
  [ 55%] 550/1000 trials — best sharpe: 1.31
  [ 57%] 575/1000 trials — best sharpe: 1.31
  [ 60%] 600/1000 trials — best sharpe: 1.31
  [ 62%] 625/1000 trials — best sharpe: 1.31
  [ 65%] 650/1000 trials — best sharpe: 1.31
  [ 67%] 675/1000 trials — best sharpe: 1.31
  [ 70%] 700/1000 trials — best sharpe: 1.31
  [ 72%] 725/1000 trials — best sharpe: 1.31
  [ 75%] 750/1000 trials — best sharpe: 1.31
  [ 77%] 775/1000 trials — best sharpe: 1.31
  [ 80%] 800/1000 trials — best sharpe: 1.31
  [ 82%] 825/1000 trials — best sharpe: 1.31
  [ 85%] 850/1000 trials — best sharpe: 1.31
  [ 87%] 875/1000 trials — best sharpe: 1.31
  [ 90%] 900/1000 trials — best sharpe: 1.31
  [ 92%] 925/1000 trials — best sharpe: 1.31
  [ 95%] 950/1000 trials — best sharpe: 1.31
  [ 97%] 975/1000 trials — best sharpe: 1.31
  [100%] 1000/1000 trials — best sharpe: 1.31
Optimization complete — best sharpe: 1.31
  Max drawdown: 15.56% | Sharpe: 1.31 | Win rate: 64.86%
restart 3/4 (as of 2021-03-12)
Optimizing 2 strategies over 2015-07-28 to 2021-03-11
  objective: sharpe | train window: 2015-07-28 → 2021-03-11
  1000 trials across 5 workers
  [  2%] 25/1000 trials — best sharpe: 1.21
  [  5%] 50/1000 trials — best sharpe: 1.28
  [  7%] 75/1000 trials — best sharpe: 1.31
  [ 10%] 100/1000 trials — best sharpe: 1.31
  [ 12%] 125/1000 trials — best sharpe: 1.31
  [ 15%] 150/1000 trials — best sharpe: 1.31
  [ 17%] 175/1000 trials — best sharpe: 1.31
  [ 20%] 200/1000 trials — best sharpe: 1.31
  [ 22%] 225/1000 trials — best sharpe: 1.31
  [ 25%] 250/1000 trials — best sharpe: 1.31
  [ 27%] 275/1000 trials — best sharpe: 1.31
  [ 30%] 300/1000 trials — best sharpe: 1.31
  [ 32%] 325/1000 trials — best sharpe: 1.31
  [ 35%] 350/1000 trials — best sharpe: 1.31
  [ 37%] 375/1000 trials — best sharpe: 1.31
  [ 40%] 400/1000 trials — best sharpe: 1.31
  [ 42%] 425/1000 trials — best sharpe: 1.31
  [ 45%] 450/1000 trials — best sharpe: 1.31
  [ 47%] 475/1000 trials — best sharpe: 1.31
  [ 50%] 500/1000 trials — best sharpe: 1.31
  [ 52%] 525/1000 trials — best sharpe: 1.31
  [ 55%] 550/1000 trials — best sharpe: 1.31
  [ 57%] 575/1000 trials — best sharpe: 1.31
  [ 60%] 600/1000 trials — best sharpe: 1.31
  [ 62%] 625/1000 trials — best sharpe: 1.31
  [ 65%] 650/1000 trials — best sharpe: 1.31
  [ 67%] 675/1000 trials — best sharpe: 1.32
  [ 70%] 700/1000 trials — best sharpe: 1.32
  [ 72%] 725/1000 trials — best sharpe: 1.32
  [ 75%] 750/1000 trials — best sharpe: 1.32
  [ 77%] 775/1000 trials — best sharpe: 1.33
  [ 80%] 800/1000 trials — best sharpe: 1.33
  [ 82%] 825/1000 trials — best sharpe: 1.33
  [ 85%] 850/1000 trials — best sharpe: 1.33
  [ 87%] 875/1000 trials — best sharpe: 1.33
  [ 90%] 900/1000 trials — best sharpe: 1.33
  [ 92%] 925/1000 trials — best sharpe: 1.33
  [ 95%] 950/1000 trials — best sharpe: 1.33
  [ 97%] 975/1000 trials — best sharpe: 1.34
  [100%] 1000/1000 trials — best sharpe: 1.34
Optimization complete — best sharpe: 1.34
  Max drawdown: 16.32% | Sharpe: 1.34 | Win rate: 63.77%
restart 4/4 (as of 2021-03-12)
Optimizing 2 strategies over 2015-07-28 to 2021-03-11
  objective: sharpe | train window: 2015-07-28 → 2021-03-11
  1000 trials across 5 workers
  [  2%] 25/1000 trials — best sharpe: 1.26
  [  5%] 50/1000 trials — best sharpe: 1.26
  [  7%] 75/1000 trials — best sharpe: 1.26
  [ 10%] 100/1000 trials — best sharpe: 1.29
  [ 12%] 125/1000 trials — best sharpe: 1.30
  [ 15%] 150/1000 trials — best sharpe: 1.30
  [ 17%] 175/1000 trials — best sharpe: 1.31
  [ 20%] 200/1000 trials — best sharpe: 1.31
  [ 22%] 225/1000 trials — best sharpe: 1.31
  [ 25%] 250/1000 trials — best sharpe: 1.31
  [ 27%] 275/1000 trials — best sharpe: 1.31
  [ 30%] 300/1000 trials — best sharpe: 1.31
  [ 32%] 325/1000 trials — best sharpe: 1.31
  [ 35%] 350/1000 trials — best sharpe: 1.31
  [ 37%] 375/1000 trials — best sharpe: 1.31
  [ 40%] 400/1000 trials — best sharpe: 1.32
  [ 42%] 425/1000 trials — best sharpe: 1.32
  [ 45%] 450/1000 trials — best sharpe: 1.32
  [ 47%] 475/1000 trials — best sharpe: 1.32
  [ 50%] 500/1000 trials — best sharpe: 1.32
  [ 52%] 525/1000 trials — best sharpe: 1.32
  [ 55%] 550/1000 trials — best sharpe: 1.32
  [ 57%] 575/1000 trials — best sharpe: 1.32
  [ 60%] 600/1000 trials — best sharpe: 1.32
  [ 62%] 625/1000 trials — best sharpe: 1.32
  [ 65%] 650/1000 trials — best sharpe: 1.32
  [ 67%] 675/1000 trials — best sharpe: 1.32
  [ 70%] 700/1000 trials — best sharpe: 1.32
  [ 72%] 725/1000 trials — best sharpe: 1.32
  [ 75%] 750/1000 trials — best sharpe: 1.32
  [ 77%] 775/1000 trials — best sharpe: 1.32
  [ 80%] 800/1000 trials — best sharpe: 1.32
  [ 82%] 825/1000 trials — best sharpe: 1.32
  [ 85%] 850/1000 trials — best sharpe: 1.32
  [ 87%] 875/1000 trials — best sharpe: 1.32
  [ 90%] 900/1000 trials — best sharpe: 1.32
  [ 92%] 925/1000 trials — best sharpe: 1.32
  [ 95%] 950/1000 trials — best sharpe: 1.32
  [ 97%] 975/1000 trials — best sharpe: 1.32
  [100%] 1000/1000 trials — best sharpe: 1.32
Optimization complete — best sharpe: 1.32
  Max drawdown: 14.37% | Sharpe: 1.32 | Win rate: 62.16%
ensemble under-filled: 13 distinct member(s) survived dedupe (policy asks for 
20) — the deployment is less diversified than configured
Fold 2/13: test 2021-06-11 → 2021-09-09
Fold 3/13: test 2021-09-10 → 2021-12-08
Fold 4/13: test 2021-12-09 → 2022-03-10
Fold 5/13: test 2022-03-11 → 2022-06-09
Fold 6/13: test 2022-06-10 → 2022-09-09
Fold 7/13: test 2022-09-12 → 2022-12-08
Fold 8/13: test 2022-12-09 → 2023-03-13
Fold 9/13: test 2023-03-14 → 2023-06-12
Fold 10/13: test 2023-06-13 → 2023-09-12
Fold 11/13: test 2023-09-13 → 2023-12-11
Fold 12/13: test 2023-12-12 → 2024-03-13
Fold 13/13: test 2024-03-14 → 2024-08-27
cell 29/32 done in 4m (elapsed 129m; ~13m remaining at the mean cell pace — 
frozen cells run far faster than re-fit cells)
sweep: ensemble on etf, seed base 55 [cell 30/32]
Fold 1/13: test 2021-03-12 → 2021-06-10
restart 1/4 (as of 2021-03-12)
Optimizing 2 strategies over 2015-07-28 to 2021-03-11
  objective: sharpe | train window: 2015-07-28 → 2021-03-11
  1000 trials across 5 workers
  [  2%] 25/1000 trials — best sharpe: 1.28
  [  5%] 50/1000 trials — best sharpe: 1.28
  [  7%] 75/1000 trials — best sharpe: 1.28
  [ 10%] 100/1000 trials — best sharpe: 1.28
  [ 12%] 125/1000 trials — best sharpe: 1.28
  [ 15%] 150/1000 trials — best sharpe: 1.28
  [ 17%] 175/1000 trials — best sharpe: 1.28
  [ 20%] 200/1000 trials — best sharpe: 1.29
  [ 22%] 225/1000 trials — best sharpe: 1.29
  [ 25%] 250/1000 trials — best sharpe: 1.29
  [ 27%] 275/1000 trials — best sharpe: 1.29
  [ 30%] 300/1000 trials — best sharpe: 1.29
  [ 32%] 325/1000 trials — best sharpe: 1.32
  [ 35%] 350/1000 trials — best sharpe: 1.32
  [ 37%] 375/1000 trials — best sharpe: 1.32
  [ 40%] 400/1000 trials — best sharpe: 1.32
  [ 42%] 425/1000 trials — best sharpe: 1.32
  [ 45%] 450/1000 trials — best sharpe: 1.32
  [ 47%] 475/1000 trials — best sharpe: 1.32
  [ 50%] 500/1000 trials — best sharpe: 1.32
  [ 52%] 525/1000 trials — best sharpe: 1.32
  [ 55%] 550/1000 trials — best sharpe: 1.32
  [ 57%] 575/1000 trials — best sharpe: 1.32
  [ 60%] 600/1000 trials — best sharpe: 1.32
  [ 62%] 625/1000 trials — best sharpe: 1.32
  [ 65%] 650/1000 trials — best sharpe: 1.32
  [ 67%] 675/1000 trials — best sharpe: 1.32
  [ 70%] 700/1000 trials — best sharpe: 1.32
  [ 72%] 725/1000 trials — best sharpe: 1.33
  [ 75%] 750/1000 trials — best sharpe: 1.33
  [ 77%] 775/1000 trials — best sharpe: 1.33
  [ 80%] 800/1000 trials — best sharpe: 1.33
  [ 82%] 825/1000 trials — best sharpe: 1.33
  [ 85%] 850/1000 trials — best sharpe: 1.33
  [ 87%] 875/1000 trials — best sharpe: 1.33
  [ 90%] 900/1000 trials — best sharpe: 1.33
  [ 92%] 925/1000 trials — best sharpe: 1.33
  [ 95%] 950/1000 trials — best sharpe: 1.33
  [ 97%] 975/1000 trials — best sharpe: 1.33
  [100%] 1000/1000 trials — best sharpe: 1.33
Optimization complete — best sharpe: 1.33
  Max drawdown: 15.30% | Sharpe: 1.33 | Win rate: 59.09%
restart 2/4 (as of 2021-03-12)
Optimizing 2 strategies over 2015-07-28 to 2021-03-11
  objective: sharpe | train window: 2015-07-28 → 2021-03-11
  1000 trials across 5 workers
  [  2%] 25/1000 trials — best sharpe: 1.20
  [  5%] 50/1000 trials — best sharpe: 1.28
  [  7%] 75/1000 trials — best sharpe: 1.28
  [ 10%] 100/1000 trials — best sharpe: 1.30
  [ 12%] 125/1000 trials — best sharpe: 1.30
  [ 15%] 150/1000 trials — best sharpe: 1.31
  [ 17%] 175/1000 trials — best sharpe: 1.31
  [ 20%] 200/1000 trials — best sharpe: 1.31
  [ 22%] 225/1000 trials — best sharpe: 1.31
  [ 25%] 250/1000 trials — best sharpe: 1.31
  [ 27%] 275/1000 trials — best sharpe: 1.31
  [ 30%] 300/1000 trials — best sharpe: 1.31
  [ 32%] 325/1000 trials — best sharpe: 1.31
  [ 35%] 350/1000 trials — best sharpe: 1.31
  [ 37%] 375/1000 trials — best sharpe: 1.31
  [ 40%] 400/1000 trials — best sharpe: 1.31
  [ 42%] 425/1000 trials — best sharpe: 1.31
  [ 45%] 450/1000 trials — best sharpe: 1.31
  [ 47%] 475/1000 trials — best sharpe: 1.31
  [ 50%] 500/1000 trials — best sharpe: 1.31
  [ 52%] 525/1000 trials — best sharpe: 1.31
  [ 55%] 550/1000 trials — best sharpe: 1.31
  [ 57%] 575/1000 trials — best sharpe: 1.31
  [ 60%] 600/1000 trials — best sharpe: 1.31
  [ 62%] 625/1000 trials — best sharpe: 1.31
  [ 65%] 650/1000 trials — best sharpe: 1.31
  [ 67%] 675/1000 trials — best sharpe: 1.31
  [ 70%] 700/1000 trials — best sharpe: 1.31
  [ 72%] 725/1000 trials — best sharpe: 1.31
  [ 75%] 750/1000 trials — best sharpe: 1.31
  [ 77%] 775/1000 trials — best sharpe: 1.31
  [ 80%] 800/1000 trials — best sharpe: 1.31
  [ 82%] 825/1000 trials — best sharpe: 1.31
  [ 85%] 850/1000 trials — best sharpe: 1.31
  [ 87%] 875/1000 trials — best sharpe: 1.31
  [ 90%] 900/1000 trials — best sharpe: 1.31
  [ 92%] 925/1000 trials — best sharpe: 1.31
  [ 95%] 950/1000 trials — best sharpe: 1.31
  [ 97%] 975/1000 trials — best sharpe: 1.31
  [100%] 1000/1000 trials — best sharpe: 1.31
Optimization complete — best sharpe: 1.31
  Max drawdown: 15.59% | Sharpe: 1.31 | Win rate: 66.67%
restart 3/4 (as of 2021-03-12)
Optimizing 2 strategies over 2015-07-28 to 2021-03-11
  objective: sharpe | train window: 2015-07-28 → 2021-03-11
  1000 trials across 5 workers
  [  2%] 25/1000 trials — best sharpe: 1.20
  [  5%] 50/1000 trials — best sharpe: 1.22
  [  7%] 75/1000 trials — best sharpe: 1.22
  [ 10%] 100/1000 trials — best sharpe: 1.22
  [ 12%] 125/1000 trials — best sharpe: 1.24
  [ 15%] 150/1000 trials — best sharpe: 1.31
  [ 17%] 175/1000 trials — best sharpe: 1.31
  [ 20%] 200/1000 trials — best sharpe: 1.32
  [ 22%] 225/1000 trials — best sharpe: 1.32
  [ 25%] 250/1000 trials — best sharpe: 1.32
  [ 27%] 275/1000 trials — best sharpe: 1.32
  [ 30%] 300/1000 trials — best sharpe: 1.32
  [ 32%] 325/1000 trials — best sharpe: 1.32
  [ 35%] 350/1000 trials — best sharpe: 1.32
  [ 37%] 375/1000 trials — best sharpe: 1.32
  [ 40%] 400/1000 trials — best sharpe: 1.32
  [ 42%] 425/1000 trials — best sharpe: 1.32
  [ 45%] 450/1000 trials — best sharpe: 1.32
  [ 47%] 475/1000 trials — best sharpe: 1.33
  [ 50%] 500/1000 trials — best sharpe: 1.33
  [ 52%] 525/1000 trials — best sharpe: 1.33
  [ 55%] 550/1000 trials — best sharpe: 1.33
  [ 57%] 575/1000 trials — best sharpe: 1.33
  [ 60%] 600/1000 trials — best sharpe: 1.33
  [ 62%] 625/1000 trials — best sharpe: 1.33
  [ 65%] 650/1000 trials — best sharpe: 1.33
  [ 67%] 675/1000 trials — best sharpe: 1.33
  [ 70%] 700/1000 trials — best sharpe: 1.33
  [ 72%] 725/1000 trials — best sharpe: 1.33
  [ 75%] 750/1000 trials — best sharpe: 1.33
  [ 77%] 775/1000 trials — best sharpe: 1.33
  [ 80%] 800/1000 trials — best sharpe: 1.33
  [ 82%] 825/1000 trials — best sharpe: 1.33
  [ 85%] 850/1000 trials — best sharpe: 1.33
  [ 87%] 875/1000 trials — best sharpe: 1.33
  [ 90%] 900/1000 trials — best sharpe: 1.33
  [ 92%] 925/1000 trials — best sharpe: 1.33
  [ 95%] 950/1000 trials — best sharpe: 1.33
  [ 97%] 975/1000 trials — best sharpe: 1.33
  [100%] 1000/1000 trials — best sharpe: 1.33
Optimization complete — best sharpe: 1.33
  Max drawdown: 14.53% | Sharpe: 1.33 | Win rate: 64.38%
restart 4/4 (as of 2021-03-12)
Optimizing 2 strategies over 2015-07-28 to 2021-03-11
  objective: sharpe | train window: 2015-07-28 → 2021-03-11
  1000 trials across 5 workers
  [  2%] 25/1000 trials — best sharpe: 1.21
  [  5%] 50/1000 trials — best sharpe: 1.21
  [  7%] 75/1000 trials — best sharpe: 1.32
  [ 10%] 100/1000 trials — best sharpe: 1.32
  [ 12%] 125/1000 trials — best sharpe: 1.32
  [ 15%] 150/1000 trials — best sharpe: 1.32
  [ 17%] 175/1000 trials — best sharpe: 1.32
  [ 20%] 200/1000 trials — best sharpe: 1.32
  [ 22%] 225/1000 trials — best sharpe: 1.32
  [ 25%] 250/1000 trials — best sharpe: 1.32
  [ 27%] 275/1000 trials — best sharpe: 1.32
  [ 30%] 300/1000 trials — best sharpe: 1.32
  [ 32%] 325/1000 trials — best sharpe: 1.32
  [ 35%] 350/1000 trials — best sharpe: 1.32
  [ 37%] 375/1000 trials — best sharpe: 1.32
  [ 40%] 400/1000 trials — best sharpe: 1.32
  [ 42%] 425/1000 trials — best sharpe: 1.32
  [ 45%] 450/1000 trials — best sharpe: 1.32
  [ 47%] 475/1000 trials — best sharpe: 1.32
  [ 50%] 500/1000 trials — best sharpe: 1.32
  [ 52%] 525/1000 trials — best sharpe: 1.32
  [ 55%] 550/1000 trials — best sharpe: 1.32
  [ 57%] 575/1000 trials — best sharpe: 1.32
  [ 60%] 600/1000 trials — best sharpe: 1.32
  [ 62%] 625/1000 trials — best sharpe: 1.32
  [ 65%] 650/1000 trials — best sharpe: 1.33
  [ 67%] 675/1000 trials — best sharpe: 1.33
  [ 70%] 700/1000 trials — best sharpe: 1.33
  [ 72%] 725/1000 trials — best sharpe: 1.33
  [ 75%] 750/1000 trials — best sharpe: 1.33
  [ 77%] 775/1000 trials — best sharpe: 1.33
  [ 80%] 800/1000 trials — best sharpe: 1.33
  [ 82%] 825/1000 trials — best sharpe: 1.33
  [ 85%] 850/1000 trials — best sharpe: 1.33
  [ 87%] 875/1000 trials — best sharpe: 1.33
  [ 90%] 900/1000 trials — best sharpe: 1.33
  [ 92%] 925/1000 trials — best sharpe: 1.33
  [ 95%] 950/1000 trials — best sharpe: 1.35
  [ 97%] 975/1000 trials — best sharpe: 1.35
  [100%] 1000/1000 trials — best sharpe: 1.35
Optimization complete — best sharpe: 1.35
  Max drawdown: 15.24% | Sharpe: 1.35 | Win rate: 67.14%
ensemble under-filled: 15 distinct member(s) survived dedupe (policy asks for 
20) — the deployment is less diversified than configured
Fold 2/13: test 2021-06-11 → 2021-09-09
Fold 3/13: test 2021-09-10 → 2021-12-08
Fold 4/13: test 2021-12-09 → 2022-03-10
Fold 5/13: test 2022-03-11 → 2022-06-09
Fold 6/13: test 2022-06-10 → 2022-09-09
Fold 7/13: test 2022-09-12 → 2022-12-08
Fold 8/13: test 2022-12-09 → 2023-03-13
Fold 9/13: test 2023-03-14 → 2023-06-12
Fold 10/13: test 2023-06-13 → 2023-09-12
Fold 11/13: test 2023-09-13 → 2023-12-11
Fold 12/13: test 2023-12-12 → 2024-03-13
Fold 13/13: test 2024-03-14 → 2024-08-27
cell 30/32 done in 4m (elapsed 133m; ~9m remaining at the mean cell pace — 
frozen cells run far faster than re-fit cells)
sweep: ensemble on etf, seed base 56 [cell 31/32]
Fold 1/13: test 2021-03-12 → 2021-06-10
restart 1/4 (as of 2021-03-12)
Optimizing 2 strategies over 2015-07-28 to 2021-03-11
  objective: sharpe | train window: 2015-07-28 → 2021-03-11
  1000 trials across 5 workers
  [  2%] 25/1000 trials — best sharpe: 1.21
  [  5%] 50/1000 trials — best sharpe: 1.24
  [  7%] 75/1000 trials — best sharpe: 1.24
  [ 10%] 100/1000 trials — best sharpe: 1.27
  [ 12%] 125/1000 trials — best sharpe: 1.27
  [ 15%] 150/1000 trials — best sharpe: 1.28
  [ 17%] 175/1000 trials — best sharpe: 1.28
  [ 20%] 200/1000 trials — best sharpe: 1.28
  [ 22%] 225/1000 trials — best sharpe: 1.28
  [ 25%] 250/1000 trials — best sharpe: 1.28
  [ 27%] 275/1000 trials — best sharpe: 1.28
  [ 30%] 300/1000 trials — best sharpe: 1.28
  [ 32%] 325/1000 trials — best sharpe: 1.28
  [ 35%] 350/1000 trials — best sharpe: 1.29
  [ 37%] 375/1000 trials — best sharpe: 1.29
  [ 40%] 400/1000 trials — best sharpe: 1.29
  [ 42%] 425/1000 trials — best sharpe: 1.29
  [ 45%] 450/1000 trials — best sharpe: 1.29
  [ 47%] 475/1000 trials — best sharpe: 1.29
  [ 50%] 500/1000 trials — best sharpe: 1.29
  [ 52%] 525/1000 trials — best sharpe: 1.29
  [ 55%] 550/1000 trials — best sharpe: 1.29
  [ 57%] 575/1000 trials — best sharpe: 1.29
  [ 60%] 600/1000 trials — best sharpe: 1.29
  [ 62%] 625/1000 trials — best sharpe: 1.29
  [ 65%] 650/1000 trials — best sharpe: 1.29
  [ 67%] 675/1000 trials — best sharpe: 1.29
  [ 70%] 700/1000 trials — best sharpe: 1.29
  [ 72%] 725/1000 trials — best sharpe: 1.29
  [ 75%] 750/1000 trials — best sharpe: 1.29
  [ 77%] 775/1000 trials — best sharpe: 1.29
  [ 80%] 800/1000 trials — best sharpe: 1.29
  [ 82%] 825/1000 trials — best sharpe: 1.29
  [ 85%] 850/1000 trials — best sharpe: 1.29
  [ 87%] 875/1000 trials — best sharpe: 1.29
  [ 90%] 900/1000 trials — best sharpe: 1.29
  [ 92%] 925/1000 trials — best sharpe: 1.29
  [ 95%] 950/1000 trials — best sharpe: 1.29
  [ 97%] 975/1000 trials — best sharpe: 1.29
  [100%] 1000/1000 trials — best sharpe: 1.29
Optimization complete — best sharpe: 1.29
  Max drawdown: 16.40% | Sharpe: 1.29 | Win rate: 63.38%
restart 2/4 (as of 2021-03-12)
Optimizing 2 strategies over 2015-07-28 to 2021-03-11
  objective: sharpe | train window: 2015-07-28 → 2021-03-11
  1000 trials across 5 workers
  [  2%] 25/1000 trials — best sharpe: 1.21
  [  5%] 50/1000 trials — best sharpe: 1.21
  [  7%] 75/1000 trials — best sharpe: 1.26
  [ 10%] 100/1000 trials — best sharpe: 1.26
  [ 12%] 125/1000 trials — best sharpe: 1.30
  [ 15%] 150/1000 trials — best sharpe: 1.30
  [ 17%] 175/1000 trials — best sharpe: 1.31
  [ 20%] 200/1000 trials — best sharpe: 1.31
  [ 22%] 225/1000 trials — best sharpe: 1.31
  [ 25%] 250/1000 trials — best sharpe: 1.31
  [ 27%] 275/1000 trials — best sharpe: 1.31
  [ 30%] 300/1000 trials — best sharpe: 1.31
  [ 32%] 325/1000 trials — best sharpe: 1.31
  [ 35%] 350/1000 trials — best sharpe: 1.31
  [ 37%] 375/1000 trials — best sharpe: 1.31
  [ 40%] 400/1000 trials — best sharpe: 1.31
  [ 42%] 425/1000 trials — best sharpe: 1.31
  [ 45%] 450/1000 trials — best sharpe: 1.31
  [ 47%] 475/1000 trials — best sharpe: 1.31
  [ 50%] 500/1000 trials — best sharpe: 1.31
  [ 52%] 525/1000 trials — best sharpe: 1.31
  [ 55%] 550/1000 trials — best sharpe: 1.32
  [ 57%] 575/1000 trials — best sharpe: 1.32
  [ 60%] 600/1000 trials — best sharpe: 1.32
  [ 62%] 625/1000 trials — best sharpe: 1.32
  [ 65%] 650/1000 trials — best sharpe: 1.32
  [ 67%] 675/1000 trials — best sharpe: 1.32
  [ 70%] 700/1000 trials — best sharpe: 1.32
  [ 72%] 725/1000 trials — best sharpe: 1.32
  [ 75%] 750/1000 trials — best sharpe: 1.32
  [ 77%] 775/1000 trials — best sharpe: 1.32
  [ 80%] 800/1000 trials — best sharpe: 1.32
  [ 82%] 825/1000 trials — best sharpe: 1.32
  [ 85%] 850/1000 trials — best sharpe: 1.32
  [ 87%] 875/1000 trials — best sharpe: 1.32
  [ 90%] 900/1000 trials — best sharpe: 1.32
  [ 92%] 925/1000 trials — best sharpe: 1.32
  [ 95%] 950/1000 trials — best sharpe: 1.32
  [ 97%] 975/1000 trials — best sharpe: 1.32
  [100%] 1000/1000 trials — best sharpe: 1.32
Optimization complete — best sharpe: 1.32
  Max drawdown: 15.32% | Sharpe: 1.32 | Win rate: 59.70%
restart 3/4 (as of 2021-03-12)
Optimizing 2 strategies over 2015-07-28 to 2021-03-11
  objective: sharpe | train window: 2015-07-28 → 2021-03-11
  1000 trials across 5 workers
  [  2%] 25/1000 trials — best sharpe: 1.22
  [  5%] 50/1000 trials — best sharpe: 1.22
  [  7%] 75/1000 trials — best sharpe: 1.26
  [ 10%] 100/1000 trials — best sharpe: 1.31
  [ 12%] 125/1000 trials — best sharpe: 1.31
  [ 15%] 150/1000 trials — best sharpe: 1.31
  [ 17%] 175/1000 trials — best sharpe: 1.31
  [ 20%] 200/1000 trials — best sharpe: 1.31
  [ 22%] 225/1000 trials — best sharpe: 1.31
  [ 25%] 250/1000 trials — best sharpe: 1.31
  [ 27%] 275/1000 trials — best sharpe: 1.31
  [ 30%] 300/1000 trials — best sharpe: 1.31
  [ 32%] 325/1000 trials — best sharpe: 1.31
  [ 35%] 350/1000 trials — best sharpe: 1.33
  [ 37%] 375/1000 trials — best sharpe: 1.33
  [ 40%] 400/1000 trials — best sharpe: 1.33
  [ 42%] 425/1000 trials — best sharpe: 1.33
  [ 45%] 450/1000 trials — best sharpe: 1.33
  [ 47%] 475/1000 trials — best sharpe: 1.33
  [ 50%] 500/1000 trials — best sharpe: 1.33
  [ 52%] 525/1000 trials — best sharpe: 1.33
  [ 55%] 550/1000 trials — best sharpe: 1.33
  [ 57%] 575/1000 trials — best sharpe: 1.33
  [ 60%] 600/1000 trials — best sharpe: 1.33
  [ 62%] 625/1000 trials — best sharpe: 1.33
  [ 65%] 650/1000 trials — best sharpe: 1.33
  [ 67%] 675/1000 trials — best sharpe: 1.33
  [ 70%] 700/1000 trials — best sharpe: 1.33
  [ 72%] 725/1000 trials — best sharpe: 1.33
  [ 75%] 750/1000 trials — best sharpe: 1.33
  [ 77%] 775/1000 trials — best sharpe: 1.33
  [ 80%] 800/1000 trials — best sharpe: 1.33
  [ 82%] 825/1000 trials — best sharpe: 1.33
  [ 85%] 850/1000 trials — best sharpe: 1.33
  [ 87%] 875/1000 trials — best sharpe: 1.33
  [ 90%] 900/1000 trials — best sharpe: 1.33
  [ 92%] 925/1000 trials — best sharpe: 1.33
  [ 95%] 950/1000 trials — best sharpe: 1.33
  [ 97%] 975/1000 trials — best sharpe: 1.33
  [100%] 1000/1000 trials — best sharpe: 1.33
Optimization complete — best sharpe: 1.33
  Max drawdown: 14.53% | Sharpe: 1.33 | Win rate: 64.38%
restart 4/4 (as of 2021-03-12)
Optimizing 2 strategies over 2015-07-28 to 2021-03-11
  objective: sharpe | train window: 2015-07-28 → 2021-03-11
  1000 trials across 5 workers
  [  2%] 25/1000 trials — best sharpe: 1.25
  [  5%] 50/1000 trials — best sharpe: 1.26
  [  7%] 75/1000 trials — best sharpe: 1.27
  [ 10%] 100/1000 trials — best sharpe: 1.27
  [ 12%] 125/1000 trials — best sharpe: 1.29
  [ 15%] 150/1000 trials — best sharpe: 1.29
  [ 17%] 175/1000 trials — best sharpe: 1.29
  [ 20%] 200/1000 trials — best sharpe: 1.29
  [ 22%] 225/1000 trials — best sharpe: 1.29
  [ 25%] 250/1000 trials — best sharpe: 1.29
  [ 27%] 275/1000 trials — best sharpe: 1.30
  [ 30%] 300/1000 trials — best sharpe: 1.30
  [ 32%] 325/1000 trials — best sharpe: 1.30
  [ 35%] 350/1000 trials — best sharpe: 1.31
  [ 37%] 375/1000 trials — best sharpe: 1.31
  [ 40%] 400/1000 trials — best sharpe: 1.31
  [ 42%] 425/1000 trials — best sharpe: 1.31
  [ 45%] 450/1000 trials — best sharpe: 1.31
  [ 47%] 475/1000 trials — best sharpe: 1.31
  [ 50%] 500/1000 trials — best sharpe: 1.31
  [ 52%] 525/1000 trials — best sharpe: 1.31
  [ 55%] 550/1000 trials — best sharpe: 1.31
  [ 57%] 575/1000 trials — best sharpe: 1.31
  [ 60%] 600/1000 trials — best sharpe: 1.31
  [ 62%] 625/1000 trials — best sharpe: 1.31
  [ 65%] 650/1000 trials — best sharpe: 1.31
  [ 67%] 675/1000 trials — best sharpe: 1.31
  [ 70%] 700/1000 trials — best sharpe: 1.31
  [ 72%] 725/1000 trials — best sharpe: 1.31
  [ 75%] 750/1000 trials — best sharpe: 1.31
  [ 77%] 775/1000 trials — best sharpe: 1.31
  [ 80%] 800/1000 trials — best sharpe: 1.31
  [ 82%] 825/1000 trials — best sharpe: 1.33
  [ 85%] 850/1000 trials — best sharpe: 1.33
  [ 87%] 875/1000 trials — best sharpe: 1.33
  [ 90%] 900/1000 trials — best sharpe: 1.33
  [ 92%] 925/1000 trials — best sharpe: 1.33
  [ 95%] 950/1000 trials — best sharpe: 1.33
  [ 97%] 975/1000 trials — best sharpe: 1.33
  [100%] 1000/1000 trials — best sharpe: 1.33
Optimization complete — best sharpe: 1.33
  Max drawdown: 14.74% | Sharpe: 1.33 | Win rate: 62.86%
ensemble under-filled: 12 distinct member(s) survived dedupe (policy asks for 
20) — the deployment is less diversified than configured
Fold 2/13: test 2021-06-11 → 2021-09-09
Fold 3/13: test 2021-09-10 → 2021-12-08
Fold 4/13: test 2021-12-09 → 2022-03-10
Fold 5/13: test 2022-03-11 → 2022-06-09
Fold 6/13: test 2022-06-10 → 2022-09-09
Fold 7/13: test 2022-09-12 → 2022-12-08
Fold 8/13: test 2022-12-09 → 2023-03-13
Fold 9/13: test 2023-03-14 → 2023-06-12
Fold 10/13: test 2023-06-13 → 2023-09-12
Fold 11/13: test 2023-09-13 → 2023-12-11
Fold 12/13: test 2023-12-12 → 2024-03-13
Fold 13/13: test 2024-03-14 → 2024-08-27
cell 31/32 done in 4m (elapsed 137m; ~4m remaining at the mean cell pace — 
frozen cells run far faster than re-fit cells)
sweep: ensemble on etf, seed base 57 [cell 32/32]
Fold 1/13: test 2021-03-12 → 2021-06-10
restart 1/4 (as of 2021-03-12)
Optimizing 2 strategies over 2015-07-28 to 2021-03-11
  objective: sharpe | train window: 2015-07-28 → 2021-03-11
  1000 trials across 5 workers
  [  2%] 25/1000 trials — best sharpe: 1.19
  [  5%] 50/1000 trials — best sharpe: 1.29
  [  7%] 75/1000 trials — best sharpe: 1.29
  [ 10%] 100/1000 trials — best sharpe: 1.29
  [ 12%] 125/1000 trials — best sharpe: 1.30
  [ 15%] 150/1000 trials — best sharpe: 1.30
  [ 17%] 175/1000 trials — best sharpe: 1.30
  [ 20%] 200/1000 trials — best sharpe: 1.32
  [ 22%] 225/1000 trials — best sharpe: 1.32
  [ 25%] 250/1000 trials — best sharpe: 1.32
  [ 27%] 275/1000 trials — best sharpe: 1.32
  [ 30%] 300/1000 trials — best sharpe: 1.32
  [ 32%] 325/1000 trials — best sharpe: 1.32
  [ 35%] 350/1000 trials — best sharpe: 1.32
  [ 37%] 375/1000 trials — best sharpe: 1.32
  [ 40%] 400/1000 trials — best sharpe: 1.32
  [ 42%] 425/1000 trials — best sharpe: 1.32
  [ 45%] 450/1000 trials — best sharpe: 1.32
  [ 47%] 475/1000 trials — best sharpe: 1.32
  [ 50%] 500/1000 trials — best sharpe: 1.32
  [ 52%] 525/1000 trials — best sharpe: 1.32
  [ 55%] 550/1000 trials — best sharpe: 1.32
  [ 57%] 575/1000 trials — best sharpe: 1.32
  [ 60%] 600/1000 trials — best sharpe: 1.32
  [ 62%] 625/1000 trials — best sharpe: 1.32
  [ 65%] 650/1000 trials — best sharpe: 1.32
  [ 67%] 675/1000 trials — best sharpe: 1.32
  [ 70%] 700/1000 trials — best sharpe: 1.32
  [ 72%] 725/1000 trials — best sharpe: 1.32
  [ 75%] 750/1000 trials — best sharpe: 1.32
  [ 77%] 775/1000 trials — best sharpe: 1.32
  [ 80%] 800/1000 trials — best sharpe: 1.32
  [ 82%] 825/1000 trials — best sharpe: 1.32
  [ 85%] 850/1000 trials — best sharpe: 1.32
  [ 87%] 875/1000 trials — best sharpe: 1.32
  [ 90%] 900/1000 trials — best sharpe: 1.32
  [ 92%] 925/1000 trials — best sharpe: 1.32
  [ 95%] 950/1000 trials — best sharpe: 1.33
  [ 97%] 975/1000 trials — best sharpe: 1.33
  [100%] 1000/1000 trials — best sharpe: 1.33
Optimization complete — best sharpe: 1.33
  Max drawdown: 15.44% | Sharpe: 1.33 | Win rate: 60.29%
restart 2/4 (as of 2021-03-12)
Optimizing 2 strategies over 2015-07-28 to 2021-03-11
  objective: sharpe | train window: 2015-07-28 → 2021-03-11
  1000 trials across 5 workers
  [  2%] 25/1000 trials — best sharpe: 1.24
  [  5%] 50/1000 trials — best sharpe: 1.28
  [  7%] 75/1000 trials — best sharpe: 1.28
  [ 10%] 100/1000 trials — best sharpe: 1.28
  [ 12%] 125/1000 trials — best sharpe: 1.28
  [ 15%] 150/1000 trials — best sharpe: 1.28
  [ 17%] 175/1000 trials — best sharpe: 1.29
  [ 20%] 200/1000 trials — best sharpe: 1.34
  [ 22%] 225/1000 trials — best sharpe: 1.34
  [ 25%] 250/1000 trials — best sharpe: 1.34
  [ 27%] 275/1000 trials — best sharpe: 1.34
  [ 30%] 300/1000 trials — best sharpe: 1.34
  [ 32%] 325/1000 trials — best sharpe: 1.34
  [ 35%] 350/1000 trials — best sharpe: 1.34
  [ 37%] 375/1000 trials — best sharpe: 1.34
  [ 40%] 400/1000 trials — best sharpe: 1.34
  [ 42%] 425/1000 trials — best sharpe: 1.34
  [ 45%] 450/1000 trials — best sharpe: 1.34
  [ 47%] 475/1000 trials — best sharpe: 1.34
  [ 50%] 500/1000 trials — best sharpe: 1.34
  [ 52%] 525/1000 trials — best sharpe: 1.34
  [ 55%] 550/1000 trials — best sharpe: 1.34
  [ 57%] 575/1000 trials — best sharpe: 1.34
  [ 60%] 600/1000 trials — best sharpe: 1.34
  [ 62%] 625/1000 trials — best sharpe: 1.34
  [ 65%] 650/1000 trials — best sharpe: 1.34
  [ 67%] 675/1000 trials — best sharpe: 1.34
  [ 70%] 700/1000 trials — best sharpe: 1.34
  [ 72%] 725/1000 trials — best sharpe: 1.34
  [ 75%] 750/1000 trials — best sharpe: 1.34
  [ 77%] 775/1000 trials — best sharpe: 1.34
  [ 80%] 800/1000 trials — best sharpe: 1.34
  [ 82%] 825/1000 trials — best sharpe: 1.34
  [ 85%] 850/1000 trials — best sharpe: 1.34
  [ 87%] 875/1000 trials — best sharpe: 1.34
  [ 90%] 900/1000 trials — best sharpe: 1.34
  [ 92%] 925/1000 trials — best sharpe: 1.34
  [ 95%] 950/1000 trials — best sharpe: 1.34
  [ 97%] 975/1000 trials — best sharpe: 1.34
  [100%] 1000/1000 trials — best sharpe: 1.34
Optimization complete — best sharpe: 1.34
  Max drawdown: 16.32% | Sharpe: 1.34 | Win rate: 63.77%
restart 3/4 (as of 2021-03-12)
Optimizing 2 strategies over 2015-07-28 to 2021-03-11
  objective: sharpe | train window: 2015-07-28 → 2021-03-11
  1000 trials across 5 workers
  [  2%] 25/1000 trials — best sharpe: 1.25
  [  5%] 50/1000 trials — best sharpe: 1.28
  [  7%] 75/1000 trials — best sharpe: 1.28
  [ 10%] 100/1000 trials — best sharpe: 1.28
  [ 12%] 125/1000 trials — best sharpe: 1.32
  [ 15%] 150/1000 trials — best sharpe: 1.32
  [ 17%] 175/1000 trials — best sharpe: 1.32
  [ 20%] 200/1000 trials — best sharpe: 1.35
  [ 22%] 225/1000 trials — best sharpe: 1.35
  [ 25%] 250/1000 trials — best sharpe: 1.35
  [ 27%] 275/1000 trials — best sharpe: 1.35
  [ 30%] 300/1000 trials — best sharpe: 1.35
  [ 32%] 325/1000 trials — best sharpe: 1.35
  [ 35%] 350/1000 trials — best sharpe: 1.35
  [ 37%] 375/1000 trials — best sharpe: 1.35
  [ 40%] 400/1000 trials — best sharpe: 1.35
  [ 42%] 425/1000 trials — best sharpe: 1.35
  [ 45%] 450/1000 trials — best sharpe: 1.35
  [ 47%] 475/1000 trials — best sharpe: 1.35
  [ 50%] 500/1000 trials — best sharpe: 1.35
  [ 52%] 525/1000 trials — best sharpe: 1.35
  [ 55%] 550/1000 trials — best sharpe: 1.35
  [ 57%] 575/1000 trials — best sharpe: 1.35
  [ 60%] 600/1000 trials — best sharpe: 1.35
  [ 62%] 625/1000 trials — best sharpe: 1.35
  [ 65%] 650/1000 trials — best sharpe: 1.35
  [ 67%] 675/1000 trials — best sharpe: 1.35
  [ 70%] 700/1000 trials — best sharpe: 1.35
  [ 72%] 725/1000 trials — best sharpe: 1.35
  [ 75%] 750/1000 trials — best sharpe: 1.35
  [ 77%] 775/1000 trials — best sharpe: 1.35
  [ 80%] 800/1000 trials — best sharpe: 1.35
  [ 82%] 825/1000 trials — best sharpe: 1.35
  [ 85%] 850/1000 trials — best sharpe: 1.35
  [ 87%] 875/1000 trials — best sharpe: 1.35
  [ 90%] 900/1000 trials — best sharpe: 1.35
  [ 92%] 925/1000 trials — best sharpe: 1.35
  [ 95%] 950/1000 trials — best sharpe: 1.35
  [ 97%] 975/1000 trials — best sharpe: 1.35
  [100%] 1000/1000 trials — best sharpe: 1.35
Optimization complete — best sharpe: 1.35
  Max drawdown: 14.97% | Sharpe: 1.35 | Win rate: 64.18%
restart 4/4 (as of 2021-03-12)
Optimizing 2 strategies over 2015-07-28 to 2021-03-11
  objective: sharpe | train window: 2015-07-28 → 2021-03-11
  1000 trials across 5 workers
  [  2%] 25/1000 trials — best sharpe: 1.20
  [  5%] 50/1000 trials — best sharpe: 1.20
  [  7%] 75/1000 trials — best sharpe: 1.27
  [ 10%] 100/1000 trials — best sharpe: 1.31
  [ 12%] 125/1000 trials — best sharpe: 1.31
  [ 15%] 150/1000 trials — best sharpe: 1.31
  [ 17%] 175/1000 trials — best sharpe: 1.32
  [ 20%] 200/1000 trials — best sharpe: 1.32
  [ 22%] 225/1000 trials — best sharpe: 1.32
  [ 25%] 250/1000 trials — best sharpe: 1.32
  [ 27%] 275/1000 trials — best sharpe: 1.32
  [ 30%] 300/1000 trials — best sharpe: 1.33
  [ 32%] 325/1000 trials — best sharpe: 1.33
  [ 35%] 350/1000 trials — best sharpe: 1.33
  [ 37%] 375/1000 trials — best sharpe: 1.33
  [ 40%] 400/1000 trials — best sharpe: 1.33
  [ 42%] 425/1000 trials — best sharpe: 1.33
  [ 45%] 450/1000 trials — best sharpe: 1.33
  [ 47%] 475/1000 trials — best sharpe: 1.33
  [ 50%] 500/1000 trials — best sharpe: 1.33
  [ 52%] 525/1000 trials — best sharpe: 1.33
  [ 55%] 550/1000 trials — best sharpe: 1.33
  [ 57%] 575/1000 trials — best sharpe: 1.33
  [ 60%] 600/1000 trials — best sharpe: 1.33
  [ 62%] 625/1000 trials — best sharpe: 1.33
  [ 65%] 650/1000 trials — best sharpe: 1.33
  [ 67%] 675/1000 trials — best sharpe: 1.33
  [ 70%] 700/1000 trials — best sharpe: 1.33
  [ 72%] 725/1000 trials — best sharpe: 1.33
  [ 75%] 750/1000 trials — best sharpe: 1.33
  [ 77%] 775/1000 trials — best sharpe: 1.33
  [ 80%] 800/1000 trials — best sharpe: 1.33
  [ 82%] 825/1000 trials — best sharpe: 1.33
  [ 85%] 850/1000 trials — best sharpe: 1.33
  [ 87%] 875/1000 trials — best sharpe: 1.33
  [ 90%] 900/1000 trials — best sharpe: 1.33
  [ 92%] 925/1000 trials — best sharpe: 1.33
  [ 95%] 950/1000 trials — best sharpe: 1.33
  [ 97%] 975/1000 trials — best sharpe: 1.33
  [100%] 1000/1000 trials — best sharpe: 1.33
Optimization complete — best sharpe: 1.33
  Max drawdown: 14.53% | Sharpe: 1.33 | Win rate: 63.51%
ensemble under-filled: 15 distinct member(s) survived dedupe (policy asks for 
20) — the deployment is less diversified than configured
Fold 2/13: test 2021-06-11 → 2021-09-09
Fold 3/13: test 2021-09-10 → 2021-12-08
Fold 4/13: test 2021-12-09 → 2022-03-10
Fold 5/13: test 2022-03-11 → 2022-06-09
Fold 6/13: test 2022-06-10 → 2022-09-09
Fold 7/13: test 2022-09-12 → 2022-12-08
Fold 8/13: test 2022-12-09 → 2023-03-13
Fold 9/13: test 2023-03-14 → 2023-06-12
Fold 10/13: test 2023-06-13 → 2023-09-12
Fold 11/13: test 2023-09-13 → 2023-12-11
Fold 12/13: test 2023-12-12 → 2024-03-13
Fold 13/13: test 2024-03-14 → 2024-08-27
cell 32/32 done in 4m (elapsed 142m; ~0m remaining at the mean cell pace — 
frozen cells run far faster than re-fit cells)
etf/best: mean OOS CAGR +9.77% across 16 seed(s), spread 3.85%  bootstrap95% [-6.03%, +27.58%]  after-tax fold mean +2.16%  DSR~1.00 (proxy: trials from folds, SR var from seeds)
etf/ensemble: mean OOS CAGR +8.66% across 16 seed(s), spread 2.83%  bootstrap95% [-7.02%, +26.16%]  after-tax fold mean +1.94%  DSR~0.99 (proxy: trials from folds, SR var from seeds)
etf: paired best-ensemble (same-seed searches share trials): CAGR +1.11% ± 0.44% SE, 11/16 pairs favor best; after-tax +0.22%
etf: variant spread 1.11% vs seed noise 3.85% — not resolvable at this budget (on these windows)
