holdout: withholding 2024-08-27 → 2026-08-27 from the sweep
Fetching data for PLTR, FRMI, INCY, NVDA, LCID, ADBE, SLB, CEG, MSFT, AAPL, META
(with 160-day warmup buffer from 2015-07-28)...
preflight: 2 variant(s) x 1 portfolio(s) x 16 seed(s) x ~14 fold(s) x 4 restart(s) x 1000 trials ≈ 1,792,000 trials
sweep: best on stonks, seed base 42 [cell 1/32]
Fold 1/13: test 2021-03-12 → 2021-06-10
restart 1/4 (as of 2021-03-12)
Optimizing 2 strategies over 2015-07-28 to 2021-03-11
  objective: sharpe | train window: 2015-07-28 → 2021-03-11
  1000 trials across 5 workers
  [  2%] 25/1000 trials — best sharpe: 1.71
  [  5%] 50/1000 trials — best sharpe: 1.74
  [  7%] 75/1000 trials — best sharpe: 1.74
  [ 10%] 100/1000 trials — best sharpe: 1.74
  [ 12%] 125/1000 trials — best sharpe: 1.74
  [ 15%] 150/1000 trials — best sharpe: 1.75
  [ 17%] 175/1000 trials — best sharpe: 1.75
  [ 20%] 200/1000 trials — best sharpe: 1.75
  [ 22%] 225/1000 trials — best sharpe: 1.81
  [ 25%] 250/1000 trials — best sharpe: 1.81
  [ 27%] 275/1000 trials — best sharpe: 1.82
  [ 30%] 300/1000 trials — best sharpe: 1.82
  [ 32%] 325/1000 trials — best sharpe: 1.82
  [ 35%] 350/1000 trials — best sharpe: 1.82
  [ 37%] 375/1000 trials — best sharpe: 1.83
  [ 40%] 400/1000 trials — best sharpe: 1.83
  [ 42%] 425/1000 trials — best sharpe: 1.83
  [ 45%] 450/1000 trials — best sharpe: 1.83
  [ 47%] 475/1000 trials — best sharpe: 1.83
  [ 50%] 500/1000 trials — best sharpe: 1.83
  [ 52%] 525/1000 trials — best sharpe: 1.83
  [ 55%] 550/1000 trials — best sharpe: 1.83
  [ 57%] 575/1000 trials — best sharpe: 1.83
  [ 60%] 600/1000 trials — best sharpe: 1.83
  [ 62%] 625/1000 trials — best sharpe: 1.83
  [ 65%] 650/1000 trials — best sharpe: 1.83
  [ 67%] 675/1000 trials — best sharpe: 1.83
  [ 70%] 700/1000 trials — best sharpe: 1.83
  [ 72%] 725/1000 trials — best sharpe: 1.83
  [ 75%] 750/1000 trials — best sharpe: 1.83
  [ 77%] 775/1000 trials — best sharpe: 1.83
  [ 80%] 800/1000 trials — best sharpe: 1.83
  [ 82%] 825/1000 trials — best sharpe: 1.84
  [ 85%] 850/1000 trials — best sharpe: 1.84
  [ 87%] 875/1000 trials — best sharpe: 1.84
  [ 90%] 900/1000 trials — best sharpe: 1.84
  [ 92%] 925/1000 trials — best sharpe: 1.84
  [ 95%] 950/1000 trials — best sharpe: 1.84
  [ 97%] 975/1000 trials — best sharpe: 1.84
  [100%] 1000/1000 trials — best sharpe: 1.84
Optimization complete — best sharpe: 1.84
max_position_pct (0.66) is above 5x equal weight (0.09) — provides little concentration protection
  Max drawdown: 23.09% | Sharpe: 1.84 | Win rate: 45.61%
restart 2/4 (as of 2021-03-12)
Optimizing 2 strategies over 2015-07-28 to 2021-03-11
  objective: sharpe | train window: 2015-07-28 → 2021-03-11
  1000 trials across 5 workers
  [  2%] 25/1000 trials — best sharpe: 1.60
  [  5%] 50/1000 trials — best sharpe: 1.60
  [  7%] 75/1000 trials — best sharpe: 1.61
  [ 10%] 100/1000 trials — best sharpe: 1.67
  [ 12%] 125/1000 trials — best sharpe: 1.67
  [ 15%] 150/1000 trials — best sharpe: 1.67
  [ 17%] 175/1000 trials — best sharpe: 1.67
  [ 20%] 200/1000 trials — best sharpe: 1.67
  [ 22%] 225/1000 trials — best sharpe: 1.67
  [ 25%] 250/1000 trials — best sharpe: 1.67
  [ 27%] 275/1000 trials — best sharpe: 1.67
  [ 30%] 300/1000 trials — best sharpe: 1.67
  [ 32%] 325/1000 trials — best sharpe: 1.67
  [ 35%] 350/1000 trials — best sharpe: 1.67
  [ 37%] 375/1000 trials — best sharpe: 1.67
  [ 40%] 400/1000 trials — best sharpe: 1.70
  [ 42%] 425/1000 trials — best sharpe: 1.76
  [ 45%] 450/1000 trials — best sharpe: 1.76
  [ 47%] 475/1000 trials — best sharpe: 1.76
  [ 50%] 500/1000 trials — best sharpe: 1.81
  [ 52%] 525/1000 trials — best sharpe: 1.81
  [ 55%] 550/1000 trials — best sharpe: 1.81
  [ 57%] 575/1000 trials — best sharpe: 1.81
  [ 60%] 600/1000 trials — best sharpe: 1.81
  [ 62%] 625/1000 trials — best sharpe: 1.81
  [ 65%] 650/1000 trials — best sharpe: 1.81
  [ 67%] 675/1000 trials — best sharpe: 1.81
  [ 70%] 700/1000 trials — best sharpe: 1.81
  [ 72%] 725/1000 trials — best sharpe: 1.81
  [ 75%] 750/1000 trials — best sharpe: 1.81
  [ 77%] 775/1000 trials — best sharpe: 1.81
  [ 80%] 800/1000 trials — best sharpe: 1.81
  [ 82%] 825/1000 trials — best sharpe: 1.81
  [ 85%] 850/1000 trials — best sharpe: 1.84
  [ 87%] 875/1000 trials — best sharpe: 1.85
  [ 90%] 900/1000 trials — best sharpe: 1.85
  [ 92%] 925/1000 trials — best sharpe: 1.85
  [ 95%] 950/1000 trials — best sharpe: 1.85
  [ 97%] 975/1000 trials — best sharpe: 1.85
  [100%] 1000/1000 trials — best sharpe: 1.85
Optimization complete — best sharpe: 1.85
max_position_pct (0.66) is above 5x equal weight (0.09) — provides little concentration protection
  Max drawdown: 24.71% | Sharpe: 1.85 | Win rate: 45.45%
restart 3/4 (as of 2021-03-12)
Optimizing 2 strategies over 2015-07-28 to 2021-03-11
  objective: sharpe | train window: 2015-07-28 → 2021-03-11
  1000 trials across 5 workers
  [  2%] 25/1000 trials — best sharpe: 1.54
  [  5%] 50/1000 trials — best sharpe: 1.77
  [  7%] 75/1000 trials — best sharpe: 1.77
  [ 10%] 100/1000 trials — best sharpe: 1.77
  [ 12%] 125/1000 trials — best sharpe: 1.77
  [ 15%] 150/1000 trials — best sharpe: 1.77
  [ 17%] 175/1000 trials — best sharpe: 1.77
  [ 20%] 200/1000 trials — best sharpe: 1.78
  [ 22%] 225/1000 trials — best sharpe: 1.78
  [ 25%] 250/1000 trials — best sharpe: 1.78
  [ 27%] 275/1000 trials — best sharpe: 1.78
  [ 30%] 300/1000 trials — best sharpe: 1.78
  [ 32%] 325/1000 trials — best sharpe: 1.88
  [ 35%] 350/1000 trials — best sharpe: 1.88
  [ 37%] 375/1000 trials — best sharpe: 1.88
  [ 40%] 400/1000 trials — best sharpe: 1.88
  [ 42%] 425/1000 trials — best sharpe: 1.88
  [ 45%] 450/1000 trials — best sharpe: 1.88
  [ 47%] 475/1000 trials — best sharpe: 1.88
  [ 50%] 500/1000 trials — best sharpe: 1.91
  [ 52%] 525/1000 trials — best sharpe: 1.91
  [ 55%] 550/1000 trials — best sharpe: 1.91
  [ 57%] 575/1000 trials — best sharpe: 1.91
  [ 60%] 600/1000 trials — best sharpe: 1.91
  [ 62%] 625/1000 trials — best sharpe: 1.91
  [ 65%] 650/1000 trials — best sharpe: 1.91
  [ 67%] 675/1000 trials — best sharpe: 1.91
  [ 70%] 700/1000 trials — best sharpe: 1.91
  [ 72%] 725/1000 trials — best sharpe: 1.91
  [ 75%] 750/1000 trials — best sharpe: 1.91
  [ 77%] 775/1000 trials — best sharpe: 1.91
  [ 80%] 800/1000 trials — best sharpe: 1.91
  [ 82%] 825/1000 trials — best sharpe: 1.91
  [ 85%] 850/1000 trials — best sharpe: 1.91
  [ 87%] 875/1000 trials — best sharpe: 1.91
  [ 90%] 900/1000 trials — best sharpe: 1.91
  [ 92%] 925/1000 trials — best sharpe: 1.91
  [ 95%] 950/1000 trials — best sharpe: 1.91
  [ 97%] 975/1000 trials — best sharpe: 1.91
  [100%] 1000/1000 trials — best sharpe: 1.91
Optimization complete — best sharpe: 1.91
max_position_pct (0.66) is above 5x equal weight (0.09) — provides little concentration protection
  Max drawdown: 15.94% | Sharpe: 1.91 | Win rate: 59.38%
restart 4/4 (as of 2021-03-12)
Optimizing 2 strategies over 2015-07-28 to 2021-03-11
  objective: sharpe | train window: 2015-07-28 → 2021-03-11
  1000 trials across 5 workers
  [  2%] 25/1000 trials — best sharpe: 1.68
  [  5%] 50/1000 trials — best sharpe: 1.78
  [  7%] 75/1000 trials — best sharpe: 1.78
  [ 10%] 100/1000 trials — best sharpe: 1.78
  [ 12%] 125/1000 trials — best sharpe: 1.78
  [ 15%] 150/1000 trials — best sharpe: 1.78
  [ 17%] 175/1000 trials — best sharpe: 1.78
  [ 20%] 200/1000 trials — best sharpe: 1.81
  [ 22%] 225/1000 trials — best sharpe: 1.81
  [ 25%] 250/1000 trials — best sharpe: 1.81
  [ 27%] 275/1000 trials — best sharpe: 1.81
  [ 30%] 300/1000 trials — best sharpe: 1.81
  [ 32%] 325/1000 trials — best sharpe: 1.81
  [ 35%] 350/1000 trials — best sharpe: 1.81
  [ 37%] 375/1000 trials — best sharpe: 1.81
  [ 40%] 400/1000 trials — best sharpe: 1.81
  [ 42%] 425/1000 trials — best sharpe: 1.81
  [ 45%] 450/1000 trials — best sharpe: 1.81
  [ 47%] 475/1000 trials — best sharpe: 1.81
  [ 50%] 500/1000 trials — best sharpe: 1.81
  [ 52%] 525/1000 trials — best sharpe: 1.81
  [ 55%] 550/1000 trials — best sharpe: 1.81
  [ 57%] 575/1000 trials — best sharpe: 1.81
  [ 60%] 600/1000 trials — best sharpe: 1.91
  [ 62%] 625/1000 trials — best sharpe: 1.91
  [ 65%] 650/1000 trials — best sharpe: 1.91
  [ 67%] 675/1000 trials — best sharpe: 1.91
  [ 70%] 700/1000 trials — best sharpe: 1.91
  [ 72%] 725/1000 trials — best sharpe: 1.91
  [ 75%] 750/1000 trials — best sharpe: 1.91
  [ 77%] 775/1000 trials — best sharpe: 1.91
  [ 80%] 800/1000 trials — best sharpe: 1.91
  [ 82%] 825/1000 trials — best sharpe: 1.91
  [ 85%] 850/1000 trials — best sharpe: 1.91
  [ 87%] 875/1000 trials — best sharpe: 1.91
  [ 90%] 900/1000 trials — best sharpe: 1.91
  [ 92%] 925/1000 trials — best sharpe: 1.91
  [ 95%] 950/1000 trials — best sharpe: 1.98
  [ 97%] 975/1000 trials — best sharpe: 1.98
  [100%] 1000/1000 trials — best sharpe: 1.98
Optimization complete — best sharpe: 1.98
max_position_pct (0.66) is above 5x equal weight (0.09) — provides little concentration protection
  Max drawdown: 21.99% | Sharpe: 1.98 | Win rate: 47.54%
max_position_pct (0.66) is above 5x equal weight (0.09) — provides little concentration protection
Fold 2/13: test 2021-06-11 → 2021-09-09
max_position_pct (0.66) is above 5x equal weight (0.09) — provides little concentration protection
Fold 3/13: test 2021-09-10 → 2021-12-08
max_position_pct (0.66) is above 5x equal weight (0.09) — provides little concentration protection
Fold 4/13: test 2021-12-09 → 2022-03-10
max_position_pct (0.66) is above 5x equal weight (0.09) — provides little concentration protection
Fold 5/13: test 2022-03-11 → 2022-06-09
max_position_pct (0.66) is above 5x equal weight (0.09) — provides little concentration protection
Fold 6/13: test 2022-06-10 → 2022-09-09
max_position_pct (0.66) is above 5x equal weight (0.09) — provides little concentration protection
Fold 7/13: test 2022-09-12 → 2022-12-08
max_position_pct (0.66) is above 5x equal weight (0.09) — provides little concentration protection
Fold 8/13: test 2022-12-09 → 2023-03-13
max_position_pct (0.66) is above 5x equal weight (0.09) — provides little concentration protection
Fold 9/13: test 2023-03-14 → 2023-06-12
max_position_pct (0.66) is above 5x equal weight (0.09) — provides little concentration protection
Fold 10/13: test 2023-06-13 → 2023-09-12
max_position_pct (0.66) is above 5x equal weight (0.09) — provides little concentration protection
Fold 11/13: test 2023-09-13 → 2023-12-11
max_position_pct (0.66) is above 5x equal weight (0.09) — provides little concentration protection
Fold 12/13: test 2023-12-12 → 2024-03-13
max_position_pct (0.66) is above 5x equal weight (0.09) — provides little concentration protection
Fold 13/13: test 2024-03-14 → 2024-08-27
max_position_pct (0.66) is above 5x equal weight (0.09) — provides little concentration protection
cell 1/32 done in 4m (elapsed 4m; ~128m remaining at the mean cell pace — frozen
cells run far faster than re-fit cells)
sweep: best on stonks, seed base 43 [cell 2/32]
Fold 1/13: test 2021-03-12 → 2021-06-10
restart 1/4 (as of 2021-03-12)
Optimizing 2 strategies over 2015-07-28 to 2021-03-11
  objective: sharpe | train window: 2015-07-28 → 2021-03-11
  1000 trials across 5 workers
  [  2%] 25/1000 trials — best sharpe: 1.72
  [  5%] 50/1000 trials — best sharpe: 1.72
  [  7%] 75/1000 trials — best sharpe: 1.72
  [ 10%] 100/1000 trials — best sharpe: 1.72
  [ 12%] 125/1000 trials — best sharpe: 1.72
  [ 15%] 150/1000 trials — best sharpe: 1.78
  [ 17%] 175/1000 trials — best sharpe: 1.78
  [ 20%] 200/1000 trials — best sharpe: 1.78
  [ 22%] 225/1000 trials — best sharpe: 1.78
  [ 25%] 250/1000 trials — best sharpe: 1.78
  [ 27%] 275/1000 trials — best sharpe: 1.78
  [ 30%] 300/1000 trials — best sharpe: 1.78
  [ 32%] 325/1000 trials — best sharpe: 1.78
  [ 35%] 350/1000 trials — best sharpe: 1.78
  [ 37%] 375/1000 trials — best sharpe: 1.78
  [ 40%] 400/1000 trials — best sharpe: 1.78
  [ 42%] 425/1000 trials — best sharpe: 1.78
  [ 45%] 450/1000 trials — best sharpe: 1.78
  [ 47%] 475/1000 trials — best sharpe: 1.78
  [ 50%] 500/1000 trials — best sharpe: 1.78
  [ 52%] 525/1000 trials — best sharpe: 1.78
  [ 55%] 550/1000 trials — best sharpe: 1.78
  [ 57%] 575/1000 trials — best sharpe: 1.78
  [ 60%] 600/1000 trials — best sharpe: 1.78
  [ 62%] 625/1000 trials — best sharpe: 1.78
  [ 65%] 650/1000 trials — best sharpe: 1.78
  [ 67%] 675/1000 trials — best sharpe: 1.78
  [ 70%] 700/1000 trials — best sharpe: 1.78
  [ 72%] 725/1000 trials — best sharpe: 1.78
  [ 75%] 750/1000 trials — best sharpe: 1.78
  [ 77%] 775/1000 trials — best sharpe: 1.78
  [ 80%] 800/1000 trials — best sharpe: 1.78
  [ 82%] 825/1000 trials — best sharpe: 1.78
  [ 85%] 850/1000 trials — best sharpe: 1.78
  [ 87%] 875/1000 trials — best sharpe: 1.78
  [ 90%] 900/1000 trials — best sharpe: 1.78
  [ 92%] 925/1000 trials — best sharpe: 1.78
  [ 95%] 950/1000 trials — best sharpe: 1.78
  [ 97%] 975/1000 trials — best sharpe: 1.78
  [100%] 1000/1000 trials — best sharpe: 1.78
Optimization complete — best sharpe: 1.78
max_position_pct (0.66) is above 5x equal weight (0.09) — provides little concentration protection
  Max drawdown: 18.84% | Sharpe: 1.78 | Win rate: 50.43%
restart 2/4 (as of 2021-03-12)
Optimizing 2 strategies over 2015-07-28 to 2021-03-11
  objective: sharpe | train window: 2015-07-28 → 2021-03-11
  1000 trials across 5 workers
  [  2%] 25/1000 trials — best sharpe: 1.71
  [  5%] 50/1000 trials — best sharpe: 1.73
  [  7%] 75/1000 trials — best sharpe: 1.73
  [ 10%] 100/1000 trials — best sharpe: 1.73
  [ 12%] 125/1000 trials — best sharpe: 1.73
  [ 15%] 150/1000 trials — best sharpe: 1.75
  [ 17%] 175/1000 trials — best sharpe: 1.75
  [ 20%] 200/1000 trials — best sharpe: 1.75
  [ 22%] 225/1000 trials — best sharpe: 1.75
  [ 25%] 250/1000 trials — best sharpe: 1.75
  [ 27%] 275/1000 trials — best sharpe: 1.75
  [ 30%] 300/1000 trials — best sharpe: 1.75
  [ 32%] 325/1000 trials — best sharpe: 1.75
  [ 35%] 350/1000 trials — best sharpe: 1.75
  [ 37%] 375/1000 trials — best sharpe: 1.75
  [ 40%] 400/1000 trials — best sharpe: 1.75
  [ 42%] 425/1000 trials — best sharpe: 1.75
  [ 45%] 450/1000 trials — best sharpe: 1.75
  [ 47%] 475/1000 trials — best sharpe: 1.75
  [ 50%] 500/1000 trials — best sharpe: 1.75
  [ 52%] 525/1000 trials — best sharpe: 1.75
  [ 55%] 550/1000 trials — best sharpe: 1.75
  [ 57%] 575/1000 trials — best sharpe: 1.75
  [ 60%] 600/1000 trials — best sharpe: 1.75
  [ 62%] 625/1000 trials — best sharpe: 1.75
  [ 65%] 650/1000 trials — best sharpe: 1.75
  [ 67%] 675/1000 trials — best sharpe: 1.76
  [ 70%] 700/1000 trials — best sharpe: 1.76
  [ 72%] 725/1000 trials — best sharpe: 1.76
  [ 75%] 750/1000 trials — best sharpe: 1.89
  [ 77%] 775/1000 trials — best sharpe: 1.89
  [ 80%] 800/1000 trials — best sharpe: 1.89
  [ 82%] 825/1000 trials — best sharpe: 1.89
  [ 85%] 850/1000 trials — best sharpe: 1.89
  [ 87%] 875/1000 trials — best sharpe: 1.89
  [ 90%] 900/1000 trials — best sharpe: 1.89
  [ 92%] 925/1000 trials — best sharpe: 1.89
  [ 95%] 950/1000 trials — best sharpe: 1.89
  [ 97%] 975/1000 trials — best sharpe: 1.89
  [100%] 1000/1000 trials — best sharpe: 1.89
Optimization complete — best sharpe: 1.89
max_position_pct (0.66) is above 5x equal weight (0.09) — provides little concentration protection
  Max drawdown: 27.45% | Sharpe: 1.89 | Win rate: 46.67%
restart 3/4 (as of 2021-03-12)
Optimizing 2 strategies over 2015-07-28 to 2021-03-11
  objective: sharpe | train window: 2015-07-28 → 2021-03-11
  1000 trials across 5 workers
  [  2%] 25/1000 trials — best sharpe: 1.65
  [  5%] 50/1000 trials — best sharpe: 1.65
  [  7%] 75/1000 trials — best sharpe: 1.65
  [ 10%] 100/1000 trials — best sharpe: 1.65
  [ 12%] 125/1000 trials — best sharpe: 1.65
  [ 15%] 150/1000 trials — best sharpe: 1.65
  [ 17%] 175/1000 trials — best sharpe: 1.65
  [ 20%] 200/1000 trials — best sharpe: 1.74
  [ 22%] 225/1000 trials — best sharpe: 1.84
  [ 25%] 250/1000 trials — best sharpe: 1.84
  [ 27%] 275/1000 trials — best sharpe: 1.84
  [ 30%] 300/1000 trials — best sharpe: 1.84
  [ 32%] 325/1000 trials — best sharpe: 1.84
  [ 35%] 350/1000 trials — best sharpe: 1.84
  [ 37%] 375/1000 trials — best sharpe: 1.84
  [ 40%] 400/1000 trials — best sharpe: 1.84
  [ 42%] 425/1000 trials — best sharpe: 1.84
  [ 45%] 450/1000 trials — best sharpe: 1.84
  [ 47%] 475/1000 trials — best sharpe: 1.84
  [ 50%] 500/1000 trials — best sharpe: 1.84
  [ 52%] 525/1000 trials — best sharpe: 1.84
  [ 55%] 550/1000 trials — best sharpe: 1.84
  [ 57%] 575/1000 trials — best sharpe: 1.84
  [ 60%] 600/1000 trials — best sharpe: 1.84
  [ 62%] 625/1000 trials — best sharpe: 1.84
  [ 65%] 650/1000 trials — best sharpe: 1.84
  [ 67%] 675/1000 trials — best sharpe: 1.84
  [ 70%] 700/1000 trials — best sharpe: 1.84
  [ 72%] 725/1000 trials — best sharpe: 1.84
  [ 75%] 750/1000 trials — best sharpe: 1.84
  [ 77%] 775/1000 trials — best sharpe: 1.84
  [ 80%] 800/1000 trials — best sharpe: 1.84
  [ 82%] 825/1000 trials — best sharpe: 1.84
  [ 85%] 850/1000 trials — best sharpe: 1.84
  [ 87%] 875/1000 trials — best sharpe: 1.84
  [ 90%] 900/1000 trials — best sharpe: 1.84
  [ 92%] 925/1000 trials — best sharpe: 1.84
  [ 95%] 950/1000 trials — best sharpe: 1.84
  [ 97%] 975/1000 trials — best sharpe: 1.84
  [100%] 1000/1000 trials — best sharpe: 1.85
Optimization complete — best sharpe: 1.85
max_position_pct (0.66) is above 5x equal weight (0.09) — provides little concentration protection
  Max drawdown: 25.86% | Sharpe: 1.85 | Win rate: 51.26%
restart 4/4 (as of 2021-03-12)
Optimizing 2 strategies over 2015-07-28 to 2021-03-11
  objective: sharpe | train window: 2015-07-28 → 2021-03-11
  1000 trials across 5 workers
  [  2%] 25/1000 trials — best sharpe: 1.46
  [  5%] 50/1000 trials — best sharpe: 1.72
  [  7%] 75/1000 trials — best sharpe: 1.72
  [ 10%] 100/1000 trials — best sharpe: 1.72
  [ 12%] 125/1000 trials — best sharpe: 1.72
  [ 15%] 150/1000 trials — best sharpe: 1.72
  [ 17%] 175/1000 trials — best sharpe: 1.72
  [ 20%] 200/1000 trials — best sharpe: 1.72
  [ 22%] 225/1000 trials — best sharpe: 1.72
  [ 25%] 250/1000 trials — best sharpe: 1.72
  [ 27%] 275/1000 trials — best sharpe: 1.72
  [ 30%] 300/1000 trials — best sharpe: 1.72
  [ 32%] 325/1000 trials — best sharpe: 1.72
  [ 35%] 350/1000 trials — best sharpe: 1.72
  [ 37%] 375/1000 trials — best sharpe: 1.77
  [ 40%] 400/1000 trials — best sharpe: 1.77
  [ 42%] 425/1000 trials — best sharpe: 1.79
  [ 45%] 450/1000 trials — best sharpe: 1.79
  [ 47%] 475/1000 trials — best sharpe: 1.79
  [ 50%] 500/1000 trials — best sharpe: 1.79
  [ 52%] 525/1000 trials — best sharpe: 1.79
  [ 55%] 550/1000 trials — best sharpe: 1.79
  [ 57%] 575/1000 trials — best sharpe: 1.79
  [ 60%] 600/1000 trials — best sharpe: 1.79
  [ 62%] 625/1000 trials — best sharpe: 1.79
  [ 65%] 650/1000 trials — best sharpe: 1.79
  [ 67%] 675/1000 trials — best sharpe: 1.79
  [ 70%] 700/1000 trials — best sharpe: 1.79
  [ 72%] 725/1000 trials — best sharpe: 1.79
  [ 75%] 750/1000 trials — best sharpe: 1.79
  [ 77%] 775/1000 trials — best sharpe: 1.79
  [ 80%] 800/1000 trials — best sharpe: 1.79
  [ 82%] 825/1000 trials — best sharpe: 1.79
  [ 85%] 850/1000 trials — best sharpe: 1.79
  [ 87%] 875/1000 trials — best sharpe: 1.79
  [ 90%] 900/1000 trials — best sharpe: 1.79
  [ 92%] 925/1000 trials — best sharpe: 1.79
  [ 95%] 950/1000 trials — best sharpe: 1.79
  [ 97%] 975/1000 trials — best sharpe: 1.79
  [100%] 1000/1000 trials — best sharpe: 1.79
Optimization complete — best sharpe: 1.79
max_position_pct (0.66) is above 5x equal weight (0.09) — provides little concentration protection
  Max drawdown: 20.94% | Sharpe: 1.79 | Win rate: 51.22%
max_position_pct (0.66) is above 5x equal weight (0.09) — provides little concentration protection
Fold 2/13: test 2021-06-11 → 2021-09-09
max_position_pct (0.66) is above 5x equal weight (0.09) — provides little concentration protection
Fold 3/13: test 2021-09-10 → 2021-12-08
max_position_pct (0.66) is above 5x equal weight (0.09) — provides little concentration protection
Fold 4/13: test 2021-12-09 → 2022-03-10
max_position_pct (0.66) is above 5x equal weight (0.09) — provides little concentration protection
Fold 5/13: test 2022-03-11 → 2022-06-09
max_position_pct (0.66) is above 5x equal weight (0.09) — provides little concentration protection
Fold 6/13: test 2022-06-10 → 2022-09-09
max_position_pct (0.66) is above 5x equal weight (0.09) — provides little concentration protection
Fold 7/13: test 2022-09-12 → 2022-12-08
max_position_pct (0.66) is above 5x equal weight (0.09) — provides little concentration protection
Fold 8/13: test 2022-12-09 → 2023-03-13
max_position_pct (0.66) is above 5x equal weight (0.09) — provides little concentration protection
Fold 9/13: test 2023-03-14 → 2023-06-12
max_position_pct (0.66) is above 5x equal weight (0.09) — provides little concentration protection
Fold 10/13: test 2023-06-13 → 2023-09-12
max_position_pct (0.66) is above 5x equal weight (0.09) — provides little concentration protection
Fold 11/13: test 2023-09-13 → 2023-12-11
max_position_pct (0.66) is above 5x equal weight (0.09) — provides little concentration protection
Fold 12/13: test 2023-12-12 → 2024-03-13
max_position_pct (0.66) is above 5x equal weight (0.09) — provides little concentration protection
Fold 13/13: test 2024-03-14 → 2024-08-27
max_position_pct (0.66) is above 5x equal weight (0.09) — provides little concentration protection
cell 2/32 done in 4m (elapsed 8m; ~124m remaining at the mean cell pace — frozen
cells run far faster than re-fit cells)
sweep: best on stonks, seed base 44 [cell 3/32]
Fold 1/13: test 2021-03-12 → 2021-06-10
restart 1/4 (as of 2021-03-12)
Optimizing 2 strategies over 2015-07-28 to 2021-03-11
  objective: sharpe | train window: 2015-07-28 → 2021-03-11
  1000 trials across 5 workers
  [  2%] 25/1000 trials — best sharpe: 1.67
  [  5%] 50/1000 trials — best sharpe: 1.68
  [  7%] 75/1000 trials — best sharpe: 1.69
  [ 10%] 100/1000 trials — best sharpe: 1.69
  [ 12%] 125/1000 trials — best sharpe: 1.69
  [ 15%] 150/1000 trials — best sharpe: 1.69
  [ 17%] 175/1000 trials — best sharpe: 1.79
  [ 20%] 200/1000 trials — best sharpe: 1.86
  [ 22%] 225/1000 trials — best sharpe: 1.97
  [ 25%] 250/1000 trials — best sharpe: 1.97
  [ 27%] 275/1000 trials — best sharpe: 1.97
  [ 30%] 300/1000 trials — best sharpe: 1.97
  [ 32%] 325/1000 trials — best sharpe: 1.97
  [ 35%] 350/1000 trials — best sharpe: 1.97
  [ 37%] 375/1000 trials — best sharpe: 1.97
  [ 40%] 400/1000 trials — best sharpe: 1.97
  [ 42%] 425/1000 trials — best sharpe: 1.97
  [ 45%] 450/1000 trials — best sharpe: 1.97
  [ 47%] 475/1000 trials — best sharpe: 1.97
  [ 50%] 500/1000 trials — best sharpe: 1.97
  [ 52%] 525/1000 trials — best sharpe: 1.97
  [ 55%] 550/1000 trials — best sharpe: 1.97
  [ 57%] 575/1000 trials — best sharpe: 1.97
  [ 60%] 600/1000 trials — best sharpe: 1.97
  [ 62%] 625/1000 trials — best sharpe: 1.97
  [ 65%] 650/1000 trials — best sharpe: 1.97
  [ 67%] 675/1000 trials — best sharpe: 1.97
  [ 70%] 700/1000 trials — best sharpe: 1.97
  [ 72%] 725/1000 trials — best sharpe: 1.97
  [ 75%] 750/1000 trials — best sharpe: 1.97
  [ 77%] 775/1000 trials — best sharpe: 1.97
  [ 80%] 800/1000 trials — best sharpe: 1.97
  [ 82%] 825/1000 trials — best sharpe: 1.97
  [ 85%] 850/1000 trials — best sharpe: 1.97
  [ 87%] 875/1000 trials — best sharpe: 1.97
  [ 90%] 900/1000 trials — best sharpe: 1.97
  [ 92%] 925/1000 trials — best sharpe: 1.97
  [ 95%] 950/1000 trials — best sharpe: 1.97
  [ 97%] 975/1000 trials — best sharpe: 1.97
  [100%] 1000/1000 trials — best sharpe: 1.97
Optimization complete — best sharpe: 1.97
max_position_pct (0.66) is above 5x equal weight (0.09) — provides little concentration protection
  Max drawdown: 23.87% | Sharpe: 1.97 | Win rate: 50.43%
restart 2/4 (as of 2021-03-12)
Optimizing 2 strategies over 2015-07-28 to 2021-03-11
  objective: sharpe | train window: 2015-07-28 → 2021-03-11
  1000 trials across 5 workers
  [  2%] 25/1000 trials — best sharpe: 1.69
  [  5%] 50/1000 trials — best sharpe: 1.78
  [  7%] 75/1000 trials — best sharpe: 1.78
  [ 10%] 100/1000 trials — best sharpe: 1.78
  [ 12%] 125/1000 trials — best sharpe: 1.78
  [ 15%] 150/1000 trials — best sharpe: 1.78
  [ 17%] 175/1000 trials — best sharpe: 1.78
  [ 20%] 200/1000 trials — best sharpe: 1.78
  [ 22%] 225/1000 trials — best sharpe: 1.81
  [ 25%] 250/1000 trials — best sharpe: 1.81
  [ 27%] 275/1000 trials — best sharpe: 1.81
  [ 30%] 300/1000 trials — best sharpe: 1.82
  [ 32%] 325/1000 trials — best sharpe: 1.82
  [ 35%] 350/1000 trials — best sharpe: 1.82
  [ 37%] 375/1000 trials — best sharpe: 1.82
  [ 40%] 400/1000 trials — best sharpe: 1.82
  [ 42%] 425/1000 trials — best sharpe: 1.82
  [ 45%] 450/1000 trials — best sharpe: 1.93
  [ 47%] 475/1000 trials — best sharpe: 1.93
  [ 50%] 500/1000 trials — best sharpe: 1.93
  [ 52%] 525/1000 trials — best sharpe: 1.93
  [ 55%] 550/1000 trials — best sharpe: 1.93
  [ 57%] 575/1000 trials — best sharpe: 1.93
  [ 60%] 600/1000 trials — best sharpe: 1.93
  [ 62%] 625/1000 trials — best sharpe: 1.93
  [ 65%] 650/1000 trials — best sharpe: 1.93
  [ 67%] 675/1000 trials — best sharpe: 1.93
  [ 70%] 700/1000 trials — best sharpe: 1.93
  [ 72%] 725/1000 trials — best sharpe: 1.93
  [ 75%] 750/1000 trials — best sharpe: 1.93
  [ 77%] 775/1000 trials — best sharpe: 1.93
  [ 80%] 800/1000 trials — best sharpe: 1.93
  [ 82%] 825/1000 trials — best sharpe: 1.93
  [ 85%] 850/1000 trials — best sharpe: 1.93
  [ 87%] 875/1000 trials — best sharpe: 1.93
  [ 90%] 900/1000 trials — best sharpe: 1.93
  [ 92%] 925/1000 trials — best sharpe: 1.93
  [ 95%] 950/1000 trials — best sharpe: 1.93
  [ 97%] 975/1000 trials — best sharpe: 1.93
  [100%] 1000/1000 trials — best sharpe: 1.93
Optimization complete — best sharpe: 1.93
max_position_pct (0.66) is above 5x equal weight (0.09) — provides little concentration protection
  Max drawdown: 24.01% | Sharpe: 1.93 | Win rate: 39.34%
restart 3/4 (as of 2021-03-12)
Optimizing 2 strategies over 2015-07-28 to 2021-03-11
  objective: sharpe | train window: 2015-07-28 → 2021-03-11
  1000 trials across 5 workers
  [  2%] 25/1000 trials — best sharpe: 1.67
  [  5%] 50/1000 trials — best sharpe: 1.73
  [  7%] 75/1000 trials — best sharpe: 1.73
  [ 10%] 100/1000 trials — best sharpe: 1.73
  [ 12%] 125/1000 trials — best sharpe: 1.73
  [ 15%] 150/1000 trials — best sharpe: 1.73
  [ 17%] 175/1000 trials — best sharpe: 1.86
  [ 20%] 200/1000 trials — best sharpe: 1.86
  [ 22%] 225/1000 trials — best sharpe: 1.86
  [ 25%] 250/1000 trials — best sharpe: 1.86
  [ 27%] 275/1000 trials — best sharpe: 1.86
  [ 30%] 300/1000 trials — best sharpe: 1.86
  [ 32%] 325/1000 trials — best sharpe: 1.86
  [ 35%] 350/1000 trials — best sharpe: 1.86
  [ 37%] 375/1000 trials — best sharpe: 1.86
  [ 40%] 400/1000 trials — best sharpe: 1.86
  [ 42%] 425/1000 trials — best sharpe: 1.86
  [ 45%] 450/1000 trials — best sharpe: 1.86
  [ 47%] 475/1000 trials — best sharpe: 1.86
  [ 50%] 500/1000 trials — best sharpe: 1.86
  [ 52%] 525/1000 trials — best sharpe: 1.86
  [ 55%] 550/1000 trials — best sharpe: 1.86
  [ 57%] 575/1000 trials — best sharpe: 1.86
  [ 60%] 600/1000 trials — best sharpe: 1.86
  [ 62%] 625/1000 trials — best sharpe: 1.86
  [ 65%] 650/1000 trials — best sharpe: 1.86
  [ 67%] 675/1000 trials — best sharpe: 1.86
  [ 70%] 700/1000 trials — best sharpe: 1.86
  [ 72%] 725/1000 trials — best sharpe: 1.86
  [ 75%] 750/1000 trials — best sharpe: 1.86
  [ 77%] 775/1000 trials — best sharpe: 1.86
  [ 80%] 800/1000 trials — best sharpe: 1.86
  [ 82%] 825/1000 trials — best sharpe: 1.86
  [ 85%] 850/1000 trials — best sharpe: 1.86
  [ 87%] 875/1000 trials — best sharpe: 1.86
  [ 90%] 900/1000 trials — best sharpe: 1.86
  [ 92%] 925/1000 trials — best sharpe: 1.86
  [ 95%] 950/1000 trials — best sharpe: 1.86
  [ 97%] 975/1000 trials — best sharpe: 1.86
  [100%] 1000/1000 trials — best sharpe: 1.86
Optimization complete — best sharpe: 1.86
max_position_pct (0.66) is above 5x equal weight (0.09) — provides little concentration protection
  Max drawdown: 22.51% | Sharpe: 1.86 | Win rate: 53.54%
restart 4/4 (as of 2021-03-12)
Optimizing 2 strategies over 2015-07-28 to 2021-03-11
  objective: sharpe | train window: 2015-07-28 → 2021-03-11
  1000 trials across 5 workers
  [  2%] 25/1000 trials — best sharpe: 1.72
  [  5%] 50/1000 trials — best sharpe: 1.78
  [  7%] 75/1000 trials — best sharpe: 1.78
  [ 10%] 100/1000 trials — best sharpe: 1.84
  [ 12%] 125/1000 trials — best sharpe: 1.84
  [ 15%] 150/1000 trials — best sharpe: 1.84
  [ 17%] 175/1000 trials — best sharpe: 1.84
  [ 20%] 200/1000 trials — best sharpe: 1.84
  [ 22%] 225/1000 trials — best sharpe: 1.84
  [ 25%] 250/1000 trials — best sharpe: 1.84
  [ 27%] 275/1000 trials — best sharpe: 1.84
  [ 30%] 300/1000 trials — best sharpe: 1.84
  [ 32%] 325/1000 trials — best sharpe: 1.84
  [ 35%] 350/1000 trials — best sharpe: 1.84
  [ 37%] 375/1000 trials — best sharpe: 1.84
  [ 40%] 400/1000 trials — best sharpe: 1.84
  [ 42%] 425/1000 trials — best sharpe: 1.84
  [ 45%] 450/1000 trials — best sharpe: 1.84
  [ 47%] 475/1000 trials — best sharpe: 1.84
  [ 50%] 500/1000 trials — best sharpe: 1.84
  [ 52%] 525/1000 trials — best sharpe: 1.84
  [ 55%] 550/1000 trials — best sharpe: 1.84
  [ 57%] 575/1000 trials — best sharpe: 1.84
  [ 60%] 600/1000 trials — best sharpe: 1.84
  [ 62%] 625/1000 trials — best sharpe: 1.84
  [ 65%] 650/1000 trials — best sharpe: 1.84
  [ 67%] 675/1000 trials — best sharpe: 1.84
  [ 70%] 700/1000 trials — best sharpe: 1.84
  [ 72%] 725/1000 trials — best sharpe: 1.84
  [ 75%] 750/1000 trials — best sharpe: 1.84
  [ 77%] 775/1000 trials — best sharpe: 1.84
  [ 80%] 800/1000 trials — best sharpe: 1.84
  [ 82%] 825/1000 trials — best sharpe: 1.84
  [ 85%] 850/1000 trials — best sharpe: 1.84
  [ 87%] 875/1000 trials — best sharpe: 1.84
  [ 90%] 900/1000 trials — best sharpe: 1.84
  [ 92%] 925/1000 trials — best sharpe: 1.84
  [ 95%] 950/1000 trials — best sharpe: 1.84
  [ 97%] 975/1000 trials — best sharpe: 1.84
  [100%] 1000/1000 trials — best sharpe: 1.84
Optimization complete — best sharpe: 1.84
max_position_pct (0.66) is above 5x equal weight (0.09) — provides little concentration protection
  Max drawdown: 24.53% | Sharpe: 1.84 | Win rate: 53.45%
max_position_pct (0.66) is above 5x equal weight (0.09) — provides little concentration protection
Fold 2/13: test 2021-06-11 → 2021-09-09
max_position_pct (0.66) is above 5x equal weight (0.09) — provides little concentration protection
Fold 3/13: test 2021-09-10 → 2021-12-08
max_position_pct (0.66) is above 5x equal weight (0.09) — provides little concentration protection
Fold 4/13: test 2021-12-09 → 2022-03-10
max_position_pct (0.66) is above 5x equal weight (0.09) — provides little concentration protection
Fold 5/13: test 2022-03-11 → 2022-06-09
max_position_pct (0.66) is above 5x equal weight (0.09) — provides little concentration protection
Fold 6/13: test 2022-06-10 → 2022-09-09
max_position_pct (0.66) is above 5x equal weight (0.09) — provides little concentration protection
Fold 7/13: test 2022-09-12 → 2022-12-08
max_position_pct (0.66) is above 5x equal weight (0.09) — provides little concentration protection
Fold 8/13: test 2022-12-09 → 2023-03-13
max_position_pct (0.66) is above 5x equal weight (0.09) — provides little concentration protection
Fold 9/13: test 2023-03-14 → 2023-06-12
max_position_pct (0.66) is above 5x equal weight (0.09) — provides little concentration protection
Fold 10/13: test 2023-06-13 → 2023-09-12
max_position_pct (0.66) is above 5x equal weight (0.09) — provides little concentration protection
Fold 11/13: test 2023-09-13 → 2023-12-11
max_position_pct (0.66) is above 5x equal weight (0.09) — provides little concentration protection
Fold 12/13: test 2023-12-12 → 2024-03-13
max_position_pct (0.66) is above 5x equal weight (0.09) — provides little concentration protection
Fold 13/13: test 2024-03-14 → 2024-08-27
max_position_pct (0.66) is above 5x equal weight (0.09) — provides little concentration protection
cell 3/32 done in 4m (elapsed 12m; ~121m remaining at the mean cell pace — 
frozen cells run far faster than re-fit cells)
sweep: best on stonks, seed base 45 [cell 4/32]
Fold 1/13: test 2021-03-12 → 2021-06-10
restart 1/4 (as of 2021-03-12)
Optimizing 2 strategies over 2015-07-28 to 2021-03-11
  objective: sharpe | train window: 2015-07-28 → 2021-03-11
  1000 trials across 5 workers
  [  2%] 25/1000 trials — best sharpe: 1.46
  [  5%] 50/1000 trials — best sharpe: 1.70
  [  7%] 75/1000 trials — best sharpe: 1.70
  [ 10%] 100/1000 trials — best sharpe: 1.70
  [ 12%] 125/1000 trials — best sharpe: 1.70
  [ 15%] 150/1000 trials — best sharpe: 1.70
  [ 17%] 175/1000 trials — best sharpe: 1.74
  [ 20%] 200/1000 trials — best sharpe: 1.74
  [ 22%] 225/1000 trials — best sharpe: 1.74
  [ 25%] 250/1000 trials — best sharpe: 1.78
  [ 27%] 275/1000 trials — best sharpe: 1.78
  [ 30%] 300/1000 trials — best sharpe: 1.78
  [ 32%] 325/1000 trials — best sharpe: 1.78
  [ 35%] 350/1000 trials — best sharpe: 1.78
  [ 37%] 375/1000 trials — best sharpe: 1.78
  [ 40%] 400/1000 trials — best sharpe: 1.78
  [ 42%] 425/1000 trials — best sharpe: 1.78
  [ 45%] 450/1000 trials — best sharpe: 1.78
  [ 47%] 475/1000 trials — best sharpe: 1.78
  [ 50%] 500/1000 trials — best sharpe: 1.78
  [ 52%] 525/1000 trials — best sharpe: 1.78
  [ 55%] 550/1000 trials — best sharpe: 1.78
  [ 57%] 575/1000 trials — best sharpe: 1.78
  [ 60%] 600/1000 trials — best sharpe: 1.78
  [ 62%] 625/1000 trials — best sharpe: 1.78
  [ 65%] 650/1000 trials — best sharpe: 1.78
  [ 67%] 675/1000 trials — best sharpe: 1.78
  [ 70%] 700/1000 trials — best sharpe: 1.78
  [ 72%] 725/1000 trials — best sharpe: 1.78
  [ 75%] 750/1000 trials — best sharpe: 1.78
  [ 77%] 775/1000 trials — best sharpe: 1.78
  [ 80%] 800/1000 trials — best sharpe: 1.78
  [ 82%] 825/1000 trials — best sharpe: 1.78
  [ 85%] 850/1000 trials — best sharpe: 1.78
  [ 87%] 875/1000 trials — best sharpe: 1.78
  [ 90%] 900/1000 trials — best sharpe: 1.78
  [ 92%] 925/1000 trials — best sharpe: 1.78
  [ 95%] 950/1000 trials — best sharpe: 1.78
  [ 97%] 975/1000 trials — best sharpe: 1.78
  [100%] 1000/1000 trials — best sharpe: 1.78
Optimization complete — best sharpe: 1.78
max_position_pct (0.66) is above 5x equal weight (0.09) — provides little concentration protection
  Max drawdown: 24.04% | Sharpe: 1.78 | Win rate: 51.75%
restart 2/4 (as of 2021-03-12)
Optimizing 2 strategies over 2015-07-28 to 2021-03-11
  objective: sharpe | train window: 2015-07-28 → 2021-03-11
  1000 trials across 5 workers
  [  2%] 25/1000 trials — best sharpe: 1.69
  [  5%] 50/1000 trials — best sharpe: 1.69
  [  7%] 75/1000 trials — best sharpe: 1.98
  [ 10%] 100/1000 trials — best sharpe: 1.98
  [ 12%] 125/1000 trials — best sharpe: 1.98
  [ 15%] 150/1000 trials — best sharpe: 1.98
  [ 17%] 175/1000 trials — best sharpe: 1.98
  [ 20%] 200/1000 trials — best sharpe: 1.98
  [ 22%] 225/1000 trials — best sharpe: 1.98
  [ 25%] 250/1000 trials — best sharpe: 1.98
  [ 27%] 275/1000 trials — best sharpe: 1.98
  [ 30%] 300/1000 trials — best sharpe: 1.98
  [ 32%] 325/1000 trials — best sharpe: 1.98
  [ 35%] 350/1000 trials — best sharpe: 1.98
  [ 37%] 375/1000 trials — best sharpe: 1.98
  [ 40%] 400/1000 trials — best sharpe: 1.98
  [ 42%] 425/1000 trials — best sharpe: 1.98
  [ 45%] 450/1000 trials — best sharpe: 1.98
  [ 47%] 475/1000 trials — best sharpe: 1.98
  [ 50%] 500/1000 trials — best sharpe: 1.98
  [ 52%] 525/1000 trials — best sharpe: 1.98
  [ 55%] 550/1000 trials — best sharpe: 1.98
  [ 57%] 575/1000 trials — best sharpe: 1.98
  [ 60%] 600/1000 trials — best sharpe: 1.98
  [ 62%] 625/1000 trials — best sharpe: 1.98
  [ 65%] 650/1000 trials — best sharpe: 1.98
  [ 67%] 675/1000 trials — best sharpe: 1.98
  [ 70%] 700/1000 trials — best sharpe: 1.98
  [ 72%] 725/1000 trials — best sharpe: 1.98
  [ 75%] 750/1000 trials — best sharpe: 1.98
  [ 77%] 775/1000 trials — best sharpe: 1.98
  [ 80%] 800/1000 trials — best sharpe: 1.98
  [ 82%] 825/1000 trials — best sharpe: 1.98
  [ 85%] 850/1000 trials — best sharpe: 1.98
  [ 87%] 875/1000 trials — best sharpe: 1.98
  [ 90%] 900/1000 trials — best sharpe: 1.98
  [ 92%] 925/1000 trials — best sharpe: 1.98
  [ 95%] 950/1000 trials — best sharpe: 1.98
  [ 97%] 975/1000 trials — best sharpe: 1.98
  [100%] 1000/1000 trials — best sharpe: 1.98
Optimization complete — best sharpe: 1.98
max_position_pct (0.66) is above 5x equal weight (0.09) — provides little concentration protection
  Max drawdown: 22.70% | Sharpe: 1.98 | Win rate: 50.41%
restart 3/4 (as of 2021-03-12)
Optimizing 2 strategies over 2015-07-28 to 2021-03-11
  objective: sharpe | train window: 2015-07-28 → 2021-03-11
  1000 trials across 5 workers
  [  2%] 25/1000 trials — best sharpe: 1.50
  [  5%] 50/1000 trials — best sharpe: 1.84
  [  7%] 75/1000 trials — best sharpe: 1.84
  [ 10%] 100/1000 trials — best sharpe: 1.84
  [ 12%] 125/1000 trials — best sharpe: 1.84
  [ 15%] 150/1000 trials — best sharpe: 1.84
  [ 17%] 175/1000 trials — best sharpe: 1.84
  [ 20%] 200/1000 trials — best sharpe: 1.84
  [ 22%] 225/1000 trials — best sharpe: 1.84
  [ 25%] 250/1000 trials — best sharpe: 1.84
  [ 27%] 275/1000 trials — best sharpe: 1.84
  [ 30%] 300/1000 trials — best sharpe: 1.84
  [ 32%] 325/1000 trials — best sharpe: 1.84
  [ 35%] 350/1000 trials — best sharpe: 1.84
  [ 37%] 375/1000 trials — best sharpe: 1.84
  [ 40%] 400/1000 trials — best sharpe: 1.84
  [ 42%] 425/1000 trials — best sharpe: 1.90
  [ 45%] 450/1000 trials — best sharpe: 1.90
  [ 47%] 475/1000 trials — best sharpe: 1.90
  [ 50%] 500/1000 trials — best sharpe: 1.90
  [ 52%] 525/1000 trials — best sharpe: 1.90
  [ 55%] 550/1000 trials — best sharpe: 1.90
  [ 57%] 575/1000 trials — best sharpe: 1.90
  [ 60%] 600/1000 trials — best sharpe: 1.90
  [ 62%] 625/1000 trials — best sharpe: 1.90
  [ 65%] 650/1000 trials — best sharpe: 1.90
  [ 67%] 675/1000 trials — best sharpe: 1.90
  [ 70%] 700/1000 trials — best sharpe: 1.90
  [ 72%] 725/1000 trials — best sharpe: 1.90
  [ 75%] 750/1000 trials — best sharpe: 1.90
  [ 77%] 775/1000 trials — best sharpe: 1.90
  [ 80%] 800/1000 trials — best sharpe: 1.90
  [ 82%] 825/1000 trials — best sharpe: 1.90
  [ 85%] 850/1000 trials — best sharpe: 1.90
  [ 87%] 875/1000 trials — best sharpe: 1.90
  [ 90%] 900/1000 trials — best sharpe: 1.90
  [ 92%] 925/1000 trials — best sharpe: 1.90
  [ 95%] 950/1000 trials — best sharpe: 1.90
  [ 97%] 975/1000 trials — best sharpe: 1.90
  [100%] 1000/1000 trials — best sharpe: 1.90
Optimization complete — best sharpe: 1.90
max_position_pct (0.66) is above 5x equal weight (0.09) — provides little concentration protection
  Max drawdown: 22.21% | Sharpe: 1.90 | Win rate: 58.33%
restart 4/4 (as of 2021-03-12)
Optimizing 2 strategies over 2015-07-28 to 2021-03-11
  objective: sharpe | train window: 2015-07-28 → 2021-03-11
  1000 trials across 5 workers
  [  2%] 25/1000 trials — best sharpe: 1.72
  [  5%] 50/1000 trials — best sharpe: 1.72
  [  7%] 75/1000 trials — best sharpe: 1.74
  [ 10%] 100/1000 trials — best sharpe: 1.74
  [ 12%] 125/1000 trials — best sharpe: 1.74
  [ 15%] 150/1000 trials — best sharpe: 1.76
  [ 17%] 175/1000 trials — best sharpe: 1.76
  [ 20%] 200/1000 trials — best sharpe: 1.76
  [ 22%] 225/1000 trials — best sharpe: 1.76
  [ 25%] 250/1000 trials — best sharpe: 1.76
  [ 27%] 275/1000 trials — best sharpe: 1.76
  [ 30%] 300/1000 trials — best sharpe: 1.76
  [ 32%] 325/1000 trials — best sharpe: 1.76
  [ 35%] 350/1000 trials — best sharpe: 1.76
  [ 37%] 375/1000 trials — best sharpe: 1.76
  [ 40%] 400/1000 trials — best sharpe: 1.83
  [ 42%] 425/1000 trials — best sharpe: 1.83
  [ 45%] 450/1000 trials — best sharpe: 1.83
  [ 47%] 475/1000 trials — best sharpe: 1.83
  [ 50%] 500/1000 trials — best sharpe: 1.83
  [ 52%] 525/1000 trials — best sharpe: 1.87
  [ 55%] 550/1000 trials — best sharpe: 1.87
  [ 57%] 575/1000 trials — best sharpe: 1.87
  [ 60%] 600/1000 trials — best sharpe: 1.87
  [ 62%] 625/1000 trials — best sharpe: 1.87
  [ 65%] 650/1000 trials — best sharpe: 1.87
  [ 67%] 675/1000 trials — best sharpe: 1.87
  [ 70%] 700/1000 trials — best sharpe: 1.87
  [ 72%] 725/1000 trials — best sharpe: 1.87
  [ 75%] 750/1000 trials — best sharpe: 1.87
  [ 77%] 775/1000 trials — best sharpe: 1.87
  [ 80%] 800/1000 trials — best sharpe: 1.87
  [ 82%] 825/1000 trials — best sharpe: 1.87
  [ 85%] 850/1000 trials — best sharpe: 1.87
  [ 87%] 875/1000 trials — best sharpe: 1.87
  [ 90%] 900/1000 trials — best sharpe: 1.87
  [ 92%] 925/1000 trials — best sharpe: 1.87
  [ 95%] 950/1000 trials — best sharpe: 1.87
  [ 97%] 975/1000 trials — best sharpe: 1.88
  [100%] 1000/1000 trials — best sharpe: 1.88
Optimization complete — best sharpe: 1.88
max_position_pct (0.66) is above 5x equal weight (0.09) — provides little concentration protection
  Max drawdown: 26.36% | Sharpe: 1.88 | Win rate: 49.56%
max_position_pct (0.66) is above 5x equal weight (0.09) — provides little concentration protection
Fold 2/13: test 2021-06-11 → 2021-09-09
max_position_pct (0.66) is above 5x equal weight (0.09) — provides little concentration protection
Fold 3/13: test 2021-09-10 → 2021-12-08
max_position_pct (0.66) is above 5x equal weight (0.09) — provides little concentration protection
Fold 4/13: test 2021-12-09 → 2022-03-10
max_position_pct (0.66) is above 5x equal weight (0.09) — provides little concentration protection
Fold 5/13: test 2022-03-11 → 2022-06-09
max_position_pct (0.66) is above 5x equal weight (0.09) — provides little concentration protection
Fold 6/13: test 2022-06-10 → 2022-09-09
max_position_pct (0.66) is above 5x equal weight (0.09) — provides little concentration protection
Fold 7/13: test 2022-09-12 → 2022-12-08
max_position_pct (0.66) is above 5x equal weight (0.09) — provides little concentration protection
Fold 8/13: test 2022-12-09 → 2023-03-13
max_position_pct (0.66) is above 5x equal weight (0.09) — provides little concentration protection
Fold 9/13: test 2023-03-14 → 2023-06-12
max_position_pct (0.66) is above 5x equal weight (0.09) — provides little concentration protection
Fold 10/13: test 2023-06-13 → 2023-09-12
max_position_pct (0.66) is above 5x equal weight (0.09) — provides little concentration protection
Fold 11/13: test 2023-09-13 → 2023-12-11
max_position_pct (0.66) is above 5x equal weight (0.09) — provides little concentration protection
Fold 12/13: test 2023-12-12 → 2024-03-13
max_position_pct (0.66) is above 5x equal weight (0.09) — provides little concentration protection
Fold 13/13: test 2024-03-14 → 2024-08-27
max_position_pct (0.66) is above 5x equal weight (0.09) — provides little concentration protection
cell 4/32 done in 4m (elapsed 17m; ~117m remaining at the mean cell pace — 
frozen cells run far faster than re-fit cells)
sweep: best on stonks, seed base 46 [cell 5/32]
Fold 1/13: test 2021-03-12 → 2021-06-10
restart 1/4 (as of 2021-03-12)
Optimizing 2 strategies over 2015-07-28 to 2021-03-11
  objective: sharpe | train window: 2015-07-28 → 2021-03-11
  1000 trials across 5 workers
  [  2%] 25/1000 trials — best sharpe: 1.52
  [  5%] 50/1000 trials — best sharpe: 1.66
  [  7%] 75/1000 trials — best sharpe: 1.83
  [ 10%] 100/1000 trials — best sharpe: 1.83
  [ 12%] 125/1000 trials — best sharpe: 1.83
  [ 15%] 150/1000 trials — best sharpe: 1.83
  [ 17%] 175/1000 trials — best sharpe: 1.83
  [ 20%] 200/1000 trials — best sharpe: 1.83
  [ 22%] 225/1000 trials — best sharpe: 1.83
  [ 25%] 250/1000 trials — best sharpe: 1.83
  [ 27%] 275/1000 trials — best sharpe: 1.83
  [ 30%] 300/1000 trials — best sharpe: 1.84
  [ 32%] 325/1000 trials — best sharpe: 1.84
  [ 35%] 350/1000 trials — best sharpe: 1.84
  [ 37%] 375/1000 trials — best sharpe: 1.84
  [ 40%] 400/1000 trials — best sharpe: 1.84
  [ 42%] 425/1000 trials — best sharpe: 1.84
  [ 45%] 450/1000 trials — best sharpe: 1.84
  [ 47%] 475/1000 trials — best sharpe: 1.84
  [ 50%] 500/1000 trials — best sharpe: 1.84
  [ 52%] 525/1000 trials — best sharpe: 1.84
  [ 55%] 550/1000 trials — best sharpe: 1.84
  [ 57%] 575/1000 trials — best sharpe: 1.85
  [ 60%] 600/1000 trials — best sharpe: 1.90
  [ 62%] 625/1000 trials — best sharpe: 1.90
  [ 65%] 650/1000 trials — best sharpe: 1.90
  [ 67%] 675/1000 trials — best sharpe: 1.90
  [ 70%] 700/1000 trials — best sharpe: 1.90
  [ 72%] 725/1000 trials — best sharpe: 1.90
  [ 75%] 750/1000 trials — best sharpe: 1.90
  [ 77%] 775/1000 trials — best sharpe: 1.90
  [ 80%] 800/1000 trials — best sharpe: 1.90
  [ 82%] 825/1000 trials — best sharpe: 1.90
  [ 85%] 850/1000 trials — best sharpe: 1.90
  [ 87%] 875/1000 trials — best sharpe: 1.90
  [ 90%] 900/1000 trials — best sharpe: 1.90
  [ 92%] 925/1000 trials — best sharpe: 1.90
  [ 95%] 950/1000 trials — best sharpe: 1.90
  [ 97%] 975/1000 trials — best sharpe: 1.90
  [100%] 1000/1000 trials — best sharpe: 1.90
Optimization complete — best sharpe: 1.90
max_position_pct (0.66) is above 5x equal weight (0.09) — provides little concentration protection
  Max drawdown: 26.53% | Sharpe: 1.90 | Win rate: 44.07%
restart 2/4 (as of 2021-03-12)
Optimizing 2 strategies over 2015-07-28 to 2021-03-11
  objective: sharpe | train window: 2015-07-28 → 2021-03-11
  1000 trials across 5 workers
  [  2%] 25/1000 trials — best sharpe: 1.57
  [  5%] 50/1000 trials — best sharpe: 1.71
  [  7%] 75/1000 trials — best sharpe: 1.71
  [ 10%] 100/1000 trials — best sharpe: 1.71
  [ 12%] 125/1000 trials — best sharpe: 1.76
  [ 15%] 150/1000 trials — best sharpe: 1.76
  [ 17%] 175/1000 trials — best sharpe: 1.76
  [ 20%] 200/1000 trials — best sharpe: 1.76
  [ 22%] 225/1000 trials — best sharpe: 1.76
  [ 25%] 250/1000 trials — best sharpe: 1.78
  [ 27%] 275/1000 trials — best sharpe: 1.78
  [ 30%] 300/1000 trials — best sharpe: 1.78
  [ 32%] 325/1000 trials — best sharpe: 1.78
  [ 35%] 350/1000 trials — best sharpe: 1.78
  [ 37%] 375/1000 trials — best sharpe: 1.78
  [ 40%] 400/1000 trials — best sharpe: 1.78
  [ 42%] 425/1000 trials — best sharpe: 1.78
  [ 45%] 450/1000 trials — best sharpe: 1.78
  [ 47%] 475/1000 trials — best sharpe: 1.78
  [ 50%] 500/1000 trials — best sharpe: 1.78
  [ 52%] 525/1000 trials — best sharpe: 1.78
  [ 55%] 550/1000 trials — best sharpe: 1.78
  [ 57%] 575/1000 trials — best sharpe: 1.78
  [ 60%] 600/1000 trials — best sharpe: 1.78
  [ 62%] 625/1000 trials — best sharpe: 1.78
  [ 65%] 650/1000 trials — best sharpe: 1.78
  [ 67%] 675/1000 trials — best sharpe: 1.78
  [ 70%] 700/1000 trials — best sharpe: 1.78
  [ 72%] 725/1000 trials — best sharpe: 1.78
  [ 75%] 750/1000 trials — best sharpe: 1.78
  [ 77%] 775/1000 trials — best sharpe: 1.78
  [ 80%] 800/1000 trials — best sharpe: 1.78
  [ 82%] 825/1000 trials — best sharpe: 1.78
  [ 85%] 850/1000 trials — best sharpe: 1.78
  [ 87%] 875/1000 trials — best sharpe: 1.78
  [ 90%] 900/1000 trials — best sharpe: 1.78
  [ 92%] 925/1000 trials — best sharpe: 1.78
  [ 95%] 950/1000 trials — best sharpe: 1.78
  [ 97%] 975/1000 trials — best sharpe: 1.80
  [100%] 1000/1000 trials — best sharpe: 1.80
Optimization complete — best sharpe: 1.80
max_position_pct (0.66) is above 5x equal weight (0.09) — provides little concentration protection
  Max drawdown: 20.76% | Sharpe: 1.80 | Win rate: 49.17%
restart 3/4 (as of 2021-03-12)
Optimizing 2 strategies over 2015-07-28 to 2021-03-11
  objective: sharpe | train window: 2015-07-28 → 2021-03-11
  1000 trials across 5 workers
  [  2%] 25/1000 trials — best sharpe: 1.56
  [  5%] 50/1000 trials — best sharpe: 1.63
  [  7%] 75/1000 trials — best sharpe: 1.63
  [ 10%] 100/1000 trials — best sharpe: 1.79
  [ 12%] 125/1000 trials — best sharpe: 1.79
  [ 15%] 150/1000 trials — best sharpe: 1.79
  [ 17%] 175/1000 trials — best sharpe: 1.79
  [ 20%] 200/1000 trials — best sharpe: 1.79
  [ 22%] 225/1000 trials — best sharpe: 1.79
  [ 25%] 250/1000 trials — best sharpe: 1.79
  [ 27%] 275/1000 trials — best sharpe: 1.88
  [ 30%] 300/1000 trials — best sharpe: 1.88
  [ 32%] 325/1000 trials — best sharpe: 1.88
  [ 35%] 350/1000 trials — best sharpe: 1.88
  [ 37%] 375/1000 trials — best sharpe: 1.88
  [ 40%] 400/1000 trials — best sharpe: 1.88
  [ 42%] 425/1000 trials — best sharpe: 1.88
  [ 45%] 450/1000 trials — best sharpe: 1.88
  [ 47%] 475/1000 trials — best sharpe: 1.88
  [ 50%] 500/1000 trials — best sharpe: 1.88
  [ 52%] 525/1000 trials — best sharpe: 1.88
  [ 55%] 550/1000 trials — best sharpe: 1.88
  [ 57%] 575/1000 trials — best sharpe: 1.88
  [ 60%] 600/1000 trials — best sharpe: 1.88
  [ 62%] 625/1000 trials — best sharpe: 1.88
  [ 65%] 650/1000 trials — best sharpe: 1.92
  [ 67%] 675/1000 trials — best sharpe: 2.01
  [ 70%] 700/1000 trials — best sharpe: 2.01
  [ 72%] 725/1000 trials — best sharpe: 2.01
  [ 75%] 750/1000 trials — best sharpe: 2.01
  [ 77%] 775/1000 trials — best sharpe: 2.01
  [ 80%] 800/1000 trials — best sharpe: 2.01
  [ 82%] 825/1000 trials — best sharpe: 2.01
  [ 85%] 850/1000 trials — best sharpe: 2.01
  [ 87%] 875/1000 trials — best sharpe: 2.01
  [ 90%] 900/1000 trials — best sharpe: 2.01
  [ 92%] 925/1000 trials — best sharpe: 2.01
  [ 95%] 950/1000 trials — best sharpe: 2.01
  [ 97%] 975/1000 trials — best sharpe: 2.01
  [100%] 1000/1000 trials — best sharpe: 2.01
Optimization complete — best sharpe: 2.01
max_position_pct (0.66) is above 5x equal weight (0.09) — provides little concentration protection
  Max drawdown: 25.03% | Sharpe: 2.01 | Win rate: 52.17%
restart 4/4 (as of 2021-03-12)
Optimizing 2 strategies over 2015-07-28 to 2021-03-11
  objective: sharpe | train window: 2015-07-28 → 2021-03-11
  1000 trials across 5 workers
  [  2%] 25/1000 trials — best sharpe: 1.74
  [  5%] 50/1000 trials — best sharpe: 1.74
  [  7%] 75/1000 trials — best sharpe: 1.74
  [ 10%] 100/1000 trials — best sharpe: 1.74
  [ 12%] 125/1000 trials — best sharpe: 1.74
  [ 15%] 150/1000 trials — best sharpe: 1.74
  [ 17%] 175/1000 trials — best sharpe: 1.74
  [ 20%] 200/1000 trials — best sharpe: 1.74
  [ 22%] 225/1000 trials — best sharpe: 1.74
  [ 25%] 250/1000 trials — best sharpe: 1.75
  [ 27%] 275/1000 trials — best sharpe: 1.75
  [ 30%] 300/1000 trials — best sharpe: 1.75
  [ 32%] 325/1000 trials — best sharpe: 1.75
  [ 35%] 350/1000 trials — best sharpe: 1.75
  [ 37%] 375/1000 trials — best sharpe: 1.75
  [ 40%] 400/1000 trials — best sharpe: 1.84
  [ 42%] 425/1000 trials — best sharpe: 1.84
  [ 45%] 450/1000 trials — best sharpe: 1.84
  [ 47%] 475/1000 trials — best sharpe: 1.84
  [ 50%] 500/1000 trials — best sharpe: 1.84
  [ 52%] 525/1000 trials — best sharpe: 1.84
  [ 55%] 550/1000 trials — best sharpe: 1.84
  [ 57%] 575/1000 trials — best sharpe: 1.84
  [ 60%] 600/1000 trials — best sharpe: 1.84
  [ 62%] 625/1000 trials — best sharpe: 1.84
  [ 65%] 650/1000 trials — best sharpe: 1.84
  [ 67%] 675/1000 trials — best sharpe: 1.84
  [ 70%] 700/1000 trials — best sharpe: 1.84
  [ 72%] 725/1000 trials — best sharpe: 1.93
  [ 75%] 750/1000 trials — best sharpe: 1.93
  [ 77%] 775/1000 trials — best sharpe: 1.93
  [ 80%] 800/1000 trials — best sharpe: 1.93
  [ 82%] 825/1000 trials — best sharpe: 1.93
  [ 85%] 850/1000 trials — best sharpe: 1.93
  [ 87%] 875/1000 trials — best sharpe: 1.93
  [ 90%] 900/1000 trials — best sharpe: 1.93
  [ 92%] 925/1000 trials — best sharpe: 1.93
  [ 95%] 950/1000 trials — best sharpe: 1.93
  [ 97%] 975/1000 trials — best sharpe: 1.93
  [100%] 1000/1000 trials — best sharpe: 1.93
Optimization complete — best sharpe: 1.93
max_position_pct (0.66) is above 5x equal weight (0.09) — provides little concentration protection
  Max drawdown: 24.95% | Sharpe: 1.93 | Win rate: 52.14%
max_position_pct (0.66) is above 5x equal weight (0.09) — provides little concentration protection
Fold 2/13: test 2021-06-11 → 2021-09-09
max_position_pct (0.66) is above 5x equal weight (0.09) — provides little concentration protection
Fold 3/13: test 2021-09-10 → 2021-12-08
max_position_pct (0.66) is above 5x equal weight (0.09) — provides little concentration protection
Fold 4/13: test 2021-12-09 → 2022-03-10
max_position_pct (0.66) is above 5x equal weight (0.09) — provides little concentration protection
Fold 5/13: test 2022-03-11 → 2022-06-09
max_position_pct (0.66) is above 5x equal weight (0.09) — provides little concentration protection
Fold 6/13: test 2022-06-10 → 2022-09-09
max_position_pct (0.66) is above 5x equal weight (0.09) — provides little concentration protection
Fold 7/13: test 2022-09-12 → 2022-12-08
max_position_pct (0.66) is above 5x equal weight (0.09) — provides little concentration protection
Fold 8/13: test 2022-12-09 → 2023-03-13
max_position_pct (0.66) is above 5x equal weight (0.09) — provides little concentration protection
Fold 9/13: test 2023-03-14 → 2023-06-12
max_position_pct (0.66) is above 5x equal weight (0.09) — provides little concentration protection
Fold 10/13: test 2023-06-13 → 2023-09-12
max_position_pct (0.66) is above 5x equal weight (0.09) — provides little concentration protection
Fold 11/13: test 2023-09-13 → 2023-12-11
max_position_pct (0.66) is above 5x equal weight (0.09) — provides little concentration protection
Fold 12/13: test 2023-12-12 → 2024-03-13
max_position_pct (0.66) is above 5x equal weight (0.09) — provides little concentration protection
Fold 13/13: test 2024-03-14 → 2024-08-27
max_position_pct (0.66) is above 5x equal weight (0.09) — provides little concentration protection
cell 5/32 done in 4m (elapsed 21m; ~112m remaining at the mean cell pace — 
frozen cells run far faster than re-fit cells)
sweep: best on stonks, seed base 47 [cell 6/32]
Fold 1/13: test 2021-03-12 → 2021-06-10
restart 1/4 (as of 2021-03-12)
Optimizing 2 strategies over 2015-07-28 to 2021-03-11
  objective: sharpe | train window: 2015-07-28 → 2021-03-11
  1000 trials across 5 workers
  [  2%] 25/1000 trials — best sharpe: 1.76
  [  5%] 50/1000 trials — best sharpe: 1.76
  [  7%] 75/1000 trials — best sharpe: 1.83
  [ 10%] 100/1000 trials — best sharpe: 1.83
  [ 12%] 125/1000 trials — best sharpe: 1.83
  [ 15%] 150/1000 trials — best sharpe: 1.83
  [ 17%] 175/1000 trials — best sharpe: 1.83
  [ 20%] 200/1000 trials — best sharpe: 1.83
  [ 22%] 225/1000 trials — best sharpe: 1.83
  [ 25%] 250/1000 trials — best sharpe: 1.83
  [ 27%] 275/1000 trials — best sharpe: 1.83
  [ 30%] 300/1000 trials — best sharpe: 1.83
  [ 32%] 325/1000 trials — best sharpe: 1.83
  [ 35%] 350/1000 trials — best sharpe: 1.84
  [ 37%] 375/1000 trials — best sharpe: 1.84
  [ 40%] 400/1000 trials — best sharpe: 1.86
  [ 42%] 425/1000 trials — best sharpe: 1.86
  [ 45%] 450/1000 trials — best sharpe: 1.86
  [ 47%] 475/1000 trials — best sharpe: 1.86
  [ 50%] 500/1000 trials — best sharpe: 1.86
  [ 52%] 525/1000 trials — best sharpe: 1.86
  [ 55%] 550/1000 trials — best sharpe: 1.86
  [ 57%] 575/1000 trials — best sharpe: 1.86
  [ 60%] 600/1000 trials — best sharpe: 1.86
  [ 62%] 625/1000 trials — best sharpe: 1.86
  [ 65%] 650/1000 trials — best sharpe: 1.86
  [ 67%] 675/1000 trials — best sharpe: 1.86
  [ 70%] 700/1000 trials — best sharpe: 1.86
  [ 72%] 725/1000 trials — best sharpe: 1.86
  [ 75%] 750/1000 trials — best sharpe: 1.86
  [ 77%] 775/1000 trials — best sharpe: 1.86
  [ 80%] 800/1000 trials — best sharpe: 1.86
  [ 82%] 825/1000 trials — best sharpe: 1.86
  [ 85%] 850/1000 trials — best sharpe: 1.86
  [ 87%] 875/1000 trials — best sharpe: 1.86
  [ 90%] 900/1000 trials — best sharpe: 1.86
  [ 92%] 925/1000 trials — best sharpe: 1.86
  [ 95%] 950/1000 trials — best sharpe: 1.86
  [ 97%] 975/1000 trials — best sharpe: 1.86
  [100%] 1000/1000 trials — best sharpe: 1.86
Optimization complete — best sharpe: 1.86
max_position_pct (0.66) is above 5x equal weight (0.09) — provides little concentration protection
  Max drawdown: 26.28% | Sharpe: 1.86 | Win rate: 46.09%
restart 2/4 (as of 2021-03-12)
Optimizing 2 strategies over 2015-07-28 to 2021-03-11
  objective: sharpe | train window: 2015-07-28 → 2021-03-11
  1000 trials across 5 workers
  [  2%] 25/1000 trials — best sharpe: 1.49
  [  5%] 50/1000 trials — best sharpe: 1.76
  [  7%] 75/1000 trials — best sharpe: 1.76
  [ 10%] 100/1000 trials — best sharpe: 1.81
  [ 12%] 125/1000 trials — best sharpe: 1.81
  [ 15%] 150/1000 trials — best sharpe: 1.81
  [ 17%] 175/1000 trials — best sharpe: 1.81
  [ 20%] 200/1000 trials — best sharpe: 1.82
  [ 22%] 225/1000 trials — best sharpe: 1.82
  [ 25%] 250/1000 trials — best sharpe: 1.82
  [ 27%] 275/1000 trials — best sharpe: 1.82
  [ 30%] 300/1000 trials — best sharpe: 1.82
  [ 32%] 325/1000 trials — best sharpe: 1.82
  [ 35%] 350/1000 trials — best sharpe: 1.82
  [ 37%] 375/1000 trials — best sharpe: 1.82
  [ 40%] 400/1000 trials — best sharpe: 1.82
  [ 42%] 425/1000 trials — best sharpe: 1.82
  [ 45%] 450/1000 trials — best sharpe: 1.82
  [ 47%] 475/1000 trials — best sharpe: 1.82
  [ 50%] 500/1000 trials — best sharpe: 1.82
  [ 52%] 525/1000 trials — best sharpe: 1.82
  [ 55%] 550/1000 trials — best sharpe: 1.90
  [ 57%] 575/1000 trials — best sharpe: 1.90
  [ 60%] 600/1000 trials — best sharpe: 1.90
  [ 62%] 625/1000 trials — best sharpe: 1.90
  [ 65%] 650/1000 trials — best sharpe: 1.90
  [ 67%] 675/1000 trials — best sharpe: 1.90
  [ 70%] 700/1000 trials — best sharpe: 1.90
  [ 72%] 725/1000 trials — best sharpe: 1.90
  [ 75%] 750/1000 trials — best sharpe: 1.90
  [ 77%] 775/1000 trials — best sharpe: 1.90
  [ 80%] 800/1000 trials — best sharpe: 1.90
  [ 82%] 825/1000 trials — best sharpe: 1.90
  [ 85%] 850/1000 trials — best sharpe: 1.90
  [ 87%] 875/1000 trials — best sharpe: 1.90
  [ 90%] 900/1000 trials — best sharpe: 1.90
  [ 92%] 925/1000 trials — best sharpe: 1.90
  [ 95%] 950/1000 trials — best sharpe: 1.90
  [ 97%] 975/1000 trials — best sharpe: 1.90
  [100%] 1000/1000 trials — best sharpe: 1.90
Optimization complete — best sharpe: 1.90
max_position_pct (0.66) is above 5x equal weight (0.09) — provides little concentration protection
  Max drawdown: 26.98% | Sharpe: 1.90 | Win rate: 54.24%
restart 3/4 (as of 2021-03-12)
Optimizing 2 strategies over 2015-07-28 to 2021-03-11
  objective: sharpe | train window: 2015-07-28 → 2021-03-11
  1000 trials across 5 workers
  [  2%] 25/1000 trials — best sharpe: 1.75
  [  5%] 50/1000 trials — best sharpe: 1.78
  [  7%] 75/1000 trials — best sharpe: 1.78
  [ 10%] 100/1000 trials — best sharpe: 1.78
  [ 12%] 125/1000 trials — best sharpe: 1.78
  [ 15%] 150/1000 trials — best sharpe: 1.78
  [ 17%] 175/1000 trials — best sharpe: 1.78
  [ 20%] 200/1000 trials — best sharpe: 1.83
  [ 22%] 225/1000 trials — best sharpe: 1.83
  [ 25%] 250/1000 trials — best sharpe: 1.89
  [ 27%] 275/1000 trials — best sharpe: 1.89
  [ 30%] 300/1000 trials — best sharpe: 1.89
  [ 32%] 325/1000 trials — best sharpe: 1.89
  [ 35%] 350/1000 trials — best sharpe: 1.89
  [ 37%] 375/1000 trials — best sharpe: 1.89
  [ 40%] 400/1000 trials — best sharpe: 1.89
  [ 42%] 425/1000 trials — best sharpe: 1.89
  [ 45%] 450/1000 trials — best sharpe: 1.89
  [ 47%] 475/1000 trials — best sharpe: 1.89
  [ 50%] 500/1000 trials — best sharpe: 1.89
  [ 52%] 525/1000 trials — best sharpe: 1.89
  [ 55%] 550/1000 trials — best sharpe: 1.89
  [ 57%] 575/1000 trials — best sharpe: 1.89
  [ 60%] 600/1000 trials — best sharpe: 1.89
  [ 62%] 625/1000 trials — best sharpe: 1.89
  [ 65%] 650/1000 trials — best sharpe: 1.89
  [ 67%] 675/1000 trials — best sharpe: 1.89
  [ 70%] 700/1000 trials — best sharpe: 1.89
  [ 72%] 725/1000 trials — best sharpe: 1.89
  [ 75%] 750/1000 trials — best sharpe: 1.89
  [ 77%] 775/1000 trials — best sharpe: 1.89
  [ 80%] 800/1000 trials — best sharpe: 1.89
  [ 82%] 825/1000 trials — best sharpe: 1.89
  [ 85%] 850/1000 trials — best sharpe: 1.89
  [ 87%] 875/1000 trials — best sharpe: 1.89
  [ 90%] 900/1000 trials — best sharpe: 1.89
  [ 92%] 925/1000 trials — best sharpe: 1.89
  [ 95%] 950/1000 trials — best sharpe: 1.89
  [ 97%] 975/1000 trials — best sharpe: 1.89
  [100%] 1000/1000 trials — best sharpe: 1.89
Optimization complete — best sharpe: 1.89
max_position_pct (0.66) is above 5x equal weight (0.09) — provides little concentration protection
  Max drawdown: 28.24% | Sharpe: 1.89 | Win rate: 49.11%
restart 4/4 (as of 2021-03-12)
Optimizing 2 strategies over 2015-07-28 to 2021-03-11
  objective: sharpe | train window: 2015-07-28 → 2021-03-11
  1000 trials across 5 workers
  [  2%] 25/1000 trials — best sharpe: 1.53
  [  5%] 50/1000 trials — best sharpe: 1.57
  [  7%] 75/1000 trials — best sharpe: 1.62
  [ 10%] 100/1000 trials — best sharpe: 1.74
  [ 12%] 125/1000 trials — best sharpe: 1.80
  [ 15%] 150/1000 trials — best sharpe: 1.80
  [ 17%] 175/1000 trials — best sharpe: 1.80
  [ 20%] 200/1000 trials — best sharpe: 1.80
  [ 22%] 225/1000 trials — best sharpe: 1.80
  [ 25%] 250/1000 trials — best sharpe: 1.85
  [ 27%] 275/1000 trials — best sharpe: 1.85
  [ 30%] 300/1000 trials — best sharpe: 1.85
  [ 32%] 325/1000 trials — best sharpe: 1.85
  [ 35%] 350/1000 trials — best sharpe: 1.85
  [ 37%] 375/1000 trials — best sharpe: 1.85
  [ 40%] 400/1000 trials — best sharpe: 1.85
  [ 42%] 425/1000 trials — best sharpe: 1.85
  [ 45%] 450/1000 trials — best sharpe: 1.85
  [ 47%] 475/1000 trials — best sharpe: 1.85
  [ 50%] 500/1000 trials — best sharpe: 1.85
  [ 52%] 525/1000 trials — best sharpe: 1.85
  [ 55%] 550/1000 trials — best sharpe: 1.85
  [ 57%] 575/1000 trials — best sharpe: 1.85
  [ 60%] 600/1000 trials — best sharpe: 1.85
  [ 62%] 625/1000 trials — best sharpe: 1.85
  [ 65%] 650/1000 trials — best sharpe: 1.85
  [ 67%] 675/1000 trials — best sharpe: 1.85
  [ 70%] 700/1000 trials — best sharpe: 1.85
  [ 72%] 725/1000 trials — best sharpe: 1.85
  [ 75%] 750/1000 trials — best sharpe: 1.85
  [ 77%] 775/1000 trials — best sharpe: 1.85
  [ 80%] 800/1000 trials — best sharpe: 1.87
  [ 82%] 825/1000 trials — best sharpe: 1.88
  [ 85%] 850/1000 trials — best sharpe: 1.88
  [ 87%] 875/1000 trials — best sharpe: 1.88
  [ 90%] 900/1000 trials — best sharpe: 1.88
  [ 92%] 925/1000 trials — best sharpe: 1.88
  [ 95%] 950/1000 trials — best sharpe: 1.88
  [ 97%] 975/1000 trials — best sharpe: 1.88
  [100%] 1000/1000 trials — best sharpe: 1.88
Optimization complete — best sharpe: 1.88
max_position_pct (0.66) is above 5x equal weight (0.09) — provides little concentration protection
  Max drawdown: 23.73% | Sharpe: 1.88 | Win rate: 54.33%
max_position_pct (0.66) is above 5x equal weight (0.09) — provides little concentration protection
Fold 2/13: test 2021-06-11 → 2021-09-09
max_position_pct (0.66) is above 5x equal weight (0.09) — provides little concentration protection
Fold 3/13: test 2021-09-10 → 2021-12-08
max_position_pct (0.66) is above 5x equal weight (0.09) — provides little concentration protection
Fold 4/13: test 2021-12-09 → 2022-03-10
max_position_pct (0.66) is above 5x equal weight (0.09) — provides little concentration protection
Fold 5/13: test 2022-03-11 → 2022-06-09
max_position_pct (0.66) is above 5x equal weight (0.09) — provides little concentration protection
Fold 6/13: test 2022-06-10 → 2022-09-09
max_position_pct (0.66) is above 5x equal weight (0.09) — provides little concentration protection
Fold 7/13: test 2022-09-12 → 2022-12-08
max_position_pct (0.66) is above 5x equal weight (0.09) — provides little concentration protection
Fold 8/13: test 2022-12-09 → 2023-03-13
max_position_pct (0.66) is above 5x equal weight (0.09) — provides little concentration protection
Fold 9/13: test 2023-03-14 → 2023-06-12
max_position_pct (0.66) is above 5x equal weight (0.09) — provides little concentration protection
Fold 10/13: test 2023-06-13 → 2023-09-12
max_position_pct (0.66) is above 5x equal weight (0.09) — provides little concentration protection
Fold 11/13: test 2023-09-13 → 2023-12-11
max_position_pct (0.66) is above 5x equal weight (0.09) — provides little concentration protection
Fold 12/13: test 2023-12-12 → 2024-03-13
max_position_pct (0.66) is above 5x equal weight (0.09) — provides little concentration protection
Fold 13/13: test 2024-03-14 → 2024-08-27
max_position_pct (0.66) is above 5x equal weight (0.09) — provides little concentration protection
cell 6/32 done in 4m (elapsed 25m; ~109m remaining at the mean cell pace — 
frozen cells run far faster than re-fit cells)
sweep: best on stonks, seed base 48 [cell 7/32]
Fold 1/13: test 2021-03-12 → 2021-06-10
restart 1/4 (as of 2021-03-12)
Optimizing 2 strategies over 2015-07-28 to 2021-03-11
  objective: sharpe | train window: 2015-07-28 → 2021-03-11
  1000 trials across 5 workers
  [  2%] 25/1000 trials — best sharpe: 1.50
  [  5%] 50/1000 trials — best sharpe: 1.62
  [  7%] 75/1000 trials — best sharpe: 1.74
  [ 10%] 100/1000 trials — best sharpe: 1.74
  [ 12%] 125/1000 trials — best sharpe: 1.74
  [ 15%] 150/1000 trials — best sharpe: 1.74
  [ 17%] 175/1000 trials — best sharpe: 1.74
  [ 20%] 200/1000 trials — best sharpe: 1.74
  [ 22%] 225/1000 trials — best sharpe: 1.74
  [ 25%] 250/1000 trials — best sharpe: 1.80
  [ 27%] 275/1000 trials — best sharpe: 1.80
  [ 30%] 300/1000 trials — best sharpe: 1.83
  [ 32%] 325/1000 trials — best sharpe: 1.83
  [ 35%] 350/1000 trials — best sharpe: 1.83
  [ 37%] 375/1000 trials — best sharpe: 1.84
  [ 40%] 400/1000 trials — best sharpe: 1.84
  [ 42%] 425/1000 trials — best sharpe: 1.84
  [ 45%] 450/1000 trials — best sharpe: 1.84
  [ 47%] 475/1000 trials — best sharpe: 1.84
  [ 50%] 500/1000 trials — best sharpe: 1.97
  [ 52%] 525/1000 trials — best sharpe: 1.97
  [ 55%] 550/1000 trials — best sharpe: 1.97
  [ 57%] 575/1000 trials — best sharpe: 1.97
  [ 60%] 600/1000 trials — best sharpe: 1.97
  [ 62%] 625/1000 trials — best sharpe: 1.97
  [ 65%] 650/1000 trials — best sharpe: 1.97
  [ 67%] 675/1000 trials — best sharpe: 1.97
  [ 70%] 700/1000 trials — best sharpe: 1.97
  [ 72%] 725/1000 trials — best sharpe: 1.97
  [ 75%] 750/1000 trials — best sharpe: 1.97
  [ 77%] 775/1000 trials — best sharpe: 1.97
  [ 80%] 800/1000 trials — best sharpe: 1.97
  [ 82%] 825/1000 trials — best sharpe: 1.97
  [ 85%] 850/1000 trials — best sharpe: 1.97
  [ 87%] 875/1000 trials — best sharpe: 1.97
  [ 90%] 900/1000 trials — best sharpe: 1.97
  [ 92%] 925/1000 trials — best sharpe: 1.97
  [ 95%] 950/1000 trials — best sharpe: 1.97
  [ 97%] 975/1000 trials — best sharpe: 1.97
  [100%] 1000/1000 trials — best sharpe: 1.97
Optimization complete — best sharpe: 1.97
max_position_pct (0.66) is above 5x equal weight (0.09) — provides little concentration protection
  Max drawdown: 24.57% | Sharpe: 1.97 | Win rate: 51.56%
restart 2/4 (as of 2021-03-12)
Optimizing 2 strategies over 2015-07-28 to 2021-03-11
  objective: sharpe | train window: 2015-07-28 → 2021-03-11
  1000 trials across 5 workers
  [  2%] 25/1000 trials — best sharpe: 1.67
  [  5%] 50/1000 trials — best sharpe: 1.67
  [  7%] 75/1000 trials — best sharpe: 1.67
  [ 10%] 100/1000 trials — best sharpe: 1.75
  [ 12%] 125/1000 trials — best sharpe: 1.75
  [ 15%] 150/1000 trials — best sharpe: 1.75
  [ 17%] 175/1000 trials — best sharpe: 1.75
  [ 20%] 200/1000 trials — best sharpe: 1.75
  [ 22%] 225/1000 trials — best sharpe: 1.75
  [ 25%] 250/1000 trials — best sharpe: 1.75
  [ 27%] 275/1000 trials — best sharpe: 1.77
  [ 30%] 300/1000 trials — best sharpe: 1.77
  [ 32%] 325/1000 trials — best sharpe: 1.77
  [ 35%] 350/1000 trials — best sharpe: 1.77
  [ 37%] 375/1000 trials — best sharpe: 1.77
  [ 40%] 400/1000 trials — best sharpe: 1.77
  [ 42%] 425/1000 trials — best sharpe: 1.77
  [ 45%] 450/1000 trials — best sharpe: 1.77
  [ 47%] 475/1000 trials — best sharpe: 1.77
  [ 50%] 500/1000 trials — best sharpe: 1.80
  [ 52%] 525/1000 trials — best sharpe: 1.80
  [ 55%] 550/1000 trials — best sharpe: 1.80
  [ 57%] 575/1000 trials — best sharpe: 1.80
  [ 60%] 600/1000 trials — best sharpe: 1.80
  [ 62%] 625/1000 trials — best sharpe: 1.80
  [ 65%] 650/1000 trials — best sharpe: 1.80
  [ 67%] 675/1000 trials — best sharpe: 1.80
  [ 70%] 700/1000 trials — best sharpe: 1.80
  [ 72%] 725/1000 trials — best sharpe: 1.80
  [ 75%] 750/1000 trials — best sharpe: 1.80
  [ 77%] 775/1000 trials — best sharpe: 1.80
  [ 80%] 800/1000 trials — best sharpe: 1.80
  [ 82%] 825/1000 trials — best sharpe: 1.80
  [ 85%] 850/1000 trials — best sharpe: 1.80
  [ 87%] 875/1000 trials — best sharpe: 1.80
  [ 90%] 900/1000 trials — best sharpe: 1.80
  [ 92%] 925/1000 trials — best sharpe: 1.80
  [ 95%] 950/1000 trials — best sharpe: 1.80
  [ 97%] 975/1000 trials — best sharpe: 1.80
  [100%] 1000/1000 trials — best sharpe: 1.80
Optimization complete — best sharpe: 1.80
max_position_pct (0.66) is above 5x equal weight (0.09) — provides little concentration protection
  Max drawdown: 27.10% | Sharpe: 1.80 | Win rate: 46.49%
restart 3/4 (as of 2021-03-12)
Optimizing 2 strategies over 2015-07-28 to 2021-03-11
  objective: sharpe | train window: 2015-07-28 → 2021-03-11
  1000 trials across 5 workers
  [  2%] 25/1000 trials — best sharpe: 1.56
  [  5%] 50/1000 trials — best sharpe: 1.56
  [  7%] 75/1000 trials — best sharpe: 1.78
  [ 10%] 100/1000 trials — best sharpe: 1.78
  [ 12%] 125/1000 trials — best sharpe: 1.82
  [ 15%] 150/1000 trials — best sharpe: 2.03
  [ 17%] 175/1000 trials — best sharpe: 2.03
  [ 20%] 200/1000 trials — best sharpe: 2.03
  [ 22%] 225/1000 trials — best sharpe: 2.03
  [ 25%] 250/1000 trials — best sharpe: 2.03
  [ 27%] 275/1000 trials — best sharpe: 2.03
  [ 30%] 300/1000 trials — best sharpe: 2.03
  [ 32%] 325/1000 trials — best sharpe: 2.03
  [ 35%] 350/1000 trials — best sharpe: 2.03
  [ 37%] 375/1000 trials — best sharpe: 2.03
  [ 40%] 400/1000 trials — best sharpe: 2.03
  [ 42%] 425/1000 trials — best sharpe: 2.03
  [ 45%] 450/1000 trials — best sharpe: 2.03
  [ 47%] 475/1000 trials — best sharpe: 2.03
  [ 50%] 500/1000 trials — best sharpe: 2.03
  [ 52%] 525/1000 trials — best sharpe: 2.03
  [ 55%] 550/1000 trials — best sharpe: 2.03
  [ 57%] 575/1000 trials — best sharpe: 2.03
  [ 60%] 600/1000 trials — best sharpe: 2.03
  [ 62%] 625/1000 trials — best sharpe: 2.03
  [ 65%] 650/1000 trials — best sharpe: 2.03
  [ 67%] 675/1000 trials — best sharpe: 2.03
  [ 70%] 700/1000 trials — best sharpe: 2.03
  [ 72%] 725/1000 trials — best sharpe: 2.03
  [ 75%] 750/1000 trials — best sharpe: 2.03
  [ 77%] 775/1000 trials — best sharpe: 2.03
  [ 80%] 800/1000 trials — best sharpe: 2.03
  [ 82%] 825/1000 trials — best sharpe: 2.03
  [ 85%] 850/1000 trials — best sharpe: 2.03
  [ 87%] 875/1000 trials — best sharpe: 2.03
  [ 90%] 900/1000 trials — best sharpe: 2.03
  [ 92%] 925/1000 trials — best sharpe: 2.03
  [ 95%] 950/1000 trials — best sharpe: 2.03
  [ 97%] 975/1000 trials — best sharpe: 2.03
  [100%] 1000/1000 trials — best sharpe: 2.03
Optimization complete — best sharpe: 2.03
max_position_pct (0.66) is above 5x equal weight (0.09) — provides little concentration protection
  Max drawdown: 19.80% | Sharpe: 2.03 | Win rate: 51.20%
restart 4/4 (as of 2021-03-12)
Optimizing 2 strategies over 2015-07-28 to 2021-03-11
  objective: sharpe | train window: 2015-07-28 → 2021-03-11
  1000 trials across 5 workers
  [  2%] 25/1000 trials — best sharpe: 1.55
  [  5%] 50/1000 trials — best sharpe: 1.68
  [  7%] 75/1000 trials — best sharpe: 1.77
  [ 10%] 100/1000 trials — best sharpe: 1.77
  [ 12%] 125/1000 trials — best sharpe: 1.77
  [ 15%] 150/1000 trials — best sharpe: 1.77
  [ 17%] 175/1000 trials — best sharpe: 1.77
  [ 20%] 200/1000 trials — best sharpe: 1.77
  [ 22%] 225/1000 trials — best sharpe: 1.77
  [ 25%] 250/1000 trials — best sharpe: 1.81
  [ 27%] 275/1000 trials — best sharpe: 1.84
  [ 30%] 300/1000 trials — best sharpe: 1.84
  [ 32%] 325/1000 trials — best sharpe: 1.84
  [ 35%] 350/1000 trials — best sharpe: 1.85
  [ 37%] 375/1000 trials — best sharpe: 1.85
  [ 40%] 400/1000 trials — best sharpe: 1.85
  [ 42%] 425/1000 trials — best sharpe: 1.85
  [ 45%] 450/1000 trials — best sharpe: 1.85
  [ 47%] 475/1000 trials — best sharpe: 1.85
  [ 50%] 500/1000 trials — best sharpe: 1.88
  [ 52%] 525/1000 trials — best sharpe: 1.88
  [ 55%] 550/1000 trials — best sharpe: 1.88
  [ 57%] 575/1000 trials — best sharpe: 1.88
  [ 60%] 600/1000 trials — best sharpe: 1.88
  [ 62%] 625/1000 trials — best sharpe: 1.88
  [ 65%] 650/1000 trials — best sharpe: 1.88
  [ 67%] 675/1000 trials — best sharpe: 1.88
  [ 70%] 700/1000 trials — best sharpe: 1.88
  [ 72%] 725/1000 trials — best sharpe: 1.88
  [ 75%] 750/1000 trials — best sharpe: 1.88
  [ 77%] 775/1000 trials — best sharpe: 1.88
  [ 80%] 800/1000 trials — best sharpe: 1.88
  [ 82%] 825/1000 trials — best sharpe: 1.88
  [ 85%] 850/1000 trials — best sharpe: 1.88
  [ 87%] 875/1000 trials — best sharpe: 1.88
  [ 90%] 900/1000 trials — best sharpe: 1.88
  [ 92%] 925/1000 trials — best sharpe: 1.88
  [ 95%] 950/1000 trials — best sharpe: 1.88
  [ 97%] 975/1000 trials — best sharpe: 1.88
  [100%] 1000/1000 trials — best sharpe: 1.88
Optimization complete — best sharpe: 1.88
max_position_pct (0.66) is above 5x equal weight (0.09) — provides little concentration protection
  Max drawdown: 27.77% | Sharpe: 1.88 | Win rate: 43.48%
max_position_pct (0.66) is above 5x equal weight (0.09) — provides little concentration protection
Fold 2/13: test 2021-06-11 → 2021-09-09
max_position_pct (0.66) is above 5x equal weight (0.09) — provides little concentration protection
Fold 3/13: test 2021-09-10 → 2021-12-08
max_position_pct (0.66) is above 5x equal weight (0.09) — provides little concentration protection
Fold 4/13: test 2021-12-09 → 2022-03-10
max_position_pct (0.66) is above 5x equal weight (0.09) — provides little concentration protection
Fold 5/13: test 2022-03-11 → 2022-06-09
max_position_pct (0.66) is above 5x equal weight (0.09) — provides little concentration protection
Fold 6/13: test 2022-06-10 → 2022-09-09
max_position_pct (0.66) is above 5x equal weight (0.09) — provides little concentration protection
Fold 7/13: test 2022-09-12 → 2022-12-08
max_position_pct (0.66) is above 5x equal weight (0.09) — provides little concentration protection
Fold 8/13: test 2022-12-09 → 2023-03-13
max_position_pct (0.66) is above 5x equal weight (0.09) — provides little concentration protection
Fold 9/13: test 2023-03-14 → 2023-06-12
max_position_pct (0.66) is above 5x equal weight (0.09) — provides little concentration protection
Fold 10/13: test 2023-06-13 → 2023-09-12
max_position_pct (0.66) is above 5x equal weight (0.09) — provides little concentration protection
Fold 11/13: test 2023-09-13 → 2023-12-11
max_position_pct (0.66) is above 5x equal weight (0.09) — provides little concentration protection
Fold 12/13: test 2023-12-12 → 2024-03-13
max_position_pct (0.66) is above 5x equal weight (0.09) — provides little concentration protection
Fold 13/13: test 2024-03-14 → 2024-08-27
max_position_pct (0.66) is above 5x equal weight (0.09) — provides little concentration protection
cell 7/32 done in 4m (elapsed 29m; ~105m remaining at the mean cell pace — 
frozen cells run far faster than re-fit cells)
sweep: best on stonks, seed base 49 [cell 8/32]
Fold 1/13: test 2021-03-12 → 2021-06-10
restart 1/4 (as of 2021-03-12)
Optimizing 2 strategies over 2015-07-28 to 2021-03-11
  objective: sharpe | train window: 2015-07-28 → 2021-03-11
  1000 trials across 5 workers
  [  2%] 25/1000 trials — best sharpe: 1.45
  [  5%] 50/1000 trials — best sharpe: 1.64
  [  7%] 75/1000 trials — best sharpe: 1.76
  [ 10%] 100/1000 trials — best sharpe: 1.76
  [ 12%] 125/1000 trials — best sharpe: 1.76
  [ 15%] 150/1000 trials — best sharpe: 1.76
  [ 17%] 175/1000 trials — best sharpe: 1.76
  [ 20%] 200/1000 trials — best sharpe: 1.76
  [ 22%] 225/1000 trials — best sharpe: 1.76
  [ 25%] 250/1000 trials — best sharpe: 1.76
  [ 27%] 275/1000 trials — best sharpe: 1.76
  [ 30%] 300/1000 trials — best sharpe: 1.76
  [ 32%] 325/1000 trials — best sharpe: 1.76
  [ 35%] 350/1000 trials — best sharpe: 1.76
  [ 37%] 375/1000 trials — best sharpe: 1.76
  [ 40%] 400/1000 trials — best sharpe: 1.76
  [ 42%] 425/1000 trials — best sharpe: 1.78
  [ 45%] 450/1000 trials — best sharpe: 1.78
  [ 47%] 475/1000 trials — best sharpe: 1.78
  [ 50%] 500/1000 trials — best sharpe: 1.78
  [ 52%] 525/1000 trials — best sharpe: 1.83
  [ 55%] 550/1000 trials — best sharpe: 1.83
  [ 57%] 575/1000 trials — best sharpe: 1.83
  [ 60%] 600/1000 trials — best sharpe: 1.83
  [ 62%] 625/1000 trials — best sharpe: 1.83
  [ 65%] 650/1000 trials — best sharpe: 1.83
  [ 67%] 675/1000 trials — best sharpe: 1.83
  [ 70%] 700/1000 trials — best sharpe: 1.83
  [ 72%] 725/1000 trials — best sharpe: 1.83
  [ 75%] 750/1000 trials — best sharpe: 1.83
  [ 77%] 775/1000 trials — best sharpe: 1.83
  [ 80%] 800/1000 trials — best sharpe: 1.83
  [ 82%] 825/1000 trials — best sharpe: 1.83
  [ 85%] 850/1000 trials — best sharpe: 1.83
  [ 87%] 875/1000 trials — best sharpe: 1.83
  [ 90%] 900/1000 trials — best sharpe: 1.83
  [ 92%] 925/1000 trials — best sharpe: 1.83
  [ 95%] 950/1000 trials — best sharpe: 1.83
  [ 97%] 975/1000 trials — best sharpe: 1.83
  [100%] 1000/1000 trials — best sharpe: 1.83
Optimization complete — best sharpe: 1.83
max_position_pct (0.66) is above 5x equal weight (0.09) — provides little concentration protection
  Max drawdown: 18.66% | Sharpe: 1.83 | Win rate: 51.30%
restart 2/4 (as of 2021-03-12)
Optimizing 2 strategies over 2015-07-28 to 2021-03-11
  objective: sharpe | train window: 2015-07-28 → 2021-03-11
  1000 trials across 5 workers
  [  2%] 25/1000 trials — best sharpe: 1.61
  [  5%] 50/1000 trials — best sharpe: 1.61
  [  7%] 75/1000 trials — best sharpe: 1.61
  [ 10%] 100/1000 trials — best sharpe: 1.65
  [ 12%] 125/1000 trials — best sharpe: 1.65
  [ 15%] 150/1000 trials — best sharpe: 1.67
  [ 17%] 175/1000 trials — best sharpe: 1.67
  [ 20%] 200/1000 trials — best sharpe: 1.73
  [ 22%] 225/1000 trials — best sharpe: 1.73
  [ 25%] 250/1000 trials — best sharpe: 1.80
  [ 27%] 275/1000 trials — best sharpe: 1.80
  [ 30%] 300/1000 trials — best sharpe: 1.80
  [ 32%] 325/1000 trials — best sharpe: 1.80
  [ 35%] 350/1000 trials — best sharpe: 1.80
  [ 37%] 375/1000 trials — best sharpe: 1.80
  [ 40%] 400/1000 trials — best sharpe: 1.80
  [ 42%] 425/1000 trials — best sharpe: 1.80
  [ 45%] 450/1000 trials — best sharpe: 1.80
  [ 47%] 475/1000 trials — best sharpe: 1.80
  [ 50%] 500/1000 trials — best sharpe: 1.80
  [ 52%] 525/1000 trials — best sharpe: 1.80
  [ 55%] 550/1000 trials — best sharpe: 1.80
  [ 57%] 575/1000 trials — best sharpe: 1.80
  [ 60%] 600/1000 trials — best sharpe: 1.80
  [ 62%] 625/1000 trials — best sharpe: 1.80
  [ 65%] 650/1000 trials — best sharpe: 1.80
  [ 67%] 675/1000 trials — best sharpe: 1.80
  [ 70%] 700/1000 trials — best sharpe: 1.80
  [ 72%] 725/1000 trials — best sharpe: 1.80
  [ 75%] 750/1000 trials — best sharpe: 1.80
  [ 77%] 775/1000 trials — best sharpe: 1.80
  [ 80%] 800/1000 trials — best sharpe: 1.80
  [ 82%] 825/1000 trials — best sharpe: 1.80
  [ 85%] 850/1000 trials — best sharpe: 1.80
  [ 87%] 875/1000 trials — best sharpe: 1.80
  [ 90%] 900/1000 trials — best sharpe: 1.80
  [ 92%] 925/1000 trials — best sharpe: 1.80
  [ 95%] 950/1000 trials — best sharpe: 1.80
  [ 97%] 975/1000 trials — best sharpe: 1.80
  [100%] 1000/1000 trials — best sharpe: 1.80
Optimization complete — best sharpe: 1.80
max_position_pct (0.66) is above 5x equal weight (0.09) — provides little concentration protection
  Max drawdown: 24.73% | Sharpe: 1.80 | Win rate: 50.00%
restart 3/4 (as of 2021-03-12)
Optimizing 2 strategies over 2015-07-28 to 2021-03-11
  objective: sharpe | train window: 2015-07-28 → 2021-03-11
  1000 trials across 5 workers
  [  2%] 25/1000 trials — best sharpe: 1.46
  [  5%] 50/1000 trials — best sharpe: 1.57
  [  7%] 75/1000 trials — best sharpe: 1.59
  [ 10%] 100/1000 trials — best sharpe: 1.59
  [ 12%] 125/1000 trials — best sharpe: 1.61
  [ 15%] 150/1000 trials — best sharpe: 1.75
  [ 17%] 175/1000 trials — best sharpe: 1.75
  [ 20%] 200/1000 trials — best sharpe: 1.75
  [ 22%] 225/1000 trials — best sharpe: 1.75
  [ 25%] 250/1000 trials — best sharpe: 1.75
  [ 27%] 275/1000 trials — best sharpe: 1.75
  [ 30%] 300/1000 trials — best sharpe: 1.75
  [ 32%] 325/1000 trials — best sharpe: 1.75
  [ 35%] 350/1000 trials — best sharpe: 1.75
  [ 37%] 375/1000 trials — best sharpe: 1.75
  [ 40%] 400/1000 trials — best sharpe: 1.75
  [ 42%] 425/1000 trials — best sharpe: 1.75
  [ 45%] 450/1000 trials — best sharpe: 1.80
  [ 47%] 475/1000 trials — best sharpe: 1.80
  [ 50%] 500/1000 trials — best sharpe: 1.80
  [ 52%] 525/1000 trials — best sharpe: 1.80
  [ 55%] 550/1000 trials — best sharpe: 1.80
  [ 57%] 575/1000 trials — best sharpe: 1.80
  [ 60%] 600/1000 trials — best sharpe: 1.80
  [ 62%] 625/1000 trials — best sharpe: 1.80
  [ 65%] 650/1000 trials — best sharpe: 1.80
  [ 67%] 675/1000 trials — best sharpe: 1.80
  [ 70%] 700/1000 trials — best sharpe: 1.80
  [ 72%] 725/1000 trials — best sharpe: 1.80
  [ 75%] 750/1000 trials — best sharpe: 1.80
  [ 77%] 775/1000 trials — best sharpe: 1.80
  [ 80%] 800/1000 trials — best sharpe: 1.80
  [ 82%] 825/1000 trials — best sharpe: 1.80
  [ 85%] 850/1000 trials — best sharpe: 1.80
  [ 87%] 875/1000 trials — best sharpe: 1.80
  [ 90%] 900/1000 trials — best sharpe: 1.80
  [ 92%] 925/1000 trials — best sharpe: 1.80
  [ 95%] 950/1000 trials — best sharpe: 1.80
  [ 97%] 975/1000 trials — best sharpe: 1.80
  [100%] 1000/1000 trials — best sharpe: 1.82
Optimization complete — best sharpe: 1.82
max_position_pct (0.66) is above 5x equal weight (0.09) — provides little concentration protection
  Max drawdown: 21.62% | Sharpe: 1.82 | Win rate: 57.98%
restart 4/4 (as of 2021-03-12)
Optimizing 2 strategies over 2015-07-28 to 2021-03-11
  objective: sharpe | train window: 2015-07-28 → 2021-03-11
  1000 trials across 5 workers
  [  2%] 25/1000 trials — best sharpe: 1.44
  [  5%] 50/1000 trials — best sharpe: 1.54
  [  7%] 75/1000 trials — best sharpe: 1.59
  [ 10%] 100/1000 trials — best sharpe: 1.60
  [ 12%] 125/1000 trials — best sharpe: 1.60
  [ 15%] 150/1000 trials — best sharpe: 1.67
  [ 17%] 175/1000 trials — best sharpe: 1.67
  [ 20%] 200/1000 trials — best sharpe: 1.67
  [ 22%] 225/1000 trials — best sharpe: 1.67
  [ 25%] 250/1000 trials — best sharpe: 1.67
  [ 27%] 275/1000 trials — best sharpe: 1.67
  [ 30%] 300/1000 trials — best sharpe: 1.67
  [ 32%] 325/1000 trials — best sharpe: 1.83
  [ 35%] 350/1000 trials — best sharpe: 1.85
  [ 37%] 375/1000 trials — best sharpe: 1.85
  [ 40%] 400/1000 trials — best sharpe: 1.85
  [ 42%] 425/1000 trials — best sharpe: 1.85
  [ 45%] 450/1000 trials — best sharpe: 1.85
  [ 47%] 475/1000 trials — best sharpe: 1.86
  [ 50%] 500/1000 trials — best sharpe: 1.86
  [ 52%] 525/1000 trials — best sharpe: 1.86
  [ 55%] 550/1000 trials — best sharpe: 1.86
  [ 57%] 575/1000 trials — best sharpe: 1.86
  [ 60%] 600/1000 trials — best sharpe: 1.89
  [ 62%] 625/1000 trials — best sharpe: 1.89
  [ 65%] 650/1000 trials — best sharpe: 1.89
  [ 67%] 675/1000 trials — best sharpe: 1.89
  [ 70%] 700/1000 trials — best sharpe: 1.89
  [ 72%] 725/1000 trials — best sharpe: 1.89
  [ 75%] 750/1000 trials — best sharpe: 1.89
  [ 77%] 775/1000 trials — best sharpe: 1.89
  [ 80%] 800/1000 trials — best sharpe: 1.89
  [ 82%] 825/1000 trials — best sharpe: 1.89
  [ 85%] 850/1000 trials — best sharpe: 1.89
  [ 87%] 875/1000 trials — best sharpe: 1.89
  [ 90%] 900/1000 trials — best sharpe: 1.89
  [ 92%] 925/1000 trials — best sharpe: 1.89
  [ 95%] 950/1000 trials — best sharpe: 1.89
  [ 97%] 975/1000 trials — best sharpe: 1.89
  [100%] 1000/1000 trials — best sharpe: 1.89
Optimization complete — best sharpe: 1.89
max_position_pct (0.66) is above 5x equal weight (0.09) — provides little concentration protection
  Max drawdown: 23.63% | Sharpe: 1.89 | Win rate: 51.24%
max_position_pct (0.66) is above 5x equal weight (0.09) — provides little concentration protection
Fold 2/13: test 2021-06-11 → 2021-09-09
max_position_pct (0.66) is above 5x equal weight (0.09) — provides little concentration protection
Fold 3/13: test 2021-09-10 → 2021-12-08
max_position_pct (0.66) is above 5x equal weight (0.09) — provides little concentration protection
Fold 4/13: test 2021-12-09 → 2022-03-10
max_position_pct (0.66) is above 5x equal weight (0.09) — provides little concentration protection
Fold 5/13: test 2022-03-11 → 2022-06-09
max_position_pct (0.66) is above 5x equal weight (0.09) — provides little concentration protection
Fold 6/13: test 2022-06-10 → 2022-09-09
max_position_pct (0.66) is above 5x equal weight (0.09) — provides little concentration protection
Fold 7/13: test 2022-09-12 → 2022-12-08
max_position_pct (0.66) is above 5x equal weight (0.09) — provides little concentration protection
Fold 8/13: test 2022-12-09 → 2023-03-13
max_position_pct (0.66) is above 5x equal weight (0.09) — provides little concentration protection
Fold 9/13: test 2023-03-14 → 2023-06-12
max_position_pct (0.66) is above 5x equal weight (0.09) — provides little concentration protection
Fold 10/13: test 2023-06-13 → 2023-09-12
max_position_pct (0.66) is above 5x equal weight (0.09) — provides little concentration protection
Fold 11/13: test 2023-09-13 → 2023-12-11
max_position_pct (0.66) is above 5x equal weight (0.09) — provides little concentration protection
Fold 12/13: test 2023-12-12 → 2024-03-13
max_position_pct (0.66) is above 5x equal weight (0.09) — provides little concentration protection
Fold 13/13: test 2024-03-14 → 2024-08-27
max_position_pct (0.66) is above 5x equal weight (0.09) — provides little concentration protection
cell 8/32 done in 4m (elapsed 34m; ~101m remaining at the mean cell pace — 
frozen cells run far faster than re-fit cells)
sweep: best on stonks, seed base 50 [cell 9/32]
Fold 1/13: test 2021-03-12 → 2021-06-10
restart 1/4 (as of 2021-03-12)
Optimizing 2 strategies over 2015-07-28 to 2021-03-11
  objective: sharpe | train window: 2015-07-28 → 2021-03-11
  1000 trials across 5 workers
  [  2%] 25/1000 trials — best sharpe: 1.71
  [  5%] 50/1000 trials — best sharpe: 1.71
  [  7%] 75/1000 trials — best sharpe: 1.71
  [ 10%] 100/1000 trials — best sharpe: 1.71
  [ 12%] 125/1000 trials — best sharpe: 1.71
  [ 15%] 150/1000 trials — best sharpe: 1.71
  [ 17%] 175/1000 trials — best sharpe: 1.71
  [ 20%] 200/1000 trials — best sharpe: 1.71
  [ 22%] 225/1000 trials — best sharpe: 1.71
  [ 25%] 250/1000 trials — best sharpe: 1.71
  [ 27%] 275/1000 trials — best sharpe: 1.71
  [ 30%] 300/1000 trials — best sharpe: 1.78
  [ 32%] 325/1000 trials — best sharpe: 1.78
  [ 35%] 350/1000 trials — best sharpe: 1.78
  [ 37%] 375/1000 trials — best sharpe: 1.78
  [ 40%] 400/1000 trials — best sharpe: 1.78
  [ 42%] 425/1000 trials — best sharpe: 1.78
  [ 45%] 450/1000 trials — best sharpe: 1.80
  [ 47%] 475/1000 trials — best sharpe: 1.80
  [ 50%] 500/1000 trials — best sharpe: 1.80
  [ 52%] 525/1000 trials — best sharpe: 1.80
  [ 55%] 550/1000 trials — best sharpe: 1.80
  [ 57%] 575/1000 trials — best sharpe: 1.80
  [ 60%] 600/1000 trials — best sharpe: 1.80
  [ 62%] 625/1000 trials — best sharpe: 1.80
  [ 65%] 650/1000 trials — best sharpe: 1.80
  [ 67%] 675/1000 trials — best sharpe: 1.81
  [ 70%] 700/1000 trials — best sharpe: 1.81
  [ 72%] 725/1000 trials — best sharpe: 1.81
  [ 75%] 750/1000 trials — best sharpe: 1.88
  [ 77%] 775/1000 trials — best sharpe: 1.88
  [ 80%] 800/1000 trials — best sharpe: 1.88
  [ 82%] 825/1000 trials — best sharpe: 1.88
  [ 85%] 850/1000 trials — best sharpe: 1.88
  [ 87%] 875/1000 trials — best sharpe: 1.88
  [ 90%] 900/1000 trials — best sharpe: 1.88
  [ 92%] 925/1000 trials — best sharpe: 1.88
  [ 95%] 950/1000 trials — best sharpe: 1.88
  [ 97%] 975/1000 trials — best sharpe: 1.88
  [100%] 1000/1000 trials — best sharpe: 1.88
Optimization complete — best sharpe: 1.88
max_position_pct (0.66) is above 5x equal weight (0.09) — provides little concentration protection
  Max drawdown: 24.42% | Sharpe: 1.88 | Win rate: 47.37%
restart 2/4 (as of 2021-03-12)
Optimizing 2 strategies over 2015-07-28 to 2021-03-11
  objective: sharpe | train window: 2015-07-28 → 2021-03-11
  1000 trials across 5 workers
  [  2%] 25/1000 trials — best sharpe: 1.58
  [  5%] 50/1000 trials — best sharpe: 1.63
  [  7%] 75/1000 trials — best sharpe: 1.63
  [ 10%] 100/1000 trials — best sharpe: 1.79
  [ 12%] 125/1000 trials — best sharpe: 1.79
  [ 15%] 150/1000 trials — best sharpe: 1.84
  [ 17%] 175/1000 trials — best sharpe: 1.84
  [ 20%] 200/1000 trials — best sharpe: 1.84
  [ 22%] 225/1000 trials — best sharpe: 1.84
  [ 25%] 250/1000 trials — best sharpe: 1.84
  [ 27%] 275/1000 trials — best sharpe: 1.84
  [ 30%] 300/1000 trials — best sharpe: 1.84
  [ 32%] 325/1000 trials — best sharpe: 1.84
  [ 35%] 350/1000 trials — best sharpe: 1.87
  [ 37%] 375/1000 trials — best sharpe: 1.87
  [ 40%] 400/1000 trials — best sharpe: 1.87
  [ 42%] 425/1000 trials — best sharpe: 1.87
  [ 45%] 450/1000 trials — best sharpe: 1.87
  [ 47%] 475/1000 trials — best sharpe: 1.87
  [ 50%] 500/1000 trials — best sharpe: 1.90
  [ 52%] 525/1000 trials — best sharpe: 1.90
  [ 55%] 550/1000 trials — best sharpe: 1.90
  [ 57%] 575/1000 trials — best sharpe: 1.90
  [ 60%] 600/1000 trials — best sharpe: 1.97
  [ 62%] 625/1000 trials — best sharpe: 1.97
  [ 65%] 650/1000 trials — best sharpe: 1.97
  [ 67%] 675/1000 trials — best sharpe: 1.97
  [ 70%] 700/1000 trials — best sharpe: 1.97
  [ 72%] 725/1000 trials — best sharpe: 1.97
  [ 75%] 750/1000 trials — best sharpe: 1.97
  [ 77%] 775/1000 trials — best sharpe: 1.97
  [ 80%] 800/1000 trials — best sharpe: 1.97
  [ 82%] 825/1000 trials — best sharpe: 1.97
  [ 85%] 850/1000 trials — best sharpe: 1.97
  [ 87%] 875/1000 trials — best sharpe: 1.97
  [ 90%] 900/1000 trials — best sharpe: 1.97
  [ 92%] 925/1000 trials — best sharpe: 1.97
  [ 95%] 950/1000 trials — best sharpe: 2.01
  [ 97%] 975/1000 trials — best sharpe: 2.01
  [100%] 1000/1000 trials — best sharpe: 2.01
Optimization complete — best sharpe: 2.01
max_position_pct (0.66) is above 5x equal weight (0.09) — provides little concentration protection
  Max drawdown: 25.03% | Sharpe: 2.01 | Win rate: 52.17%
restart 3/4 (as of 2021-03-12)
Optimizing 2 strategies over 2015-07-28 to 2021-03-11
  objective: sharpe | train window: 2015-07-28 → 2021-03-11
  1000 trials across 5 workers
  [  2%] 25/1000 trials — best sharpe: 1.72
  [  5%] 50/1000 trials — best sharpe: 1.72
  [  7%] 75/1000 trials — best sharpe: 1.72
  [ 10%] 100/1000 trials — best sharpe: 1.72
  [ 12%] 125/1000 trials — best sharpe: 1.72
  [ 15%] 150/1000 trials — best sharpe: 1.75
  [ 17%] 175/1000 trials — best sharpe: 1.75
  [ 20%] 200/1000 trials — best sharpe: 1.75
  [ 22%] 225/1000 trials — best sharpe: 1.75
  [ 25%] 250/1000 trials — best sharpe: 1.79
  [ 27%] 275/1000 trials — best sharpe: 1.79
  [ 30%] 300/1000 trials — best sharpe: 1.79
  [ 32%] 325/1000 trials — best sharpe: 1.79
  [ 35%] 350/1000 trials — best sharpe: 1.82
  [ 37%] 375/1000 trials — best sharpe: 1.82
  [ 40%] 400/1000 trials — best sharpe: 1.82
  [ 42%] 425/1000 trials — best sharpe: 1.88
  [ 45%] 450/1000 trials — best sharpe: 1.88
  [ 47%] 475/1000 trials — best sharpe: 1.88
  [ 50%] 500/1000 trials — best sharpe: 1.88
  [ 52%] 525/1000 trials — best sharpe: 1.88
  [ 55%] 550/1000 trials — best sharpe: 1.88
  [ 57%] 575/1000 trials — best sharpe: 1.88
  [ 60%] 600/1000 trials — best sharpe: 1.88
  [ 62%] 625/1000 trials — best sharpe: 1.88
  [ 65%] 650/1000 trials — best sharpe: 1.88
  [ 67%] 675/1000 trials — best sharpe: 1.88
  [ 70%] 700/1000 trials — best sharpe: 1.88
  [ 72%] 725/1000 trials — best sharpe: 1.88
  [ 75%] 750/1000 trials — best sharpe: 1.88
  [ 77%] 775/1000 trials — best sharpe: 1.88
  [ 80%] 800/1000 trials — best sharpe: 1.88
  [ 82%] 825/1000 trials — best sharpe: 1.88
  [ 85%] 850/1000 trials — best sharpe: 1.88
  [ 87%] 875/1000 trials — best sharpe: 1.88
  [ 90%] 900/1000 trials — best sharpe: 1.88
  [ 92%] 925/1000 trials — best sharpe: 1.88
  [ 95%] 950/1000 trials — best sharpe: 1.88
  [ 97%] 975/1000 trials — best sharpe: 1.88
  [100%] 1000/1000 trials — best sharpe: 1.88
Optimization complete — best sharpe: 1.88
max_position_pct (0.66) is above 5x equal weight (0.09) — provides little concentration protection
  Max drawdown: 23.79% | Sharpe: 1.88 | Win rate: 52.59%
restart 4/4 (as of 2021-03-12)
Optimizing 2 strategies over 2015-07-28 to 2021-03-11
  objective: sharpe | train window: 2015-07-28 → 2021-03-11
  1000 trials across 5 workers
  [  2%] 25/1000 trials — best sharpe: 1.58
  [  5%] 50/1000 trials — best sharpe: 1.58
  [  7%] 75/1000 trials — best sharpe: 1.59
  [ 10%] 100/1000 trials — best sharpe: 1.65
  [ 12%] 125/1000 trials — best sharpe: 1.81
  [ 15%] 150/1000 trials — best sharpe: 1.81
  [ 17%] 175/1000 trials — best sharpe: 1.81
  [ 20%] 200/1000 trials — best sharpe: 1.81
  [ 22%] 225/1000 trials — best sharpe: 1.81
  [ 25%] 250/1000 trials — best sharpe: 1.81
  [ 27%] 275/1000 trials — best sharpe: 1.81
  [ 30%] 300/1000 trials — best sharpe: 1.81
  [ 32%] 325/1000 trials — best sharpe: 1.81
  [ 35%] 350/1000 trials — best sharpe: 1.82
  [ 37%] 375/1000 trials — best sharpe: 1.84
  [ 40%] 400/1000 trials — best sharpe: 1.84
  [ 42%] 425/1000 trials — best sharpe: 1.87
  [ 45%] 450/1000 trials — best sharpe: 1.87
  [ 47%] 475/1000 trials — best sharpe: 1.87
  [ 50%] 500/1000 trials — best sharpe: 1.87
  [ 52%] 525/1000 trials — best sharpe: 1.87
  [ 55%] 550/1000 trials — best sharpe: 1.87
  [ 57%] 575/1000 trials — best sharpe: 1.87
  [ 60%] 600/1000 trials — best sharpe: 1.87
  [ 62%] 625/1000 trials — best sharpe: 1.87
  [ 65%] 650/1000 trials — best sharpe: 1.87
  [ 67%] 675/1000 trials — best sharpe: 1.87
  [ 70%] 700/1000 trials — best sharpe: 1.87
  [ 72%] 725/1000 trials — best sharpe: 1.87
  [ 75%] 750/1000 trials — best sharpe: 1.87
  [ 77%] 775/1000 trials — best sharpe: 1.87
  [ 80%] 800/1000 trials — best sharpe: 1.87
  [ 82%] 825/1000 trials — best sharpe: 1.87
  [ 85%] 850/1000 trials — best sharpe: 1.87
  [ 87%] 875/1000 trials — best sharpe: 1.87
  [ 90%] 900/1000 trials — best sharpe: 1.87
  [ 92%] 925/1000 trials — best sharpe: 1.87
  [ 95%] 950/1000 trials — best sharpe: 1.87
  [ 97%] 975/1000 trials — best sharpe: 1.87
  [100%] 1000/1000 trials — best sharpe: 1.87
Optimization complete — best sharpe: 1.87
max_position_pct (0.66) is above 5x equal weight (0.09) — provides little concentration protection
  Max drawdown: 27.00% | Sharpe: 1.87 | Win rate: 46.49%
max_position_pct (0.66) is above 5x equal weight (0.09) — provides little concentration protection
Fold 2/13: test 2021-06-11 → 2021-09-09
max_position_pct (0.66) is above 5x equal weight (0.09) — provides little concentration protection
Fold 3/13: test 2021-09-10 → 2021-12-08
max_position_pct (0.66) is above 5x equal weight (0.09) — provides little concentration protection
Fold 4/13: test 2021-12-09 → 2022-03-10
max_position_pct (0.66) is above 5x equal weight (0.09) — provides little concentration protection
Fold 5/13: test 2022-03-11 → 2022-06-09
max_position_pct (0.66) is above 5x equal weight (0.09) — provides little concentration protection
Fold 6/13: test 2022-06-10 → 2022-09-09
max_position_pct (0.66) is above 5x equal weight (0.09) — provides little concentration protection
Fold 7/13: test 2022-09-12 → 2022-12-08
max_position_pct (0.66) is above 5x equal weight (0.09) — provides little concentration protection
Fold 8/13: test 2022-12-09 → 2023-03-13
max_position_pct (0.66) is above 5x equal weight (0.09) — provides little concentration protection
Fold 9/13: test 2023-03-14 → 2023-06-12
max_position_pct (0.66) is above 5x equal weight (0.09) — provides little concentration protection
Fold 10/13: test 2023-06-13 → 2023-09-12
max_position_pct (0.66) is above 5x equal weight (0.09) — provides little concentration protection
Fold 11/13: test 2023-09-13 → 2023-12-11
max_position_pct (0.66) is above 5x equal weight (0.09) — provides little concentration protection
Fold 12/13: test 2023-12-12 → 2024-03-13
max_position_pct (0.66) is above 5x equal weight (0.09) — provides little concentration protection
Fold 13/13: test 2024-03-14 → 2024-08-27
max_position_pct (0.66) is above 5x equal weight (0.09) — provides little concentration protection
cell 9/32 done in 4m (elapsed 38m; ~97m remaining at the mean cell pace — frozen
cells run far faster than re-fit cells)
sweep: best on stonks, seed base 51 [cell 10/32]
Fold 1/13: test 2021-03-12 → 2021-06-10
restart 1/4 (as of 2021-03-12)
Optimizing 2 strategies over 2015-07-28 to 2021-03-11
  objective: sharpe | train window: 2015-07-28 → 2021-03-11
  1000 trials across 5 workers
  [  2%] 25/1000 trials — best sharpe: 1.57
  [  5%] 50/1000 trials — best sharpe: 1.60
  [  7%] 75/1000 trials — best sharpe: 1.64
  [ 10%] 100/1000 trials — best sharpe: 1.64
  [ 12%] 125/1000 trials — best sharpe: 1.68
  [ 15%] 150/1000 trials — best sharpe: 1.74
  [ 17%] 175/1000 trials — best sharpe: 1.74
  [ 20%] 200/1000 trials — best sharpe: 1.75
  [ 22%] 225/1000 trials — best sharpe: 1.75
  [ 25%] 250/1000 trials — best sharpe: 1.75
  [ 27%] 275/1000 trials — best sharpe: 1.75
  [ 30%] 300/1000 trials — best sharpe: 1.75
  [ 32%] 325/1000 trials — best sharpe: 1.75
  [ 35%] 350/1000 trials — best sharpe: 1.75
  [ 37%] 375/1000 trials — best sharpe: 1.75
  [ 40%] 400/1000 trials — best sharpe: 1.75
  [ 42%] 425/1000 trials — best sharpe: 1.75
  [ 45%] 450/1000 trials — best sharpe: 1.75
  [ 47%] 475/1000 trials — best sharpe: 1.75
  [ 50%] 500/1000 trials — best sharpe: 1.75
  [ 52%] 525/1000 trials — best sharpe: 1.75
  [ 55%] 550/1000 trials — best sharpe: 1.75
  [ 57%] 575/1000 trials — best sharpe: 1.77
  [ 60%] 600/1000 trials — best sharpe: 1.77
  [ 62%] 625/1000 trials — best sharpe: 1.77
  [ 65%] 650/1000 trials — best sharpe: 1.86
  [ 67%] 675/1000 trials — best sharpe: 1.86
  [ 70%] 700/1000 trials — best sharpe: 1.86
  [ 72%] 725/1000 trials — best sharpe: 1.86
  [ 75%] 750/1000 trials — best sharpe: 1.86
  [ 77%] 775/1000 trials — best sharpe: 1.86
  [ 80%] 800/1000 trials — best sharpe: 1.86
  [ 82%] 825/1000 trials — best sharpe: 1.86
  [ 85%] 850/1000 trials — best sharpe: 1.86
  [ 87%] 875/1000 trials — best sharpe: 1.86
  [ 90%] 900/1000 trials — best sharpe: 1.86
  [ 92%] 925/1000 trials — best sharpe: 1.86
  [ 95%] 950/1000 trials — best sharpe: 1.86
  [ 97%] 975/1000 trials — best sharpe: 1.86
  [100%] 1000/1000 trials — best sharpe: 1.86
Optimization complete — best sharpe: 1.86
max_position_pct (0.66) is above 5x equal weight (0.09) — provides little concentration protection
  Max drawdown: 26.18% | Sharpe: 1.86 | Win rate: 44.92%
restart 2/4 (as of 2021-03-12)
Optimizing 2 strategies over 2015-07-28 to 2021-03-11
  objective: sharpe | train window: 2015-07-28 → 2021-03-11
  1000 trials across 5 workers
  [  2%] 25/1000 trials — best sharpe: 1.73
  [  5%] 50/1000 trials — best sharpe: 1.73
  [  7%] 75/1000 trials — best sharpe: 1.77
  [ 10%] 100/1000 trials — best sharpe: 1.77
  [ 12%] 125/1000 trials — best sharpe: 1.77
  [ 15%] 150/1000 trials — best sharpe: 1.77
  [ 17%] 175/1000 trials — best sharpe: 1.77
  [ 20%] 200/1000 trials — best sharpe: 1.77
  [ 22%] 225/1000 trials — best sharpe: 1.77
  [ 25%] 250/1000 trials — best sharpe: 1.79
  [ 27%] 275/1000 trials — best sharpe: 1.79
  [ 30%] 300/1000 trials — best sharpe: 1.83
  [ 32%] 325/1000 trials — best sharpe: 1.83
  [ 35%] 350/1000 trials — best sharpe: 1.83
  [ 37%] 375/1000 trials — best sharpe: 1.83
  [ 40%] 400/1000 trials — best sharpe: 1.83
  [ 42%] 425/1000 trials — best sharpe: 1.83
  [ 45%] 450/1000 trials — best sharpe: 1.83
  [ 47%] 475/1000 trials — best sharpe: 1.83
  [ 50%] 500/1000 trials — best sharpe: 1.83
  [ 52%] 525/1000 trials — best sharpe: 1.83
  [ 55%] 550/1000 trials — best sharpe: 1.83
  [ 57%] 575/1000 trials — best sharpe: 1.83
  [ 60%] 600/1000 trials — best sharpe: 1.83
  [ 62%] 625/1000 trials — best sharpe: 1.83
  [ 65%] 650/1000 trials — best sharpe: 1.83
  [ 67%] 675/1000 trials — best sharpe: 1.83
  [ 70%] 700/1000 trials — best sharpe: 1.83
  [ 72%] 725/1000 trials — best sharpe: 1.83
  [ 75%] 750/1000 trials — best sharpe: 1.83
  [ 77%] 775/1000 trials — best sharpe: 1.83
  [ 80%] 800/1000 trials — best sharpe: 1.83
  [ 82%] 825/1000 trials — best sharpe: 1.83
  [ 85%] 850/1000 trials — best sharpe: 1.84
  [ 87%] 875/1000 trials — best sharpe: 1.84
  [ 90%] 900/1000 trials — best sharpe: 1.84
  [ 92%] 925/1000 trials — best sharpe: 1.84
  [ 95%] 950/1000 trials — best sharpe: 1.84
  [ 97%] 975/1000 trials — best sharpe: 1.84
  [100%] 1000/1000 trials — best sharpe: 1.84
Optimization complete — best sharpe: 1.84
max_position_pct (0.66) is above 5x equal weight (0.09) — provides little concentration protection
  Max drawdown: 26.99% | Sharpe: 1.84 | Win rate: 52.17%
restart 3/4 (as of 2021-03-12)
Optimizing 2 strategies over 2015-07-28 to 2021-03-11
  objective: sharpe | train window: 2015-07-28 → 2021-03-11
  1000 trials across 5 workers
  [  2%] 25/1000 trials — best sharpe: 1.65
  [  5%] 50/1000 trials — best sharpe: 1.65
  [  7%] 75/1000 trials — best sharpe: 1.65
  [ 10%] 100/1000 trials — best sharpe: 1.65
  [ 12%] 125/1000 trials — best sharpe: 1.65
  [ 15%] 150/1000 trials — best sharpe: 1.83
  [ 17%] 175/1000 trials — best sharpe: 1.83
  [ 20%] 200/1000 trials — best sharpe: 1.83
  [ 22%] 225/1000 trials — best sharpe: 1.83
  [ 25%] 250/1000 trials — best sharpe: 1.83
  [ 27%] 275/1000 trials — best sharpe: 1.83
  [ 30%] 300/1000 trials — best sharpe: 1.83
  [ 32%] 325/1000 trials — best sharpe: 1.83
  [ 35%] 350/1000 trials — best sharpe: 1.83
  [ 37%] 375/1000 trials — best sharpe: 1.83
  [ 40%] 400/1000 trials — best sharpe: 1.83
  [ 42%] 425/1000 trials — best sharpe: 1.83
  [ 45%] 450/1000 trials — best sharpe: 1.83
  [ 47%] 475/1000 trials — best sharpe: 1.83
  [ 50%] 500/1000 trials — best sharpe: 1.83
  [ 52%] 525/1000 trials — best sharpe: 1.83
  [ 55%] 550/1000 trials — best sharpe: 1.83
  [ 57%] 575/1000 trials — best sharpe: 1.83
  [ 60%] 600/1000 trials — best sharpe: 1.83
  [ 62%] 625/1000 trials — best sharpe: 1.83
  [ 65%] 650/1000 trials — best sharpe: 1.83
  [ 67%] 675/1000 trials — best sharpe: 1.83
  [ 70%] 700/1000 trials — best sharpe: 1.83
  [ 72%] 725/1000 trials — best sharpe: 1.83
  [ 75%] 750/1000 trials — best sharpe: 1.83
  [ 77%] 775/1000 trials — best sharpe: 1.83
  [ 80%] 800/1000 trials — best sharpe: 1.83
  [ 82%] 825/1000 trials — best sharpe: 1.83
  [ 85%] 850/1000 trials — best sharpe: 1.83
  [ 87%] 875/1000 trials — best sharpe: 1.83
  [ 90%] 900/1000 trials — best sharpe: 1.83
  [ 92%] 925/1000 trials — best sharpe: 1.83
  [ 95%] 950/1000 trials — best sharpe: 1.83
  [ 97%] 975/1000 trials — best sharpe: 1.83
  [100%] 1000/1000 trials — best sharpe: 1.83
Optimization complete — best sharpe: 1.83
max_position_pct (0.66) is above 5x equal weight (0.09) — provides little concentration protection
  Max drawdown: 27.89% | Sharpe: 1.83 | Win rate: 51.26%
restart 4/4 (as of 2021-03-12)
Optimizing 2 strategies over 2015-07-28 to 2021-03-11
  objective: sharpe | train window: 2015-07-28 → 2021-03-11
  1000 trials across 5 workers
  [  2%] 25/1000 trials — best sharpe: 1.66
  [  5%] 50/1000 trials — best sharpe: 1.66
  [  7%] 75/1000 trials — best sharpe: 1.66
  [ 10%] 100/1000 trials — best sharpe: 1.66
  [ 12%] 125/1000 trials — best sharpe: 1.66
  [ 15%] 150/1000 trials — best sharpe: 1.79
  [ 17%] 175/1000 trials — best sharpe: 1.83
  [ 20%] 200/1000 trials — best sharpe: 1.83
  [ 22%] 225/1000 trials — best sharpe: 1.83
  [ 25%] 250/1000 trials — best sharpe: 1.84
  [ 27%] 275/1000 trials — best sharpe: 1.84
  [ 30%] 300/1000 trials — best sharpe: 1.84
  [ 32%] 325/1000 trials — best sharpe: 1.84
  [ 35%] 350/1000 trials — best sharpe: 1.84
  [ 37%] 375/1000 trials — best sharpe: 1.84
  [ 40%] 400/1000 trials — best sharpe: 1.90
  [ 42%] 425/1000 trials — best sharpe: 1.90
  [ 45%] 450/1000 trials — best sharpe: 1.90
  [ 47%] 475/1000 trials — best sharpe: 1.90
  [ 50%] 500/1000 trials — best sharpe: 1.90
  [ 52%] 525/1000 trials — best sharpe: 1.90
  [ 55%] 550/1000 trials — best sharpe: 1.90
  [ 57%] 575/1000 trials — best sharpe: 1.90
  [ 60%] 600/1000 trials — best sharpe: 1.90
  [ 62%] 625/1000 trials — best sharpe: 1.90
  [ 65%] 650/1000 trials — best sharpe: 1.90
  [ 67%] 675/1000 trials — best sharpe: 1.90
  [ 70%] 700/1000 trials — best sharpe: 1.90
  [ 72%] 725/1000 trials — best sharpe: 1.90
  [ 75%] 750/1000 trials — best sharpe: 1.90
  [ 77%] 775/1000 trials — best sharpe: 1.90
  [ 80%] 800/1000 trials — best sharpe: 1.90
  [ 82%] 825/1000 trials — best sharpe: 1.90
  [ 85%] 850/1000 trials — best sharpe: 1.90
  [ 87%] 875/1000 trials — best sharpe: 1.90
  [ 90%] 900/1000 trials — best sharpe: 1.90
  [ 92%] 925/1000 trials — best sharpe: 1.90
  [ 95%] 950/1000 trials — best sharpe: 1.90
  [ 97%] 975/1000 trials — best sharpe: 1.90
  [100%] 1000/1000 trials — best sharpe: 1.90
Optimization complete — best sharpe: 1.90
max_position_pct (0.66) is above 5x equal weight (0.09) — provides little concentration protection
  Max drawdown: 26.53% | Sharpe: 1.90 | Win rate: 44.07%
max_position_pct (0.66) is above 5x equal weight (0.09) — provides little concentration protection
Fold 2/13: test 2021-06-11 → 2021-09-09
max_position_pct (0.66) is above 5x equal weight (0.09) — provides little concentration protection
Fold 3/13: test 2021-09-10 → 2021-12-08
max_position_pct (0.66) is above 5x equal weight (0.09) — provides little concentration protection
Fold 4/13: test 2021-12-09 → 2022-03-10
max_position_pct (0.66) is above 5x equal weight (0.09) — provides little concentration protection
Fold 5/13: test 2022-03-11 → 2022-06-09
max_position_pct (0.66) is above 5x equal weight (0.09) — provides little concentration protection
Fold 6/13: test 2022-06-10 → 2022-09-09
max_position_pct (0.66) is above 5x equal weight (0.09) — provides little concentration protection
Fold 7/13: test 2022-09-12 → 2022-12-08
max_position_pct (0.66) is above 5x equal weight (0.09) — provides little concentration protection
Fold 8/13: test 2022-12-09 → 2023-03-13
max_position_pct (0.66) is above 5x equal weight (0.09) — provides little concentration protection
Fold 9/13: test 2023-03-14 → 2023-06-12
max_position_pct (0.66) is above 5x equal weight (0.09) — provides little concentration protection
Fold 10/13: test 2023-06-13 → 2023-09-12
max_position_pct (0.66) is above 5x equal weight (0.09) — provides little concentration protection
Fold 11/13: test 2023-09-13 → 2023-12-11
max_position_pct (0.66) is above 5x equal weight (0.09) — provides little concentration protection
Fold 12/13: test 2023-12-12 → 2024-03-13
max_position_pct (0.66) is above 5x equal weight (0.09) — provides little concentration protection
Fold 13/13: test 2024-03-14 → 2024-08-27
max_position_pct (0.66) is above 5x equal weight (0.09) — provides little concentration protection
cell 10/32 done in 4m (elapsed 42m; ~93m remaining at the mean cell pace — 
frozen cells run far faster than re-fit cells)
sweep: best on stonks, seed base 52 [cell 11/32]
Fold 1/13: test 2021-03-12 → 2021-06-10
restart 1/4 (as of 2021-03-12)
Optimizing 2 strategies over 2015-07-28 to 2021-03-11
  objective: sharpe | train window: 2015-07-28 → 2021-03-11
  1000 trials across 5 workers
  [  2%] 25/1000 trials — best sharpe: 1.66
  [  5%] 50/1000 trials — best sharpe: 1.66
  [  7%] 75/1000 trials — best sharpe: 1.66
  [ 10%] 100/1000 trials — best sharpe: 1.66
  [ 12%] 125/1000 trials — best sharpe: 1.66
  [ 15%] 150/1000 trials — best sharpe: 1.79
  [ 17%] 175/1000 trials — best sharpe: 1.79
  [ 20%] 200/1000 trials — best sharpe: 1.79
  [ 22%] 225/1000 trials — best sharpe: 1.79
  [ 25%] 250/1000 trials — best sharpe: 1.79
  [ 27%] 275/1000 trials — best sharpe: 1.79
  [ 30%] 300/1000 trials — best sharpe: 1.79
  [ 32%] 325/1000 trials — best sharpe: 1.79
  [ 35%] 350/1000 trials — best sharpe: 1.84
  [ 37%] 375/1000 trials — best sharpe: 1.84
  [ 40%] 400/1000 trials — best sharpe: 1.88
  [ 42%] 425/1000 trials — best sharpe: 1.88
  [ 45%] 450/1000 trials — best sharpe: 1.88
  [ 47%] 475/1000 trials — best sharpe: 1.88
  [ 50%] 500/1000 trials — best sharpe: 1.88
  [ 52%] 525/1000 trials — best sharpe: 1.88
  [ 55%] 550/1000 trials — best sharpe: 1.88
  [ 57%] 575/1000 trials — best sharpe: 1.88
  [ 60%] 600/1000 trials — best sharpe: 1.88
  [ 62%] 625/1000 trials — best sharpe: 1.88
  [ 65%] 650/1000 trials — best sharpe: 1.88
  [ 67%] 675/1000 trials — best sharpe: 1.88
  [ 70%] 700/1000 trials — best sharpe: 1.88
  [ 72%] 725/1000 trials — best sharpe: 1.88
  [ 75%] 750/1000 trials — best sharpe: 1.88
  [ 77%] 775/1000 trials — best sharpe: 1.88
  [ 80%] 800/1000 trials — best sharpe: 1.88
  [ 82%] 825/1000 trials — best sharpe: 1.88
  [ 85%] 850/1000 trials — best sharpe: 1.88
  [ 87%] 875/1000 trials — best sharpe: 1.88
  [ 90%] 900/1000 trials — best sharpe: 1.88
  [ 92%] 925/1000 trials — best sharpe: 1.88
  [ 95%] 950/1000 trials — best sharpe: 1.92
  [ 97%] 975/1000 trials — best sharpe: 1.92
  [100%] 1000/1000 trials — best sharpe: 1.92
Optimization complete — best sharpe: 1.92
max_position_pct (0.66) is above 5x equal weight (0.09) — provides little concentration protection
  Max drawdown: 23.24% | Sharpe: 1.92 | Win rate: 55.91%
restart 2/4 (as of 2021-03-12)
Optimizing 2 strategies over 2015-07-28 to 2021-03-11
  objective: sharpe | train window: 2015-07-28 → 2021-03-11
  1000 trials across 5 workers
  [  2%] 25/1000 trials — best sharpe: 1.62
  [  5%] 50/1000 trials — best sharpe: 1.62
  [  7%] 75/1000 trials — best sharpe: 1.72
  [ 10%] 100/1000 trials — best sharpe: 1.72
  [ 12%] 125/1000 trials — best sharpe: 1.72
  [ 15%] 150/1000 trials — best sharpe: 1.72
  [ 17%] 175/1000 trials — best sharpe: 1.72
  [ 20%] 200/1000 trials — best sharpe: 1.72
  [ 22%] 225/1000 trials — best sharpe: 1.72
  [ 25%] 250/1000 trials — best sharpe: 1.72
  [ 27%] 275/1000 trials — best sharpe: 1.81
  [ 30%] 300/1000 trials — best sharpe: 1.81
  [ 32%] 325/1000 trials — best sharpe: 1.81
  [ 35%] 350/1000 trials — best sharpe: 1.81
  [ 37%] 375/1000 trials — best sharpe: 1.81
  [ 40%] 400/1000 trials — best sharpe: 1.81
  [ 42%] 425/1000 trials — best sharpe: 1.81
  [ 45%] 450/1000 trials — best sharpe: 1.81
  [ 47%] 475/1000 trials — best sharpe: 1.86
  [ 50%] 500/1000 trials — best sharpe: 1.86
  [ 52%] 525/1000 trials — best sharpe: 1.86
  [ 55%] 550/1000 trials — best sharpe: 1.86
  [ 57%] 575/1000 trials — best sharpe: 1.86
  [ 60%] 600/1000 trials — best sharpe: 1.86
  [ 62%] 625/1000 trials — best sharpe: 1.86
  [ 65%] 650/1000 trials — best sharpe: 1.86
  [ 67%] 675/1000 trials — best sharpe: 1.86
  [ 70%] 700/1000 trials — best sharpe: 1.86
  [ 72%] 725/1000 trials — best sharpe: 1.86
  [ 75%] 750/1000 trials — best sharpe: 1.86
  [ 77%] 775/1000 trials — best sharpe: 1.86
  [ 80%] 800/1000 trials — best sharpe: 1.86
  [ 82%] 825/1000 trials — best sharpe: 1.86
  [ 85%] 850/1000 trials — best sharpe: 1.86
  [ 87%] 875/1000 trials — best sharpe: 1.86
  [ 90%] 900/1000 trials — best sharpe: 1.86
  [ 92%] 925/1000 trials — best sharpe: 1.86
  [ 95%] 950/1000 trials — best sharpe: 1.86
  [ 97%] 975/1000 trials — best sharpe: 1.86
  [100%] 1000/1000 trials — best sharpe: 1.86
Optimization complete — best sharpe: 1.86
max_position_pct (0.66) is above 5x equal weight (0.09) — provides little concentration protection
  Max drawdown: 22.35% | Sharpe: 1.86 | Win rate: 52.38%
restart 3/4 (as of 2021-03-12)
Optimizing 2 strategies over 2015-07-28 to 2021-03-11
  objective: sharpe | train window: 2015-07-28 → 2021-03-11
  1000 trials across 5 workers
  [  2%] 25/1000 trials — best sharpe: 1.72
  [  5%] 50/1000 trials — best sharpe: 1.72
  [  7%] 75/1000 trials — best sharpe: 1.72
  [ 10%] 100/1000 trials — best sharpe: 1.78
  [ 12%] 125/1000 trials — best sharpe: 1.78
  [ 15%] 150/1000 trials — best sharpe: 1.78
  [ 17%] 175/1000 trials — best sharpe: 1.80
  [ 20%] 200/1000 trials — best sharpe: 1.84
  [ 22%] 225/1000 trials — best sharpe: 1.84
  [ 25%] 250/1000 trials — best sharpe: 1.84
  [ 27%] 275/1000 trials — best sharpe: 1.84
  [ 30%] 300/1000 trials — best sharpe: 1.84
  [ 32%] 325/1000 trials — best sharpe: 1.84
  [ 35%] 350/1000 trials — best sharpe: 1.84
  [ 37%] 375/1000 trials — best sharpe: 1.84
  [ 40%] 400/1000 trials — best sharpe: 1.88
  [ 42%] 425/1000 trials — best sharpe: 1.88
  [ 45%] 450/1000 trials — best sharpe: 1.88
  [ 47%] 475/1000 trials — best sharpe: 1.88
  [ 50%] 500/1000 trials — best sharpe: 1.88
  [ 52%] 525/1000 trials — best sharpe: 1.88
  [ 55%] 550/1000 trials — best sharpe: 1.88
  [ 57%] 575/1000 trials — best sharpe: 1.88
  [ 60%] 600/1000 trials — best sharpe: 1.88
  [ 62%] 625/1000 trials — best sharpe: 1.88
  [ 65%] 650/1000 trials — best sharpe: 1.88
  [ 67%] 675/1000 trials — best sharpe: 1.88
  [ 70%] 700/1000 trials — best sharpe: 1.88
  [ 72%] 725/1000 trials — best sharpe: 1.88
  [ 75%] 750/1000 trials — best sharpe: 1.88
  [ 77%] 775/1000 trials — best sharpe: 1.88
  [ 80%] 800/1000 trials — best sharpe: 1.88
  [ 82%] 825/1000 trials — best sharpe: 1.88
  [ 85%] 850/1000 trials — best sharpe: 1.88
  [ 87%] 875/1000 trials — best sharpe: 1.88
  [ 90%] 900/1000 trials — best sharpe: 1.88
  [ 92%] 925/1000 trials — best sharpe: 1.88
  [ 95%] 950/1000 trials — best sharpe: 1.88
  [ 97%] 975/1000 trials — best sharpe: 1.88
  [100%] 1000/1000 trials — best sharpe: 1.88
Optimization complete — best sharpe: 1.88
max_position_pct (0.66) is above 5x equal weight (0.09) — provides little concentration protection
  Max drawdown: 23.49% | Sharpe: 1.88 | Win rate: 45.08%
restart 4/4 (as of 2021-03-12)
Optimizing 2 strategies over 2015-07-28 to 2021-03-11
  objective: sharpe | train window: 2015-07-28 → 2021-03-11
  1000 trials across 5 workers
  [  2%] 25/1000 trials — best sharpe: 1.59
  [  5%] 50/1000 trials — best sharpe: 1.59
  [  7%] 75/1000 trials — best sharpe: 1.64
  [ 10%] 100/1000 trials — best sharpe: 1.72
  [ 12%] 125/1000 trials — best sharpe: 1.72
  [ 15%] 150/1000 trials — best sharpe: 1.72
  [ 17%] 175/1000 trials — best sharpe: 1.72
  [ 20%] 200/1000 trials — best sharpe: 1.83
  [ 22%] 225/1000 trials — best sharpe: 1.83
  [ 25%] 250/1000 trials — best sharpe: 1.83
  [ 27%] 275/1000 trials — best sharpe: 1.83
  [ 30%] 300/1000 trials — best sharpe: 1.83
  [ 32%] 325/1000 trials — best sharpe: 1.83
  [ 35%] 350/1000 trials — best sharpe: 1.83
  [ 37%] 375/1000 trials — best sharpe: 1.83
  [ 40%] 400/1000 trials — best sharpe: 1.83
  [ 42%] 425/1000 trials — best sharpe: 1.83
  [ 45%] 450/1000 trials — best sharpe: 1.83
  [ 47%] 475/1000 trials — best sharpe: 1.83
  [ 50%] 500/1000 trials — best sharpe: 1.86
  [ 52%] 525/1000 trials — best sharpe: 1.86
  [ 55%] 550/1000 trials — best sharpe: 1.86
  [ 57%] 575/1000 trials — best sharpe: 1.86
  [ 60%] 600/1000 trials — best sharpe: 1.86
  [ 62%] 625/1000 trials — best sharpe: 1.86
  [ 65%] 650/1000 trials — best sharpe: 1.86
  [ 67%] 675/1000 trials — best sharpe: 1.86
  [ 70%] 700/1000 trials — best sharpe: 1.86
  [ 72%] 725/1000 trials — best sharpe: 1.86
  [ 75%] 750/1000 trials — best sharpe: 1.86
  [ 77%] 775/1000 trials — best sharpe: 1.86
  [ 80%] 800/1000 trials — best sharpe: 1.86
  [ 82%] 825/1000 trials — best sharpe: 1.86
  [ 85%] 850/1000 trials — best sharpe: 1.86
  [ 87%] 875/1000 trials — best sharpe: 1.86
  [ 90%] 900/1000 trials — best sharpe: 1.86
  [ 92%] 925/1000 trials — best sharpe: 1.86
  [ 95%] 950/1000 trials — best sharpe: 1.86
  [ 97%] 975/1000 trials — best sharpe: 1.86
  [100%] 1000/1000 trials — best sharpe: 1.86
Optimization complete — best sharpe: 1.86
max_position_pct (0.66) is above 5x equal weight (0.09) — provides little concentration protection
  Max drawdown: 17.45% | Sharpe: 1.86 | Win rate: 58.02%
max_position_pct (0.66) is above 5x equal weight (0.09) — provides little concentration protection
Fold 2/13: test 2021-06-11 → 2021-09-09
max_position_pct (0.66) is above 5x equal weight (0.09) — provides little concentration protection
Fold 3/13: test 2021-09-10 → 2021-12-08
max_position_pct (0.66) is above 5x equal weight (0.09) — provides little concentration protection
Fold 4/13: test 2021-12-09 → 2022-03-10
max_position_pct (0.66) is above 5x equal weight (0.09) — provides little concentration protection
Fold 5/13: test 2022-03-11 → 2022-06-09
max_position_pct (0.66) is above 5x equal weight (0.09) — provides little concentration protection
Fold 6/13: test 2022-06-10 → 2022-09-09
max_position_pct (0.66) is above 5x equal weight (0.09) — provides little concentration protection
Fold 7/13: test 2022-09-12 → 2022-12-08
max_position_pct (0.66) is above 5x equal weight (0.09) — provides little concentration protection
Fold 8/13: test 2022-12-09 → 2023-03-13
max_position_pct (0.66) is above 5x equal weight (0.09) — provides little concentration protection
Fold 9/13: test 2023-03-14 → 2023-06-12
max_position_pct (0.66) is above 5x equal weight (0.09) — provides little concentration protection
Fold 10/13: test 2023-06-13 → 2023-09-12
max_position_pct (0.66) is above 5x equal weight (0.09) — provides little concentration protection
Fold 11/13: test 2023-09-13 → 2023-12-11
max_position_pct (0.66) is above 5x equal weight (0.09) — provides little concentration protection
Fold 12/13: test 2023-12-12 → 2024-03-13
max_position_pct (0.66) is above 5x equal weight (0.09) — provides little concentration protection
Fold 13/13: test 2024-03-14 → 2024-08-27
max_position_pct (0.66) is above 5x equal weight (0.09) — provides little concentration protection
cell 11/32 done in 5m (elapsed 47m; ~90m remaining at the mean cell pace — 
frozen cells run far faster than re-fit cells)
sweep: best on stonks, seed base 53 [cell 12/32]
Fold 1/13: test 2021-03-12 → 2021-06-10
restart 1/4 (as of 2021-03-12)
Optimizing 2 strategies over 2015-07-28 to 2021-03-11
  objective: sharpe | train window: 2015-07-28 → 2021-03-11
  1000 trials across 5 workers
  [  2%] 25/1000 trials — best sharpe: 1.67
  [  5%] 50/1000 trials — best sharpe: 1.67
  [  7%] 75/1000 trials — best sharpe: 1.67
  [ 10%] 100/1000 trials — best sharpe: 1.67
  [ 12%] 125/1000 trials — best sharpe: 1.67
  [ 15%] 150/1000 trials — best sharpe: 1.67
  [ 17%] 175/1000 trials — best sharpe: 1.67
  [ 20%] 200/1000 trials — best sharpe: 1.67
  [ 22%] 225/1000 trials — best sharpe: 1.67
  [ 25%] 250/1000 trials — best sharpe: 1.67
  [ 27%] 275/1000 trials — best sharpe: 1.67
  [ 30%] 300/1000 trials — best sharpe: 1.69
  [ 32%] 325/1000 trials — best sharpe: 1.72
  [ 35%] 350/1000 trials — best sharpe: 1.72
  [ 37%] 375/1000 trials — best sharpe: 1.72
  [ 40%] 400/1000 trials — best sharpe: 1.72
  [ 42%] 425/1000 trials — best sharpe: 1.72
  [ 45%] 450/1000 trials — best sharpe: 1.72
  [ 47%] 475/1000 trials — best sharpe: 1.72
  [ 50%] 500/1000 trials — best sharpe: 1.72
  [ 52%] 525/1000 trials — best sharpe: 1.72
  [ 55%] 550/1000 trials — best sharpe: 1.75
  [ 57%] 575/1000 trials — best sharpe: 1.75
  [ 60%] 600/1000 trials — best sharpe: 1.75
  [ 62%] 625/1000 trials — best sharpe: 1.75
  [ 65%] 650/1000 trials — best sharpe: 1.75
  [ 67%] 675/1000 trials — best sharpe: 1.75
  [ 70%] 700/1000 trials — best sharpe: 1.75
  [ 72%] 725/1000 trials — best sharpe: 1.75
  [ 75%] 750/1000 trials — best sharpe: 1.76
  [ 77%] 775/1000 trials — best sharpe: 1.76
  [ 80%] 800/1000 trials — best sharpe: 1.79
  [ 82%] 825/1000 trials — best sharpe: 1.79
  [ 85%] 850/1000 trials — best sharpe: 1.79
  [ 87%] 875/1000 trials — best sharpe: 1.79
  [ 90%] 900/1000 trials — best sharpe: 1.79
  [ 92%] 925/1000 trials — best sharpe: 1.80
  [ 95%] 950/1000 trials — best sharpe: 1.80
  [ 97%] 975/1000 trials — best sharpe: 1.80
  [100%] 1000/1000 trials — best sharpe: 1.80
Optimization complete — best sharpe: 1.80
max_position_pct (0.66) is above 5x equal weight (0.09) — provides little concentration protection
  Max drawdown: 19.75% | Sharpe: 1.80 | Win rate: 50.79%
restart 2/4 (as of 2021-03-12)
Optimizing 2 strategies over 2015-07-28 to 2021-03-11
  objective: sharpe | train window: 2015-07-28 → 2021-03-11
  1000 trials across 5 workers
  [  2%] 25/1000 trials — best sharpe: 1.61
  [  5%] 50/1000 trials — best sharpe: 1.64
  [  7%] 75/1000 trials — best sharpe: 1.66
  [ 10%] 100/1000 trials — best sharpe: 1.78
  [ 12%] 125/1000 trials — best sharpe: 1.78
  [ 15%] 150/1000 trials — best sharpe: 1.78
  [ 17%] 175/1000 trials — best sharpe: 1.82
  [ 20%] 200/1000 trials — best sharpe: 1.82
  [ 22%] 225/1000 trials — best sharpe: 1.93
  [ 25%] 250/1000 trials — best sharpe: 1.93
  [ 27%] 275/1000 trials — best sharpe: 1.93
  [ 30%] 300/1000 trials — best sharpe: 1.93
  [ 32%] 325/1000 trials — best sharpe: 1.93
  [ 35%] 350/1000 trials — best sharpe: 1.93
  [ 37%] 375/1000 trials — best sharpe: 1.93
  [ 40%] 400/1000 trials — best sharpe: 1.93
  [ 42%] 425/1000 trials — best sharpe: 1.93
  [ 45%] 450/1000 trials — best sharpe: 1.93
  [ 47%] 475/1000 trials — best sharpe: 1.93
  [ 50%] 500/1000 trials — best sharpe: 1.93
  [ 52%] 525/1000 trials — best sharpe: 1.93
  [ 55%] 550/1000 trials — best sharpe: 1.93
  [ 57%] 575/1000 trials — best sharpe: 1.93
  [ 60%] 600/1000 trials — best sharpe: 1.93
  [ 62%] 625/1000 trials — best sharpe: 1.93
  [ 65%] 650/1000 trials — best sharpe: 1.93
  [ 67%] 675/1000 trials — best sharpe: 1.93
  [ 70%] 700/1000 trials — best sharpe: 1.93
  [ 72%] 725/1000 trials — best sharpe: 1.93
  [ 75%] 750/1000 trials — best sharpe: 1.99
  [ 77%] 775/1000 trials — best sharpe: 1.99
  [ 80%] 800/1000 trials — best sharpe: 1.99
  [ 82%] 825/1000 trials — best sharpe: 1.99
  [ 85%] 850/1000 trials — best sharpe: 1.99
  [ 87%] 875/1000 trials — best sharpe: 1.99
  [ 90%] 900/1000 trials — best sharpe: 1.99
  [ 92%] 925/1000 trials — best sharpe: 1.99
  [ 95%] 950/1000 trials — best sharpe: 1.99
  [ 97%] 975/1000 trials — best sharpe: 1.99
  [100%] 1000/1000 trials — best sharpe: 1.99
Optimization complete — best sharpe: 1.99
max_position_pct (0.66) is above 5x equal weight (0.09) — provides little concentration protection
  Max drawdown: 25.59% | Sharpe: 1.99 | Win rate: 51.24%
restart 3/4 (as of 2021-03-12)
Optimizing 2 strategies over 2015-07-28 to 2021-03-11
  objective: sharpe | train window: 2015-07-28 → 2021-03-11
  1000 trials across 5 workers
  [  2%] 25/1000 trials — best sharpe: 1.59
  [  5%] 50/1000 trials — best sharpe: 1.72
  [  7%] 75/1000 trials — best sharpe: 1.72
  [ 10%] 100/1000 trials — best sharpe: 1.72
  [ 12%] 125/1000 trials — best sharpe: 1.73
  [ 15%] 150/1000 trials — best sharpe: 1.73
  [ 17%] 175/1000 trials — best sharpe: 1.75
  [ 20%] 200/1000 trials — best sharpe: 1.75
  [ 22%] 225/1000 trials — best sharpe: 1.75
  [ 25%] 250/1000 trials — best sharpe: 1.75
  [ 27%] 275/1000 trials — best sharpe: 1.75
  [ 30%] 300/1000 trials — best sharpe: 1.75
  [ 32%] 325/1000 trials — best sharpe: 1.75
  [ 35%] 350/1000 trials — best sharpe: 1.75
  [ 37%] 375/1000 trials — best sharpe: 1.75
  [ 40%] 400/1000 trials — best sharpe: 1.75
  [ 42%] 425/1000 trials — best sharpe: 1.75
  [ 45%] 450/1000 trials — best sharpe: 1.86
  [ 47%] 475/1000 trials — best sharpe: 1.86
  [ 50%] 500/1000 trials — best sharpe: 1.86
  [ 52%] 525/1000 trials — best sharpe: 2.03
  [ 55%] 550/1000 trials — best sharpe: 2.03
  [ 57%] 575/1000 trials — best sharpe: 2.03
  [ 60%] 600/1000 trials — best sharpe: 2.03
  [ 62%] 625/1000 trials — best sharpe: 2.03
  [ 65%] 650/1000 trials — best sharpe: 2.03
  [ 67%] 675/1000 trials — best sharpe: 2.03
  [ 70%] 700/1000 trials — best sharpe: 2.03
  [ 72%] 725/1000 trials — best sharpe: 2.03
  [ 75%] 750/1000 trials — best sharpe: 2.03
  [ 77%] 775/1000 trials — best sharpe: 2.03
  [ 80%] 800/1000 trials — best sharpe: 2.03
  [ 82%] 825/1000 trials — best sharpe: 2.03
  [ 85%] 850/1000 trials — best sharpe: 2.03
  [ 87%] 875/1000 trials — best sharpe: 2.03
  [ 90%] 900/1000 trials — best sharpe: 2.03
  [ 92%] 925/1000 trials — best sharpe: 2.03
  [ 95%] 950/1000 trials — best sharpe: 2.03
  [ 97%] 975/1000 trials — best sharpe: 2.03
  [100%] 1000/1000 trials — best sharpe: 2.03
Optimization complete — best sharpe: 2.03
max_position_pct (0.66) is above 5x equal weight (0.09) — provides little concentration protection
  Max drawdown: 18.83% | Sharpe: 2.03 | Win rate: 53.60%
restart 4/4 (as of 2021-03-12)
Optimizing 2 strategies over 2015-07-28 to 2021-03-11
  objective: sharpe | train window: 2015-07-28 → 2021-03-11
  1000 trials across 5 workers
  [  2%] 25/1000 trials — best sharpe: 1.82
  [  5%] 50/1000 trials — best sharpe: 1.82
  [  7%] 75/1000 trials — best sharpe: 1.82
  [ 10%] 100/1000 trials — best sharpe: 1.82
  [ 12%] 125/1000 trials — best sharpe: 1.82
  [ 15%] 150/1000 trials — best sharpe: 1.82
  [ 17%] 175/1000 trials — best sharpe: 1.82
  [ 20%] 200/1000 trials — best sharpe: 1.82
  [ 22%] 225/1000 trials — best sharpe: 1.82
  [ 25%] 250/1000 trials — best sharpe: 1.85
  [ 27%] 275/1000 trials — best sharpe: 1.85
  [ 30%] 300/1000 trials — best sharpe: 1.85
  [ 32%] 325/1000 trials — best sharpe: 1.85
  [ 35%] 350/1000 trials — best sharpe: 1.85
  [ 37%] 375/1000 trials — best sharpe: 1.85
  [ 40%] 400/1000 trials — best sharpe: 1.85
  [ 42%] 425/1000 trials — best sharpe: 1.85
  [ 45%] 450/1000 trials — best sharpe: 1.85
  [ 47%] 475/1000 trials — best sharpe: 1.85
  [ 50%] 500/1000 trials — best sharpe: 1.85
  [ 52%] 525/1000 trials — best sharpe: 1.91
  [ 55%] 550/1000 trials — best sharpe: 1.91
  [ 57%] 575/1000 trials — best sharpe: 1.91
  [ 60%] 600/1000 trials — best sharpe: 1.91
  [ 62%] 625/1000 trials — best sharpe: 1.91
  [ 65%] 650/1000 trials — best sharpe: 1.91
  [ 67%] 675/1000 trials — best sharpe: 1.93
  [ 70%] 700/1000 trials — best sharpe: 1.93
  [ 72%] 725/1000 trials — best sharpe: 1.93
  [ 75%] 750/1000 trials — best sharpe: 1.93
  [ 77%] 775/1000 trials — best sharpe: 1.93
  [ 80%] 800/1000 trials — best sharpe: 1.93
  [ 82%] 825/1000 trials — best sharpe: 1.93
  [ 85%] 850/1000 trials — best sharpe: 1.93
  [ 87%] 875/1000 trials — best sharpe: 1.93
  [ 90%] 900/1000 trials — best sharpe: 1.93
  [ 92%] 925/1000 trials — best sharpe: 2.01
  [ 95%] 950/1000 trials — best sharpe: 2.01
  [ 97%] 975/1000 trials — best sharpe: 2.01
  [100%] 1000/1000 trials — best sharpe: 2.01
Optimization complete — best sharpe: 2.01
max_position_pct (0.66) is above 5x equal weight (0.09) — provides little concentration protection
  Max drawdown: 16.30% | Sharpe: 2.01 | Win rate: 60.00%
max_position_pct (0.66) is above 5x equal weight (0.09) — provides little concentration protection
Fold 2/13: test 2021-06-11 → 2021-09-09
max_position_pct (0.66) is above 5x equal weight (0.09) — provides little concentration protection
Fold 3/13: test 2021-09-10 → 2021-12-08
max_position_pct (0.66) is above 5x equal weight (0.09) — provides little concentration protection
Fold 4/13: test 2021-12-09 → 2022-03-10
max_position_pct (0.66) is above 5x equal weight (0.09) — provides little concentration protection
Fold 5/13: test 2022-03-11 → 2022-06-09
max_position_pct (0.66) is above 5x equal weight (0.09) — provides little concentration protection
Fold 6/13: test 2022-06-10 → 2022-09-09
max_position_pct (0.66) is above 5x equal weight (0.09) — provides little concentration protection
Fold 7/13: test 2022-09-12 → 2022-12-08
max_position_pct (0.66) is above 5x equal weight (0.09) — provides little concentration protection
Fold 8/13: test 2022-12-09 → 2023-03-13
max_position_pct (0.66) is above 5x equal weight (0.09) — provides little concentration protection
Fold 9/13: test 2023-03-14 → 2023-06-12
max_position_pct (0.66) is above 5x equal weight (0.09) — provides little concentration protection
Fold 10/13: test 2023-06-13 → 2023-09-12
max_position_pct (0.66) is above 5x equal weight (0.09) — provides little concentration protection
Fold 11/13: test 2023-09-13 → 2023-12-11
max_position_pct (0.66) is above 5x equal weight (0.09) — provides little concentration protection
Fold 12/13: test 2023-12-12 → 2024-03-13
max_position_pct (0.66) is above 5x equal weight (0.09) — provides little concentration protection
Fold 13/13: test 2024-03-14 → 2024-08-27
max_position_pct (0.66) is above 5x equal weight (0.09) — provides little concentration protection
cell 12/32 done in 4m (elapsed 51m; ~85m remaining at the mean cell pace — 
frozen cells run far faster than re-fit cells)
sweep: best on stonks, seed base 54 [cell 13/32]
Fold 1/13: test 2021-03-12 → 2021-06-10
restart 1/4 (as of 2021-03-12)
Optimizing 2 strategies over 2015-07-28 to 2021-03-11
  objective: sharpe | train window: 2015-07-28 → 2021-03-11
  1000 trials across 5 workers
  [  2%] 25/1000 trials — best sharpe: 1.53
  [  5%] 50/1000 trials — best sharpe: 1.69
  [  7%] 75/1000 trials — best sharpe: 1.77
  [ 10%] 100/1000 trials — best sharpe: 1.77
  [ 12%] 125/1000 trials — best sharpe: 1.77
  [ 15%] 150/1000 trials — best sharpe: 1.77
  [ 17%] 175/1000 trials — best sharpe: 1.77
  [ 20%] 200/1000 trials — best sharpe: 1.77
  [ 22%] 225/1000 trials — best sharpe: 1.77
  [ 25%] 250/1000 trials — best sharpe: 1.77
  [ 27%] 275/1000 trials — best sharpe: 1.93
  [ 30%] 300/1000 trials — best sharpe: 1.93
  [ 32%] 325/1000 trials — best sharpe: 1.93
  [ 35%] 350/1000 trials — best sharpe: 1.93
  [ 37%] 375/1000 trials — best sharpe: 1.93
  [ 40%] 400/1000 trials — best sharpe: 1.93
  [ 42%] 425/1000 trials — best sharpe: 1.93
  [ 45%] 450/1000 trials — best sharpe: 1.93
  [ 47%] 475/1000 trials — best sharpe: 1.93
  [ 50%] 500/1000 trials — best sharpe: 1.93
  [ 52%] 525/1000 trials — best sharpe: 1.93
  [ 55%] 550/1000 trials — best sharpe: 1.93
  [ 57%] 575/1000 trials — best sharpe: 1.93
  [ 60%] 600/1000 trials — best sharpe: 1.93
  [ 62%] 625/1000 trials — best sharpe: 1.93
  [ 65%] 650/1000 trials — best sharpe: 1.93
  [ 67%] 675/1000 trials — best sharpe: 1.93
  [ 70%] 700/1000 trials — best sharpe: 1.93
  [ 72%] 725/1000 trials — best sharpe: 1.93
  [ 75%] 750/1000 trials — best sharpe: 1.93
  [ 77%] 775/1000 trials — best sharpe: 1.93
  [ 80%] 800/1000 trials — best sharpe: 1.93
  [ 82%] 825/1000 trials — best sharpe: 1.93
  [ 85%] 850/1000 trials — best sharpe: 1.93
  [ 87%] 875/1000 trials — best sharpe: 1.93
  [ 90%] 900/1000 trials — best sharpe: 1.93
  [ 92%] 925/1000 trials — best sharpe: 1.93
  [ 95%] 950/1000 trials — best sharpe: 1.93
  [ 97%] 975/1000 trials — best sharpe: 1.93
  [100%] 1000/1000 trials — best sharpe: 1.93
Optimization complete — best sharpe: 1.93
max_position_pct (0.66) is above 5x equal weight (0.09) — provides little concentration protection
  Max drawdown: 18.45% | Sharpe: 1.93 | Win rate: 53.08%
restart 2/4 (as of 2021-03-12)
Optimizing 2 strategies over 2015-07-28 to 2021-03-11
  objective: sharpe | train window: 2015-07-28 → 2021-03-11
  1000 trials across 5 workers
  [  2%] 25/1000 trials — best sharpe: 1.80
  [  5%] 50/1000 trials — best sharpe: 1.80
  [  7%] 75/1000 trials — best sharpe: 1.80
  [ 10%] 100/1000 trials — best sharpe: 1.80
  [ 12%] 125/1000 trials — best sharpe: 1.80
  [ 15%] 150/1000 trials — best sharpe: 1.81
  [ 17%] 175/1000 trials — best sharpe: 1.81
  [ 20%] 200/1000 trials — best sharpe: 1.81
  [ 22%] 225/1000 trials — best sharpe: 1.81
  [ 25%] 250/1000 trials — best sharpe: 1.81
  [ 27%] 275/1000 trials — best sharpe: 1.81
  [ 30%] 300/1000 trials — best sharpe: 1.86
  [ 32%] 325/1000 trials — best sharpe: 1.86
  [ 35%] 350/1000 trials — best sharpe: 1.86
  [ 37%] 375/1000 trials — best sharpe: 1.86
  [ 40%] 400/1000 trials — best sharpe: 1.86
  [ 42%] 425/1000 trials — best sharpe: 1.86
  [ 45%] 450/1000 trials — best sharpe: 1.86
  [ 47%] 475/1000 trials — best sharpe: 1.86
  [ 50%] 500/1000 trials — best sharpe: 1.86
  [ 52%] 525/1000 trials — best sharpe: 1.86
  [ 55%] 550/1000 trials — best sharpe: 1.86
  [ 57%] 575/1000 trials — best sharpe: 1.86
  [ 60%] 600/1000 trials — best sharpe: 1.86
  [ 62%] 625/1000 trials — best sharpe: 1.86
  [ 65%] 650/1000 trials — best sharpe: 1.86
  [ 67%] 675/1000 trials — best sharpe: 1.89
  [ 70%] 700/1000 trials — best sharpe: 1.89
  [ 72%] 725/1000 trials — best sharpe: 1.89
  [ 75%] 750/1000 trials — best sharpe: 1.89
  [ 77%] 775/1000 trials — best sharpe: 1.89
  [ 80%] 800/1000 trials — best sharpe: 1.89
  [ 82%] 825/1000 trials — best sharpe: 1.89
  [ 85%] 850/1000 trials — best sharpe: 1.89
  [ 87%] 875/1000 trials — best sharpe: 1.89
  [ 90%] 900/1000 trials — best sharpe: 1.89
  [ 92%] 925/1000 trials — best sharpe: 1.89
  [ 95%] 950/1000 trials — best sharpe: 1.89
  [ 97%] 975/1000 trials — best sharpe: 1.89
  [100%] 1000/1000 trials — best sharpe: 1.89
Optimization complete — best sharpe: 1.89
max_position_pct (0.66) is above 5x equal weight (0.09) — provides little concentration protection
  Max drawdown: 24.97% | Sharpe: 1.89 | Win rate: 49.12%
restart 3/4 (as of 2021-03-12)
Optimizing 2 strategies over 2015-07-28 to 2021-03-11
  objective: sharpe | train window: 2015-07-28 → 2021-03-11
  1000 trials across 5 workers
  [  2%] 25/1000 trials — best sharpe: 1.65
  [  5%] 50/1000 trials — best sharpe: 1.65
  [  7%] 75/1000 trials — best sharpe: 1.65
  [ 10%] 100/1000 trials — best sharpe: 1.65
  [ 12%] 125/1000 trials — best sharpe: 1.65
  [ 15%] 150/1000 trials — best sharpe: 1.65
  [ 17%] 175/1000 trials — best sharpe: 1.76
  [ 20%] 200/1000 trials — best sharpe: 1.76
  [ 22%] 225/1000 trials — best sharpe: 1.76
  [ 25%] 250/1000 trials — best sharpe: 1.76
  [ 27%] 275/1000 trials — best sharpe: 1.76
  [ 30%] 300/1000 trials — best sharpe: 1.76
  [ 32%] 325/1000 trials — best sharpe: 1.76
  [ 35%] 350/1000 trials — best sharpe: 1.76
  [ 37%] 375/1000 trials — best sharpe: 1.76
  [ 40%] 400/1000 trials — best sharpe: 1.76
  [ 42%] 425/1000 trials — best sharpe: 1.76
  [ 45%] 450/1000 trials — best sharpe: 1.79
  [ 47%] 475/1000 trials — best sharpe: 1.79
  [ 50%] 500/1000 trials — best sharpe: 1.79
  [ 52%] 525/1000 trials — best sharpe: 1.79
  [ 55%] 550/1000 trials — best sharpe: 1.79
  [ 57%] 575/1000 trials — best sharpe: 1.79
  [ 60%] 600/1000 trials — best sharpe: 1.79
  [ 62%] 625/1000 trials — best sharpe: 1.79
  [ 65%] 650/1000 trials — best sharpe: 1.79
  [ 67%] 675/1000 trials — best sharpe: 1.79
  [ 70%] 700/1000 trials — best sharpe: 1.79
  [ 72%] 725/1000 trials — best sharpe: 1.79
  [ 75%] 750/1000 trials — best sharpe: 1.79
  [ 77%] 775/1000 trials — best sharpe: 1.79
  [ 80%] 800/1000 trials — best sharpe: 1.79
  [ 82%] 825/1000 trials — best sharpe: 1.79
  [ 85%] 850/1000 trials — best sharpe: 1.79
  [ 87%] 875/1000 trials — best sharpe: 1.79
  [ 90%] 900/1000 trials — best sharpe: 1.79
  [ 92%] 925/1000 trials — best sharpe: 1.79
  [ 95%] 950/1000 trials — best sharpe: 1.79
  [ 97%] 975/1000 trials — best sharpe: 1.79
  [100%] 1000/1000 trials — best sharpe: 1.79
Optimization complete — best sharpe: 1.79
max_position_pct (0.66) is above 5x equal weight (0.09) — provides little concentration protection
  Max drawdown: 30.84% | Sharpe: 1.79 | Win rate: 51.67%
restart 4/4 (as of 2021-03-12)
Optimizing 2 strategies over 2015-07-28 to 2021-03-11
  objective: sharpe | train window: 2015-07-28 → 2021-03-11
  1000 trials across 5 workers
  [  2%] 25/1000 trials — best sharpe: 1.58
  [  5%] 50/1000 trials — best sharpe: 1.58
  [  7%] 75/1000 trials — best sharpe: 1.58
  [ 10%] 100/1000 trials — best sharpe: 1.58
  [ 12%] 125/1000 trials — best sharpe: 1.58
  [ 15%] 150/1000 trials — best sharpe: 1.70
  [ 17%] 175/1000 trials — best sharpe: 1.70
  [ 20%] 200/1000 trials — best sharpe: 1.76
  [ 22%] 225/1000 trials — best sharpe: 1.76
  [ 25%] 250/1000 trials — best sharpe: 1.76
  [ 27%] 275/1000 trials — best sharpe: 1.76
  [ 30%] 300/1000 trials — best sharpe: 1.81
  [ 32%] 325/1000 trials — best sharpe: 1.81
  [ 35%] 350/1000 trials — best sharpe: 1.81
  [ 37%] 375/1000 trials — best sharpe: 1.81
  [ 40%] 400/1000 trials — best sharpe: 1.81
  [ 42%] 425/1000 trials — best sharpe: 1.81
  [ 45%] 450/1000 trials — best sharpe: 1.81
  [ 47%] 475/1000 trials — best sharpe: 1.81
  [ 50%] 500/1000 trials — best sharpe: 1.81
  [ 52%] 525/1000 trials — best sharpe: 1.81
  [ 55%] 550/1000 trials — best sharpe: 1.81
  [ 57%] 575/1000 trials — best sharpe: 1.81
  [ 60%] 600/1000 trials — best sharpe: 1.81
  [ 62%] 625/1000 trials — best sharpe: 1.81
  [ 65%] 650/1000 trials — best sharpe: 1.81
  [ 67%] 675/1000 trials — best sharpe: 1.86
  [ 70%] 700/1000 trials — best sharpe: 1.86
  [ 72%] 725/1000 trials — best sharpe: 1.86
  [ 75%] 750/1000 trials — best sharpe: 1.86
  [ 77%] 775/1000 trials — best sharpe: 1.86
  [ 80%] 800/1000 trials — best sharpe: 1.86
  [ 82%] 825/1000 trials — best sharpe: 1.91
  [ 85%] 850/1000 trials — best sharpe: 1.91
  [ 87%] 875/1000 trials — best sharpe: 1.91
  [ 90%] 900/1000 trials — best sharpe: 1.91
  [ 92%] 925/1000 trials — best sharpe: 1.91
  [ 95%] 950/1000 trials — best sharpe: 1.91
  [ 97%] 975/1000 trials — best sharpe: 1.91
  [100%] 1000/1000 trials — best sharpe: 1.91
Optimization complete — best sharpe: 1.91
max_position_pct (0.66) is above 5x equal weight (0.09) — provides little concentration protection
  Max drawdown: 24.04% | Sharpe: 1.91 | Win rate: 52.38%
max_position_pct (0.66) is above 5x equal weight (0.09) — provides little concentration protection
Fold 2/13: test 2021-06-11 → 2021-09-09
max_position_pct (0.66) is above 5x equal weight (0.09) — provides little concentration protection
Fold 3/13: test 2021-09-10 → 2021-12-08
max_position_pct (0.66) is above 5x equal weight (0.09) — provides little concentration protection
Fold 4/13: test 2021-12-09 → 2022-03-10
max_position_pct (0.66) is above 5x equal weight (0.09) — provides little concentration protection
Fold 5/13: test 2022-03-11 → 2022-06-09
max_position_pct (0.66) is above 5x equal weight (0.09) — provides little concentration protection
Fold 6/13: test 2022-06-10 → 2022-09-09
max_position_pct (0.66) is above 5x equal weight (0.09) — provides little concentration protection
Fold 7/13: test 2022-09-12 → 2022-12-08
max_position_pct (0.66) is above 5x equal weight (0.09) — provides little concentration protection
Fold 8/13: test 2022-12-09 → 2023-03-13
max_position_pct (0.66) is above 5x equal weight (0.09) — provides little concentration protection
Fold 9/13: test 2023-03-14 → 2023-06-12
max_position_pct (0.66) is above 5x equal weight (0.09) — provides little concentration protection
Fold 10/13: test 2023-06-13 → 2023-09-12
max_position_pct (0.66) is above 5x equal weight (0.09) — provides little concentration protection
Fold 11/13: test 2023-09-13 → 2023-12-11
max_position_pct (0.66) is above 5x equal weight (0.09) — provides little concentration protection
Fold 12/13: test 2023-12-12 → 2024-03-13
max_position_pct (0.66) is above 5x equal weight (0.09) — provides little concentration protection
Fold 13/13: test 2024-03-14 → 2024-08-27
max_position_pct (0.66) is above 5x equal weight (0.09) — provides little concentration protection
cell 13/32 done in 4m (elapsed 55m; ~81m remaining at the mean cell pace — 
frozen cells run far faster than re-fit cells)
sweep: best on stonks, seed base 55 [cell 14/32]
Fold 1/13: test 2021-03-12 → 2021-06-10
restart 1/4 (as of 2021-03-12)
Optimizing 2 strategies over 2015-07-28 to 2021-03-11
  objective: sharpe | train window: 2015-07-28 → 2021-03-11
  1000 trials across 5 workers
  [  2%] 25/1000 trials — best sharpe: 1.77
  [  5%] 50/1000 trials — best sharpe: 1.77
  [  7%] 75/1000 trials — best sharpe: 1.77
  [ 10%] 100/1000 trials — best sharpe: 1.77
  [ 12%] 125/1000 trials — best sharpe: 1.79
  [ 15%] 150/1000 trials — best sharpe: 1.79
  [ 17%] 175/1000 trials — best sharpe: 1.79
  [ 20%] 200/1000 trials — best sharpe: 1.79
  [ 22%] 225/1000 trials — best sharpe: 1.79
  [ 25%] 250/1000 trials — best sharpe: 1.79
  [ 27%] 275/1000 trials — best sharpe: 1.79
  [ 30%] 300/1000 trials — best sharpe: 1.79
  [ 32%] 325/1000 trials — best sharpe: 1.79
  [ 35%] 350/1000 trials — best sharpe: 1.79
  [ 37%] 375/1000 trials — best sharpe: 1.79
  [ 40%] 400/1000 trials — best sharpe: 1.83
  [ 42%] 425/1000 trials — best sharpe: 1.83
  [ 45%] 450/1000 trials — best sharpe: 1.83
  [ 47%] 475/1000 trials — best sharpe: 1.83
  [ 50%] 500/1000 trials — best sharpe: 1.83
  [ 52%] 525/1000 trials — best sharpe: 1.84
  [ 55%] 550/1000 trials — best sharpe: 1.86
  [ 57%] 575/1000 trials — best sharpe: 1.86
  [ 60%] 600/1000 trials — best sharpe: 1.86
  [ 62%] 625/1000 trials — best sharpe: 1.86
  [ 65%] 650/1000 trials — best sharpe: 1.86
  [ 67%] 675/1000 trials — best sharpe: 1.86
  [ 70%] 700/1000 trials — best sharpe: 1.86
  [ 72%] 725/1000 trials — best sharpe: 1.86
  [ 75%] 750/1000 trials — best sharpe: 1.86
  [ 77%] 775/1000 trials — best sharpe: 1.86
  [ 80%] 800/1000 trials — best sharpe: 1.86
  [ 82%] 825/1000 trials — best sharpe: 1.86
  [ 85%] 850/1000 trials — best sharpe: 1.86
  [ 87%] 875/1000 trials — best sharpe: 1.86
  [ 90%] 900/1000 trials — best sharpe: 1.86
  [ 92%] 925/1000 trials — best sharpe: 1.86
  [ 95%] 950/1000 trials — best sharpe: 1.86
  [ 97%] 975/1000 trials — best sharpe: 1.86
  [100%] 1000/1000 trials — best sharpe: 1.86
Optimization complete — best sharpe: 1.86
max_position_pct (0.66) is above 5x equal weight (0.09) — provides little concentration protection
  Max drawdown: 26.57% | Sharpe: 1.86 | Win rate: 51.22%
restart 2/4 (as of 2021-03-12)
Optimizing 2 strategies over 2015-07-28 to 2021-03-11
  objective: sharpe | train window: 2015-07-28 → 2021-03-11
  1000 trials across 5 workers
  [  2%] 25/1000 trials — best sharpe: 1.53
  [  5%] 50/1000 trials — best sharpe: 1.69
  [  7%] 75/1000 trials — best sharpe: 1.69
  [ 10%] 100/1000 trials — best sharpe: 1.69
  [ 12%] 125/1000 trials — best sharpe: 1.69
  [ 15%] 150/1000 trials — best sharpe: 1.69
  [ 17%] 175/1000 trials — best sharpe: 1.79
  [ 20%] 200/1000 trials — best sharpe: 1.79
  [ 22%] 225/1000 trials — best sharpe: 1.79
  [ 25%] 250/1000 trials — best sharpe: 1.83
  [ 27%] 275/1000 trials — best sharpe: 1.83
  [ 30%] 300/1000 trials — best sharpe: 1.83
  [ 32%] 325/1000 trials — best sharpe: 1.83
  [ 35%] 350/1000 trials — best sharpe: 1.86
  [ 37%] 375/1000 trials — best sharpe: 1.86
  [ 40%] 400/1000 trials — best sharpe: 1.86
  [ 42%] 425/1000 trials — best sharpe: 1.86
  [ 45%] 450/1000 trials — best sharpe: 1.86
  [ 47%] 475/1000 trials — best sharpe: 1.90
  [ 50%] 500/1000 trials — best sharpe: 1.90
  [ 52%] 525/1000 trials — best sharpe: 1.90
  [ 55%] 550/1000 trials — best sharpe: 1.90
  [ 57%] 575/1000 trials — best sharpe: 1.90
  [ 60%] 600/1000 trials — best sharpe: 1.90
  [ 62%] 625/1000 trials — best sharpe: 1.90
  [ 65%] 650/1000 trials — best sharpe: 1.90
  [ 67%] 675/1000 trials — best sharpe: 1.90
  [ 70%] 700/1000 trials — best sharpe: 1.90
  [ 72%] 725/1000 trials — best sharpe: 1.90
  [ 75%] 750/1000 trials — best sharpe: 1.90
  [ 77%] 775/1000 trials — best sharpe: 1.90
  [ 80%] 800/1000 trials — best sharpe: 1.90
  [ 82%] 825/1000 trials — best sharpe: 1.90
  [ 85%] 850/1000 trials — best sharpe: 1.90
  [ 87%] 875/1000 trials — best sharpe: 1.90
  [ 90%] 900/1000 trials — best sharpe: 1.90
  [ 92%] 925/1000 trials — best sharpe: 1.90
  [ 95%] 950/1000 trials — best sharpe: 1.90
  [ 97%] 975/1000 trials — best sharpe: 1.90
  [100%] 1000/1000 trials — best sharpe: 1.90
Optimization complete — best sharpe: 1.90
max_position_pct (0.66) is above 5x equal weight (0.09) — provides little concentration protection
  Max drawdown: 25.32% | Sharpe: 1.90 | Win rate: 48.36%
restart 3/4 (as of 2021-03-12)
Optimizing 2 strategies over 2015-07-28 to 2021-03-11
  objective: sharpe | train window: 2015-07-28 → 2021-03-11
  1000 trials across 5 workers
  [  2%] 25/1000 trials — best sharpe: 1.72
  [  5%] 50/1000 trials — best sharpe: 1.75
  [  7%] 75/1000 trials — best sharpe: 1.75
  [ 10%] 100/1000 trials — best sharpe: 1.75
  [ 12%] 125/1000 trials — best sharpe: 1.75
  [ 15%] 150/1000 trials — best sharpe: 1.75
  [ 17%] 175/1000 trials — best sharpe: 1.75
  [ 20%] 200/1000 trials — best sharpe: 1.75
  [ 22%] 225/1000 trials — best sharpe: 1.75
  [ 25%] 250/1000 trials — best sharpe: 1.75
  [ 27%] 275/1000 trials — best sharpe: 1.75
  [ 30%] 300/1000 trials — best sharpe: 1.75
  [ 32%] 325/1000 trials — best sharpe: 1.76
  [ 35%] 350/1000 trials — best sharpe: 1.76
  [ 37%] 375/1000 trials — best sharpe: 1.76
  [ 40%] 400/1000 trials — best sharpe: 1.76
  [ 42%] 425/1000 trials — best sharpe: 1.76
  [ 45%] 450/1000 trials — best sharpe: 1.76
  [ 47%] 475/1000 trials — best sharpe: 1.84
  [ 50%] 500/1000 trials — best sharpe: 1.84
  [ 52%] 525/1000 trials — best sharpe: 1.84
  [ 55%] 550/1000 trials — best sharpe: 1.84
  [ 57%] 575/1000 trials — best sharpe: 1.84
  [ 60%] 600/1000 trials — best sharpe: 1.84
  [ 62%] 625/1000 trials — best sharpe: 1.84
  [ 65%] 650/1000 trials — best sharpe: 1.84
  [ 67%] 675/1000 trials — best sharpe: 1.84
  [ 70%] 700/1000 trials — best sharpe: 1.84
  [ 72%] 725/1000 trials — best sharpe: 1.84
  [ 75%] 750/1000 trials — best sharpe: 1.84
  [ 77%] 775/1000 trials — best sharpe: 1.84
  [ 80%] 800/1000 trials — best sharpe: 1.84
  [ 82%] 825/1000 trials — best sharpe: 1.91
  [ 85%] 850/1000 trials — best sharpe: 1.91
  [ 87%] 875/1000 trials — best sharpe: 1.91
  [ 90%] 900/1000 trials — best sharpe: 1.91
  [ 92%] 925/1000 trials — best sharpe: 1.91
  [ 95%] 950/1000 trials — best sharpe: 1.91
  [ 97%] 975/1000 trials — best sharpe: 1.91
  [100%] 1000/1000 trials — best sharpe: 1.91
Optimization complete — best sharpe: 1.91
max_position_pct (0.66) is above 5x equal weight (0.09) — provides little concentration protection
  Max drawdown: 26.54% | Sharpe: 1.91 | Win rate: 45.38%
restart 4/4 (as of 2021-03-12)
Optimizing 2 strategies over 2015-07-28 to 2021-03-11
  objective: sharpe | train window: 2015-07-28 → 2021-03-11
  1000 trials across 5 workers
  [  2%] 25/1000 trials — best sharpe: 1.58
  [  5%] 50/1000 trials — best sharpe: 1.58
  [  7%] 75/1000 trials — best sharpe: 1.77
  [ 10%] 100/1000 trials — best sharpe: 1.77
  [ 12%] 125/1000 trials — best sharpe: 1.77
  [ 15%] 150/1000 trials — best sharpe: 1.77
  [ 17%] 175/1000 trials — best sharpe: 1.79
  [ 20%] 200/1000 trials — best sharpe: 1.79
  [ 22%] 225/1000 trials — best sharpe: 1.79
  [ 25%] 250/1000 trials — best sharpe: 1.79
  [ 27%] 275/1000 trials — best sharpe: 1.79
  [ 30%] 300/1000 trials — best sharpe: 1.81
  [ 32%] 325/1000 trials — best sharpe: 1.81
  [ 35%] 350/1000 trials — best sharpe: 1.81
  [ 37%] 375/1000 trials — best sharpe: 1.81
  [ 40%] 400/1000 trials — best sharpe: 1.81
  [ 42%] 425/1000 trials — best sharpe: 1.81
  [ 45%] 450/1000 trials — best sharpe: 1.83
  [ 47%] 475/1000 trials — best sharpe: 1.83
  [ 50%] 500/1000 trials — best sharpe: 1.83
  [ 52%] 525/1000 trials — best sharpe: 1.83
  [ 55%] 550/1000 trials — best sharpe: 1.83
  [ 57%] 575/1000 trials — best sharpe: 1.83
  [ 60%] 600/1000 trials — best sharpe: 1.83
  [ 62%] 625/1000 trials — best sharpe: 1.83
  [ 65%] 650/1000 trials — best sharpe: 1.83
  [ 67%] 675/1000 trials — best sharpe: 1.83
  [ 70%] 700/1000 trials — best sharpe: 1.91
  [ 72%] 725/1000 trials — best sharpe: 1.91
  [ 75%] 750/1000 trials — best sharpe: 1.91
  [ 77%] 775/1000 trials — best sharpe: 1.91
  [ 80%] 800/1000 trials — best sharpe: 1.91
  [ 82%] 825/1000 trials — best sharpe: 1.91
  [ 85%] 850/1000 trials — best sharpe: 1.91
  [ 87%] 875/1000 trials — best sharpe: 1.91
  [ 90%] 900/1000 trials — best sharpe: 1.91
  [ 92%] 925/1000 trials — best sharpe: 1.91
  [ 95%] 950/1000 trials — best sharpe: 1.91
  [ 97%] 975/1000 trials — best sharpe: 1.91
  [100%] 1000/1000 trials — best sharpe: 1.91
Optimization complete — best sharpe: 1.91
max_position_pct (0.66) is above 5x equal weight (0.09) — provides little concentration protection
  Max drawdown: 23.90% | Sharpe: 1.91 | Win rate: 52.21%
max_position_pct (0.66) is above 5x equal weight (0.09) — provides little concentration protection
Fold 2/13: test 2021-06-11 → 2021-09-09
max_position_pct (0.66) is above 5x equal weight (0.09) — provides little concentration protection
Fold 3/13: test 2021-09-10 → 2021-12-08
max_position_pct (0.66) is above 5x equal weight (0.09) — provides little concentration protection
Fold 4/13: test 2021-12-09 → 2022-03-10
max_position_pct (0.66) is above 5x equal weight (0.09) — provides little concentration protection
Fold 5/13: test 2022-03-11 → 2022-06-09
max_position_pct (0.66) is above 5x equal weight (0.09) — provides little concentration protection
Fold 6/13: test 2022-06-10 → 2022-09-09
max_position_pct (0.66) is above 5x equal weight (0.09) — provides little concentration protection
Fold 7/13: test 2022-09-12 → 2022-12-08
max_position_pct (0.66) is above 5x equal weight (0.09) — provides little concentration protection
Fold 8/13: test 2022-12-09 → 2023-03-13
max_position_pct (0.66) is above 5x equal weight (0.09) — provides little concentration protection
Fold 9/13: test 2023-03-14 → 2023-06-12
max_position_pct (0.66) is above 5x equal weight (0.09) — provides little concentration protection
Fold 10/13: test 2023-06-13 → 2023-09-12
max_position_pct (0.66) is above 5x equal weight (0.09) — provides little concentration protection
Fold 11/13: test 2023-09-13 → 2023-12-11
max_position_pct (0.66) is above 5x equal weight (0.09) — provides little concentration protection
Fold 12/13: test 2023-12-12 → 2024-03-13
max_position_pct (0.66) is above 5x equal weight (0.09) — provides little concentration protection
Fold 13/13: test 2024-03-14 → 2024-08-27
max_position_pct (0.66) is above 5x equal weight (0.09) — provides little concentration protection
cell 14/32 done in 7m (elapsed 62m; ~80m remaining at the mean cell pace — 
frozen cells run far faster than re-fit cells)
sweep: best on stonks, seed base 56 [cell 15/32]
Fold 1/13: test 2021-03-12 → 2021-06-10
restart 1/4 (as of 2021-03-12)
Optimizing 2 strategies over 2015-07-28 to 2021-03-11
  objective: sharpe | train window: 2015-07-28 → 2021-03-11
  1000 trials across 5 workers
  [  2%] 25/1000 trials — best sharpe: 1.66
  [  5%] 50/1000 trials — best sharpe: 1.66
  [  7%] 75/1000 trials — best sharpe: 1.66
  [ 10%] 100/1000 trials — best sharpe: 1.66
  [ 12%] 125/1000 trials — best sharpe: 1.66
  [ 15%] 150/1000 trials — best sharpe: 1.66
  [ 17%] 175/1000 trials — best sharpe: 1.66
  [ 20%] 200/1000 trials — best sharpe: 1.67
  [ 22%] 225/1000 trials — best sharpe: 1.67
  [ 25%] 250/1000 trials — best sharpe: 1.79
  [ 27%] 275/1000 trials — best sharpe: 1.79
  [ 30%] 300/1000 trials — best sharpe: 1.79
  [ 32%] 325/1000 trials — best sharpe: 1.79
  [ 35%] 350/1000 trials — best sharpe: 1.79
  [ 37%] 375/1000 trials — best sharpe: 1.79
  [ 40%] 400/1000 trials — best sharpe: 1.79
  [ 42%] 425/1000 trials — best sharpe: 1.79
  [ 45%] 450/1000 trials — best sharpe: 1.79
  [ 47%] 475/1000 trials — best sharpe: 1.79
  [ 50%] 500/1000 trials — best sharpe: 1.79
  [ 52%] 525/1000 trials — best sharpe: 1.79
  [ 55%] 550/1000 trials — best sharpe: 1.79
  [ 57%] 575/1000 trials — best sharpe: 1.79
  [ 60%] 600/1000 trials — best sharpe: 1.79
  [ 62%] 625/1000 trials — best sharpe: 1.79
  [ 65%] 650/1000 trials — best sharpe: 1.79
  [ 67%] 675/1000 trials — best sharpe: 1.79
  [ 70%] 700/1000 trials — best sharpe: 1.79
  [ 72%] 725/1000 trials — best sharpe: 1.79
  [ 75%] 750/1000 trials — best sharpe: 1.79
  [ 77%] 775/1000 trials — best sharpe: 1.79
  [ 80%] 800/1000 trials — best sharpe: 1.79
  [ 82%] 825/1000 trials — best sharpe: 1.79
  [ 85%] 850/1000 trials — best sharpe: 1.79
  [ 87%] 875/1000 trials — best sharpe: 1.79
  [ 90%] 900/1000 trials — best sharpe: 1.79
  [ 92%] 925/1000 trials — best sharpe: 1.79
  [ 95%] 950/1000 trials — best sharpe: 1.79
  [ 97%] 975/1000 trials — best sharpe: 1.79
  [100%] 1000/1000 trials — best sharpe: 1.79
Optimization complete — best sharpe: 1.79
max_position_pct (0.66) is above 5x equal weight (0.09) — provides little concentration protection
  Max drawdown: 25.01% | Sharpe: 1.79 | Win rate: 52.59%
restart 2/4 (as of 2021-03-12)
Optimizing 2 strategies over 2015-07-28 to 2021-03-11
  objective: sharpe | train window: 2015-07-28 → 2021-03-11
  1000 trials across 5 workers
  [  2%] 25/1000 trials — best sharpe: 1.63
  [  5%] 50/1000 trials — best sharpe: 1.63
  [  7%] 75/1000 trials — best sharpe: 1.65
  [ 10%] 100/1000 trials — best sharpe: 1.65
  [ 12%] 125/1000 trials — best sharpe: 1.65
  [ 15%] 150/1000 trials — best sharpe: 1.65
  [ 17%] 175/1000 trials — best sharpe: 1.65
  [ 20%] 200/1000 trials — best sharpe: 1.65
  [ 22%] 225/1000 trials — best sharpe: 1.65
  [ 25%] 250/1000 trials — best sharpe: 1.77
  [ 27%] 275/1000 trials — best sharpe: 1.77
  [ 30%] 300/1000 trials — best sharpe: 1.77
  [ 32%] 325/1000 trials — best sharpe: 1.77
  [ 35%] 350/1000 trials — best sharpe: 1.77
  [ 37%] 375/1000 trials — best sharpe: 1.77
  [ 40%] 400/1000 trials — best sharpe: 1.77
  [ 42%] 425/1000 trials — best sharpe: 1.77
  [ 45%] 450/1000 trials — best sharpe: 1.97
  [ 47%] 475/1000 trials — best sharpe: 1.97
  [ 50%] 500/1000 trials — best sharpe: 1.97
  [ 52%] 525/1000 trials — best sharpe: 1.97
  [ 55%] 550/1000 trials — best sharpe: 1.97
  [ 57%] 575/1000 trials — best sharpe: 1.97
  [ 60%] 600/1000 trials — best sharpe: 1.97
  [ 62%] 625/1000 trials — best sharpe: 1.97
  [ 65%] 650/1000 trials — best sharpe: 1.97
  [ 67%] 675/1000 trials — best sharpe: 1.97
  [ 70%] 700/1000 trials — best sharpe: 1.97
  [ 72%] 725/1000 trials — best sharpe: 1.97
  [ 75%] 750/1000 trials — best sharpe: 1.97
  [ 77%] 775/1000 trials — best sharpe: 1.97
  [ 80%] 800/1000 trials — best sharpe: 1.97
  [ 82%] 825/1000 trials — best sharpe: 1.97
  [ 85%] 850/1000 trials — best sharpe: 1.97
  [ 87%] 875/1000 trials — best sharpe: 1.97
  [ 90%] 900/1000 trials — best sharpe: 1.97
  [ 92%] 925/1000 trials — best sharpe: 1.97
  [ 95%] 950/1000 trials — best sharpe: 1.97
  [ 97%] 975/1000 trials — best sharpe: 1.97
  [100%] 1000/1000 trials — best sharpe: 1.97
Optimization complete — best sharpe: 1.97
max_position_pct (0.66) is above 5x equal weight (0.09) — provides little concentration protection
  Max drawdown: 18.41% | Sharpe: 1.97 | Win rate: 55.47%
restart 3/4 (as of 2021-03-12)
Optimizing 2 strategies over 2015-07-28 to 2021-03-11
  objective: sharpe | train window: 2015-07-28 → 2021-03-11
  1000 trials across 5 workers
  [  2%] 25/1000 trials — best sharpe: 1.74
  [  5%] 50/1000 trials — best sharpe: 1.83
  [  7%] 75/1000 trials — best sharpe: 1.83
  [ 10%] 100/1000 trials — best sharpe: 1.83
  [ 12%] 125/1000 trials — best sharpe: 1.83
  [ 15%] 150/1000 trials — best sharpe: 1.83
  [ 17%] 175/1000 trials — best sharpe: 1.83
  [ 20%] 200/1000 trials — best sharpe: 1.83
  [ 22%] 225/1000 trials — best sharpe: 1.83
  [ 25%] 250/1000 trials — best sharpe: 1.90
  [ 27%] 275/1000 trials — best sharpe: 1.90
  [ 30%] 300/1000 trials — best sharpe: 1.90
  [ 32%] 325/1000 trials — best sharpe: 1.90
  [ 35%] 350/1000 trials — best sharpe: 1.90
  [ 37%] 375/1000 trials — best sharpe: 1.90
  [ 40%] 400/1000 trials — best sharpe: 1.90
  [ 42%] 425/1000 trials — best sharpe: 1.90
  [ 45%] 450/1000 trials — best sharpe: 1.90
  [ 47%] 475/1000 trials — best sharpe: 1.91
  [ 50%] 500/1000 trials — best sharpe: 1.91
  [ 52%] 525/1000 trials — best sharpe: 1.91
  [ 55%] 550/1000 trials — best sharpe: 1.91
  [ 57%] 575/1000 trials — best sharpe: 1.91
  [ 60%] 600/1000 trials — best sharpe: 1.91
  [ 62%] 625/1000 trials — best sharpe: 1.91
  [ 65%] 650/1000 trials — best sharpe: 1.91
  [ 67%] 675/1000 trials — best sharpe: 1.91
  [ 70%] 700/1000 trials — best sharpe: 1.91
  [ 72%] 725/1000 trials — best sharpe: 1.91
  [ 75%] 750/1000 trials — best sharpe: 1.91
  [ 77%] 775/1000 trials — best sharpe: 1.91
  [ 80%] 800/1000 trials — best sharpe: 1.91
  [ 82%] 825/1000 trials — best sharpe: 1.91
  [ 85%] 850/1000 trials — best sharpe: 1.91
  [ 87%] 875/1000 trials — best sharpe: 1.91
  [ 90%] 900/1000 trials — best sharpe: 1.91
  [ 92%] 925/1000 trials — best sharpe: 1.91
  [ 95%] 950/1000 trials — best sharpe: 1.91
  [ 97%] 975/1000 trials — best sharpe: 1.91
  [100%] 1000/1000 trials — best sharpe: 1.91
Optimization complete — best sharpe: 1.91
max_position_pct (0.66) is above 5x equal weight (0.09) — provides little concentration protection
  Max drawdown: 28.51% | Sharpe: 1.91 | Win rate: 45.45%
restart 4/4 (as of 2021-03-12)
Optimizing 2 strategies over 2015-07-28 to 2021-03-11
  objective: sharpe | train window: 2015-07-28 → 2021-03-11
  1000 trials across 5 workers
  [  2%] 25/1000 trials — best sharpe: 1.44
  [  5%] 50/1000 trials — best sharpe: 1.55
  [  7%] 75/1000 trials — best sharpe: 1.68
  [ 10%] 100/1000 trials — best sharpe: 1.68
  [ 12%] 125/1000 trials — best sharpe: 1.76
  [ 15%] 150/1000 trials — best sharpe: 1.76
  [ 17%] 175/1000 trials — best sharpe: 1.76
  [ 20%] 200/1000 trials — best sharpe: 1.78
  [ 22%] 225/1000 trials — best sharpe: 1.78
  [ 25%] 250/1000 trials — best sharpe: 1.87
  [ 27%] 275/1000 trials — best sharpe: 1.87
  [ 30%] 300/1000 trials — best sharpe: 1.87
  [ 32%] 325/1000 trials — best sharpe: 1.87
  [ 35%] 350/1000 trials — best sharpe: 1.87
  [ 37%] 375/1000 trials — best sharpe: 1.87
  [ 40%] 400/1000 trials — best sharpe: 1.87
  [ 42%] 425/1000 trials — best sharpe: 1.87
  [ 45%] 450/1000 trials — best sharpe: 1.87
  [ 47%] 475/1000 trials — best sharpe: 1.87
  [ 50%] 500/1000 trials — best sharpe: 1.87
  [ 52%] 525/1000 trials — best sharpe: 1.87
  [ 55%] 550/1000 trials — best sharpe: 1.87
  [ 57%] 575/1000 trials — best sharpe: 1.87
  [ 60%] 600/1000 trials — best sharpe: 1.87
  [ 62%] 625/1000 trials — best sharpe: 1.87
  [ 65%] 650/1000 trials — best sharpe: 1.87
  [ 67%] 675/1000 trials — best sharpe: 1.87
  [ 70%] 700/1000 trials — best sharpe: 1.87
  [ 72%] 725/1000 trials — best sharpe: 1.87
  [ 75%] 750/1000 trials — best sharpe: 1.87
  [ 77%] 775/1000 trials — best sharpe: 1.87
  [ 80%] 800/1000 trials — best sharpe: 1.87
  [ 82%] 825/1000 trials — best sharpe: 1.87
  [ 85%] 850/1000 trials — best sharpe: 1.87
  [ 87%] 875/1000 trials — best sharpe: 1.87
  [ 90%] 900/1000 trials — best sharpe: 1.87
  [ 92%] 925/1000 trials — best sharpe: 1.87
  [ 95%] 950/1000 trials — best sharpe: 1.87
  [ 97%] 975/1000 trials — best sharpe: 1.87
  [100%] 1000/1000 trials — best sharpe: 1.87
Optimization complete — best sharpe: 1.87
max_position_pct (0.66) is above 5x equal weight (0.09) — provides little concentration protection
  Max drawdown: 29.75% | Sharpe: 1.87 | Win rate: 52.54%
max_position_pct (0.66) is above 5x equal weight (0.09) — provides little concentration protection
Fold 2/13: test 2021-06-11 → 2021-09-09
max_position_pct (0.66) is above 5x equal weight (0.09) — provides little concentration protection
Fold 3/13: test 2021-09-10 → 2021-12-08
max_position_pct (0.66) is above 5x equal weight (0.09) — provides little concentration protection
Fold 4/13: test 2021-12-09 → 2022-03-10
max_position_pct (0.66) is above 5x equal weight (0.09) — provides little concentration protection
Fold 5/13: test 2022-03-11 → 2022-06-09
max_position_pct (0.66) is above 5x equal weight (0.09) — provides little concentration protection
Fold 6/13: test 2022-06-10 → 2022-09-09
max_position_pct (0.66) is above 5x equal weight (0.09) — provides little concentration protection
Fold 7/13: test 2022-09-12 → 2022-12-08
max_position_pct (0.66) is above 5x equal weight (0.09) — provides little concentration protection
Fold 8/13: test 2022-12-09 → 2023-03-13
max_position_pct (0.66) is above 5x equal weight (0.09) — provides little concentration protection
Fold 9/13: test 2023-03-14 → 2023-06-12
max_position_pct (0.66) is above 5x equal weight (0.09) — provides little concentration protection
Fold 10/13: test 2023-06-13 → 2023-09-12
max_position_pct (0.66) is above 5x equal weight (0.09) — provides little concentration protection
Fold 11/13: test 2023-09-13 → 2023-12-11
max_position_pct (0.66) is above 5x equal weight (0.09) — provides little concentration protection
Fold 12/13: test 2023-12-12 → 2024-03-13
max_position_pct (0.66) is above 5x equal weight (0.09) — provides little concentration protection
Fold 13/13: test 2024-03-14 → 2024-08-27
max_position_pct (0.66) is above 5x equal weight (0.09) — provides little concentration protection
cell 15/32 done in 4m (elapsed 66m; ~75m remaining at the mean cell pace — 
frozen cells run far faster than re-fit cells)
sweep: best on stonks, seed base 57 [cell 16/32]
Fold 1/13: test 2021-03-12 → 2021-06-10
restart 1/4 (as of 2021-03-12)
Optimizing 2 strategies over 2015-07-28 to 2021-03-11
  objective: sharpe | train window: 2015-07-28 → 2021-03-11
  1000 trials across 5 workers
  [  2%] 25/1000 trials — best sharpe: 1.64
  [  5%] 50/1000 trials — best sharpe: 1.78
  [  7%] 75/1000 trials — best sharpe: 1.78
  [ 10%] 100/1000 trials — best sharpe: 1.80
  [ 12%] 125/1000 trials — best sharpe: 1.80
  [ 15%] 150/1000 trials — best sharpe: 1.80
  [ 17%] 175/1000 trials — best sharpe: 1.88
  [ 20%] 200/1000 trials — best sharpe: 1.88
  [ 22%] 225/1000 trials — best sharpe: 1.88
  [ 25%] 250/1000 trials — best sharpe: 1.88
  [ 27%] 275/1000 trials — best sharpe: 1.88
  [ 30%] 300/1000 trials — best sharpe: 1.88
  [ 32%] 325/1000 trials — best sharpe: 1.88
  [ 35%] 350/1000 trials — best sharpe: 1.88
  [ 37%] 375/1000 trials — best sharpe: 1.97
  [ 40%] 400/1000 trials — best sharpe: 1.97
  [ 42%] 425/1000 trials — best sharpe: 1.97
  [ 45%] 450/1000 trials — best sharpe: 1.97
  [ 47%] 475/1000 trials — best sharpe: 1.97
  [ 50%] 500/1000 trials — best sharpe: 1.97
  [ 52%] 525/1000 trials — best sharpe: 1.97
  [ 55%] 550/1000 trials — best sharpe: 1.97
  [ 57%] 575/1000 trials — best sharpe: 1.97
  [ 60%] 600/1000 trials — best sharpe: 1.97
  [ 62%] 625/1000 trials — best sharpe: 1.97
  [ 65%] 650/1000 trials — best sharpe: 1.97
  [ 67%] 675/1000 trials — best sharpe: 1.97
  [ 70%] 700/1000 trials — best sharpe: 1.97
  [ 72%] 725/1000 trials — best sharpe: 1.97
  [ 75%] 750/1000 trials — best sharpe: 1.97
  [ 77%] 775/1000 trials — best sharpe: 1.97
  [ 80%] 800/1000 trials — best sharpe: 1.97
  [ 82%] 825/1000 trials — best sharpe: 1.97
  [ 85%] 850/1000 trials — best sharpe: 1.97
  [ 87%] 875/1000 trials — best sharpe: 1.97
  [ 90%] 900/1000 trials — best sharpe: 1.97
  [ 92%] 925/1000 trials — best sharpe: 1.97
  [ 95%] 950/1000 trials — best sharpe: 1.97
  [ 97%] 975/1000 trials — best sharpe: 1.97
  [100%] 1000/1000 trials — best sharpe: 1.97
Optimization complete — best sharpe: 1.97
max_position_pct (0.66) is above 5x equal weight (0.09) — provides little concentration protection
  Max drawdown: 18.89% | Sharpe: 1.97 | Win rate: 55.47%
restart 2/4 (as of 2021-03-12)
Optimizing 2 strategies over 2015-07-28 to 2021-03-11
  objective: sharpe | train window: 2015-07-28 → 2021-03-11
  1000 trials across 5 workers
  [  2%] 25/1000 trials — best sharpe: 1.52
  [  5%] 50/1000 trials — best sharpe: 1.69
  [  7%] 75/1000 trials — best sharpe: 1.74
  [ 10%] 100/1000 trials — best sharpe: 1.74
  [ 12%] 125/1000 trials — best sharpe: 1.74
  [ 15%] 150/1000 trials — best sharpe: 1.74
  [ 17%] 175/1000 trials — best sharpe: 1.74
  [ 20%] 200/1000 trials — best sharpe: 1.74
  [ 22%] 225/1000 trials — best sharpe: 1.74
  [ 25%] 250/1000 trials — best sharpe: 1.74
  [ 27%] 275/1000 trials — best sharpe: 1.74
  [ 30%] 300/1000 trials — best sharpe: 1.74
  [ 32%] 325/1000 trials — best sharpe: 1.80
  [ 35%] 350/1000 trials — best sharpe: 1.80
  [ 37%] 375/1000 trials — best sharpe: 1.80
  [ 40%] 400/1000 trials — best sharpe: 1.80
  [ 42%] 425/1000 trials — best sharpe: 1.80
  [ 45%] 450/1000 trials — best sharpe: 1.80
  [ 47%] 475/1000 trials — best sharpe: 1.81
  [ 50%] 500/1000 trials — best sharpe: 1.90
  [ 52%] 525/1000 trials — best sharpe: 1.90
  [ 55%] 550/1000 trials — best sharpe: 1.90
  [ 57%] 575/1000 trials — best sharpe: 1.90
  [ 60%] 600/1000 trials — best sharpe: 1.90
  [ 62%] 625/1000 trials — best sharpe: 1.90
  [ 65%] 650/1000 trials — best sharpe: 1.90
  [ 67%] 675/1000 trials — best sharpe: 1.90
  [ 70%] 700/1000 trials — best sharpe: 1.90
  [ 72%] 725/1000 trials — best sharpe: 1.90
  [ 75%] 750/1000 trials — best sharpe: 1.90
  [ 77%] 775/1000 trials — best sharpe: 1.90
  [ 80%] 800/1000 trials — best sharpe: 1.90
  [ 82%] 825/1000 trials — best sharpe: 1.90
  [ 85%] 850/1000 trials — best sharpe: 1.90
  [ 87%] 875/1000 trials — best sharpe: 1.90
  [ 90%] 900/1000 trials — best sharpe: 1.90
  [ 92%] 925/1000 trials — best sharpe: 1.90
  [ 95%] 950/1000 trials — best sharpe: 1.90
  [ 97%] 975/1000 trials — best sharpe: 1.90
  [100%] 1000/1000 trials — best sharpe: 1.90
Optimization complete — best sharpe: 1.90
max_position_pct (0.66) is above 5x equal weight (0.09) — provides little concentration protection
  Max drawdown: 23.24% | Sharpe: 1.90 | Win rate: 55.93%
restart 3/4 (as of 2021-03-12)
Optimizing 2 strategies over 2015-07-28 to 2021-03-11
  objective: sharpe | train window: 2015-07-28 → 2021-03-11
  1000 trials across 5 workers
  [  2%] 25/1000 trials — best sharpe: 1.48
  [  5%] 50/1000 trials — best sharpe: 1.56
  [  7%] 75/1000 trials — best sharpe: 1.59
  [ 10%] 100/1000 trials — best sharpe: 1.60
  [ 12%] 125/1000 trials — best sharpe: 1.70
  [ 15%] 150/1000 trials — best sharpe: 1.70
  [ 17%] 175/1000 trials — best sharpe: 1.70
  [ 20%] 200/1000 trials — best sharpe: 1.70
  [ 22%] 225/1000 trials — best sharpe: 1.70
  [ 25%] 250/1000 trials — best sharpe: 1.70
  [ 27%] 275/1000 trials — best sharpe: 1.70
  [ 30%] 300/1000 trials — best sharpe: 1.72
  [ 32%] 325/1000 trials — best sharpe: 1.79
  [ 35%] 350/1000 trials — best sharpe: 1.80
  [ 37%] 375/1000 trials — best sharpe: 1.81
  [ 40%] 400/1000 trials — best sharpe: 1.92
  [ 42%] 425/1000 trials — best sharpe: 1.92
  [ 45%] 450/1000 trials — best sharpe: 1.92
  [ 47%] 475/1000 trials — best sharpe: 1.92
  [ 50%] 500/1000 trials — best sharpe: 1.92
  [ 52%] 525/1000 trials — best sharpe: 1.92
  [ 55%] 550/1000 trials — best sharpe: 1.92
  [ 57%] 575/1000 trials — best sharpe: 1.92
  [ 60%] 600/1000 trials — best sharpe: 1.92
  [ 62%] 625/1000 trials — best sharpe: 1.92
  [ 65%] 650/1000 trials — best sharpe: 1.93
  [ 67%] 675/1000 trials — best sharpe: 1.93
  [ 70%] 700/1000 trials — best sharpe: 1.93
  [ 72%] 725/1000 trials — best sharpe: 1.93
  [ 75%] 750/1000 trials — best sharpe: 1.93
  [ 77%] 775/1000 trials — best sharpe: 1.93
  [ 80%] 800/1000 trials — best sharpe: 1.93
  [ 82%] 825/1000 trials — best sharpe: 1.93
  [ 85%] 850/1000 trials — best sharpe: 1.93
  [ 87%] 875/1000 trials — best sharpe: 1.93
  [ 90%] 900/1000 trials — best sharpe: 1.93
  [ 92%] 925/1000 trials — best sharpe: 1.93
  [ 95%] 950/1000 trials — best sharpe: 1.93
  [ 97%] 975/1000 trials — best sharpe: 1.93
  [100%] 1000/1000 trials — best sharpe: 1.93
Optimization complete — best sharpe: 1.93
max_position_pct (0.66) is above 5x equal weight (0.09) — provides little concentration protection
  Max drawdown: 26.34% | Sharpe: 1.93 | Win rate: 50.00%
restart 4/4 (as of 2021-03-12)
Optimizing 2 strategies over 2015-07-28 to 2021-03-11
  objective: sharpe | train window: 2015-07-28 → 2021-03-11
  1000 trials across 5 workers
  [  2%] 25/1000 trials — best sharpe: 1.63
  [  5%] 50/1000 trials — best sharpe: 1.63
  [  7%] 75/1000 trials — best sharpe: 1.74
  [ 10%] 100/1000 trials — best sharpe: 1.74
  [ 12%] 125/1000 trials — best sharpe: 1.74
  [ 15%] 150/1000 trials — best sharpe: 1.74
  [ 17%] 175/1000 trials — best sharpe: 1.74
  [ 20%] 200/1000 trials — best sharpe: 1.74
  [ 22%] 225/1000 trials — best sharpe: 1.74
  [ 25%] 250/1000 trials — best sharpe: 1.74
  [ 27%] 275/1000 trials — best sharpe: 1.74
  [ 30%] 300/1000 trials — best sharpe: 1.76
  [ 32%] 325/1000 trials — best sharpe: 1.76
  [ 35%] 350/1000 trials — best sharpe: 1.76
  [ 37%] 375/1000 trials — best sharpe: 1.76
  [ 40%] 400/1000 trials — best sharpe: 1.81
  [ 42%] 425/1000 trials — best sharpe: 1.81
  [ 45%] 450/1000 trials — best sharpe: 1.81
  [ 47%] 475/1000 trials — best sharpe: 1.81
  [ 50%] 500/1000 trials — best sharpe: 1.81
  [ 52%] 525/1000 trials — best sharpe: 1.81
  [ 55%] 550/1000 trials — best sharpe: 1.81
  [ 57%] 575/1000 trials — best sharpe: 1.81
  [ 60%] 600/1000 trials — best sharpe: 1.81
  [ 62%] 625/1000 trials — best sharpe: 1.81
  [ 65%] 650/1000 trials — best sharpe: 1.81
  [ 67%] 675/1000 trials — best sharpe: 1.81
  [ 70%] 700/1000 trials — best sharpe: 1.81
  [ 72%] 725/1000 trials — best sharpe: 1.81
  [ 75%] 750/1000 trials — best sharpe: 1.81
  [ 77%] 775/1000 trials — best sharpe: 1.81
  [ 80%] 800/1000 trials — best sharpe: 1.81
  [ 82%] 825/1000 trials — best sharpe: 1.81
  [ 85%] 850/1000 trials — best sharpe: 1.81
  [ 87%] 875/1000 trials — best sharpe: 1.81
  [ 90%] 900/1000 trials — best sharpe: 1.81
  [ 92%] 925/1000 trials — best sharpe: 1.81
  [ 95%] 950/1000 trials — best sharpe: 1.81
  [ 97%] 975/1000 trials — best sharpe: 1.81
  [100%] 1000/1000 trials — best sharpe: 1.81
Optimization complete — best sharpe: 1.81
max_position_pct (0.66) is above 5x equal weight (0.09) — provides little concentration protection
  Max drawdown: 20.48% | Sharpe: 1.81 | Win rate: 50.79%
max_position_pct (0.66) is above 5x equal weight (0.09) — provides little concentration protection
Fold 2/13: test 2021-06-11 → 2021-09-09
max_position_pct (0.66) is above 5x equal weight (0.09) — provides little concentration protection
Fold 3/13: test 2021-09-10 → 2021-12-08
max_position_pct (0.66) is above 5x equal weight (0.09) — provides little concentration protection
Fold 4/13: test 2021-12-09 → 2022-03-10
max_position_pct (0.66) is above 5x equal weight (0.09) — provides little concentration protection
Fold 5/13: test 2022-03-11 → 2022-06-09
max_position_pct (0.66) is above 5x equal weight (0.09) — provides little concentration protection
Fold 6/13: test 2022-06-10 → 2022-09-09
max_position_pct (0.66) is above 5x equal weight (0.09) — provides little concentration protection
Fold 7/13: test 2022-09-12 → 2022-12-08
max_position_pct (0.66) is above 5x equal weight (0.09) — provides little concentration protection
Fold 8/13: test 2022-12-09 → 2023-03-13
max_position_pct (0.66) is above 5x equal weight (0.09) — provides little concentration protection
Fold 9/13: test 2023-03-14 → 2023-06-12
max_position_pct (0.66) is above 5x equal weight (0.09) — provides little concentration protection
Fold 10/13: test 2023-06-13 → 2023-09-12
max_position_pct (0.66) is above 5x equal weight (0.09) — provides little concentration protection
Fold 11/13: test 2023-09-13 → 2023-12-11
max_position_pct (0.66) is above 5x equal weight (0.09) — provides little concentration protection
Fold 12/13: test 2023-12-12 → 2024-03-13
max_position_pct (0.66) is above 5x equal weight (0.09) — provides little concentration protection
Fold 13/13: test 2024-03-14 → 2024-08-27
max_position_pct (0.66) is above 5x equal weight (0.09) — provides little concentration protection
cell 16/32 done in 4m (elapsed 70m; ~70m remaining at the mean cell pace — 
frozen cells run far faster than re-fit cells)
sweep: ensemble on stonks, seed base 42 [cell 17/32]
Fold 1/13: test 2021-03-12 → 2021-06-10
restart 1/4 (as of 2021-03-12)
Optimizing 2 strategies over 2015-07-28 to 2021-03-11
  objective: sharpe | train window: 2015-07-28 → 2021-03-11
  1000 trials across 5 workers
  [  2%] 25/1000 trials — best sharpe: 1.71
  [  5%] 50/1000 trials — best sharpe: 1.74
  [  7%] 75/1000 trials — best sharpe: 1.74
  [ 10%] 100/1000 trials — best sharpe: 1.74
  [ 12%] 125/1000 trials — best sharpe: 1.74
  [ 15%] 150/1000 trials — best sharpe: 1.75
  [ 17%] 175/1000 trials — best sharpe: 1.75
  [ 20%] 200/1000 trials — best sharpe: 1.75
  [ 22%] 225/1000 trials — best sharpe: 1.81
  [ 25%] 250/1000 trials — best sharpe: 1.81
  [ 27%] 275/1000 trials — best sharpe: 1.82
  [ 30%] 300/1000 trials — best sharpe: 1.82
  [ 32%] 325/1000 trials — best sharpe: 1.82
  [ 35%] 350/1000 trials — best sharpe: 1.82
  [ 37%] 375/1000 trials — best sharpe: 1.83
  [ 40%] 400/1000 trials — best sharpe: 1.83
  [ 42%] 425/1000 trials — best sharpe: 1.83
  [ 45%] 450/1000 trials — best sharpe: 1.83
  [ 47%] 475/1000 trials — best sharpe: 1.83
  [ 50%] 500/1000 trials — best sharpe: 1.83
  [ 52%] 525/1000 trials — best sharpe: 1.83
  [ 55%] 550/1000 trials — best sharpe: 1.83
  [ 57%] 575/1000 trials — best sharpe: 1.83
  [ 60%] 600/1000 trials — best sharpe: 1.83
  [ 62%] 625/1000 trials — best sharpe: 1.83
  [ 65%] 650/1000 trials — best sharpe: 1.83
  [ 67%] 675/1000 trials — best sharpe: 1.83
  [ 70%] 700/1000 trials — best sharpe: 1.83
  [ 72%] 725/1000 trials — best sharpe: 1.83
  [ 75%] 750/1000 trials — best sharpe: 1.83
  [ 77%] 775/1000 trials — best sharpe: 1.83
  [ 80%] 800/1000 trials — best sharpe: 1.83
  [ 82%] 825/1000 trials — best sharpe: 1.84
  [ 85%] 850/1000 trials — best sharpe: 1.84
  [ 87%] 875/1000 trials — best sharpe: 1.84
  [ 90%] 900/1000 trials — best sharpe: 1.84
  [ 92%] 925/1000 trials — best sharpe: 1.84
  [ 95%] 950/1000 trials — best sharpe: 1.84
  [ 97%] 975/1000 trials — best sharpe: 1.84
  [100%] 1000/1000 trials — best sharpe: 1.84
Optimization complete — best sharpe: 1.84
max_position_pct (0.66) is above 5x equal weight (0.09) — provides little concentration protection
  Max drawdown: 23.09% | Sharpe: 1.84 | Win rate: 45.61%
restart 2/4 (as of 2021-03-12)
Optimizing 2 strategies over 2015-07-28 to 2021-03-11
  objective: sharpe | train window: 2015-07-28 → 2021-03-11
  1000 trials across 5 workers
  [  2%] 25/1000 trials — best sharpe: 1.60
  [  5%] 50/1000 trials — best sharpe: 1.60
  [  7%] 75/1000 trials — best sharpe: 1.61
  [ 10%] 100/1000 trials — best sharpe: 1.67
  [ 12%] 125/1000 trials — best sharpe: 1.67
  [ 15%] 150/1000 trials — best sharpe: 1.67
  [ 17%] 175/1000 trials — best sharpe: 1.67
  [ 20%] 200/1000 trials — best sharpe: 1.67
  [ 22%] 225/1000 trials — best sharpe: 1.67
  [ 25%] 250/1000 trials — best sharpe: 1.67
  [ 27%] 275/1000 trials — best sharpe: 1.67
  [ 30%] 300/1000 trials — best sharpe: 1.67
  [ 32%] 325/1000 trials — best sharpe: 1.67
  [ 35%] 350/1000 trials — best sharpe: 1.67
  [ 37%] 375/1000 trials — best sharpe: 1.67
  [ 40%] 400/1000 trials — best sharpe: 1.70
  [ 42%] 425/1000 trials — best sharpe: 1.76
  [ 45%] 450/1000 trials — best sharpe: 1.76
  [ 47%] 475/1000 trials — best sharpe: 1.76
  [ 50%] 500/1000 trials — best sharpe: 1.81
  [ 52%] 525/1000 trials — best sharpe: 1.81
  [ 55%] 550/1000 trials — best sharpe: 1.81
  [ 57%] 575/1000 trials — best sharpe: 1.81
  [ 60%] 600/1000 trials — best sharpe: 1.81
  [ 62%] 625/1000 trials — best sharpe: 1.81
  [ 65%] 650/1000 trials — best sharpe: 1.81
  [ 67%] 675/1000 trials — best sharpe: 1.81
  [ 70%] 700/1000 trials — best sharpe: 1.81
  [ 72%] 725/1000 trials — best sharpe: 1.81
  [ 75%] 750/1000 trials — best sharpe: 1.81
  [ 77%] 775/1000 trials — best sharpe: 1.81
  [ 80%] 800/1000 trials — best sharpe: 1.81
  [ 82%] 825/1000 trials — best sharpe: 1.81
  [ 85%] 850/1000 trials — best sharpe: 1.84
  [ 87%] 875/1000 trials — best sharpe: 1.85
  [ 90%] 900/1000 trials — best sharpe: 1.85
  [ 92%] 925/1000 trials — best sharpe: 1.85
  [ 95%] 950/1000 trials — best sharpe: 1.85
  [ 97%] 975/1000 trials — best sharpe: 1.85
  [100%] 1000/1000 trials — best sharpe: 1.85
Optimization complete — best sharpe: 1.85
max_position_pct (0.66) is above 5x equal weight (0.09) — provides little concentration protection
  Max drawdown: 24.71% | Sharpe: 1.85 | Win rate: 45.45%
restart 3/4 (as of 2021-03-12)
Optimizing 2 strategies over 2015-07-28 to 2021-03-11
  objective: sharpe | train window: 2015-07-28 → 2021-03-11
  1000 trials across 5 workers
  [  2%] 25/1000 trials — best sharpe: 1.54
  [  5%] 50/1000 trials — best sharpe: 1.77
  [  7%] 75/1000 trials — best sharpe: 1.77
  [ 10%] 100/1000 trials — best sharpe: 1.77
  [ 12%] 125/1000 trials — best sharpe: 1.77
  [ 15%] 150/1000 trials — best sharpe: 1.77
  [ 17%] 175/1000 trials — best sharpe: 1.77
  [ 20%] 200/1000 trials — best sharpe: 1.78
  [ 22%] 225/1000 trials — best sharpe: 1.78
  [ 25%] 250/1000 trials — best sharpe: 1.78
  [ 27%] 275/1000 trials — best sharpe: 1.78
  [ 30%] 300/1000 trials — best sharpe: 1.78
  [ 32%] 325/1000 trials — best sharpe: 1.88
  [ 35%] 350/1000 trials — best sharpe: 1.88
  [ 37%] 375/1000 trials — best sharpe: 1.88
  [ 40%] 400/1000 trials — best sharpe: 1.88
  [ 42%] 425/1000 trials — best sharpe: 1.88
  [ 45%] 450/1000 trials — best sharpe: 1.88
  [ 47%] 475/1000 trials — best sharpe: 1.88
  [ 50%] 500/1000 trials — best sharpe: 1.91
  [ 52%] 525/1000 trials — best sharpe: 1.91
  [ 55%] 550/1000 trials — best sharpe: 1.91
  [ 57%] 575/1000 trials — best sharpe: 1.91
  [ 60%] 600/1000 trials — best sharpe: 1.91
  [ 62%] 625/1000 trials — best sharpe: 1.91
  [ 65%] 650/1000 trials — best sharpe: 1.91
  [ 67%] 675/1000 trials — best sharpe: 1.91
  [ 70%] 700/1000 trials — best sharpe: 1.91
  [ 72%] 725/1000 trials — best sharpe: 1.91
  [ 75%] 750/1000 trials — best sharpe: 1.91
  [ 77%] 775/1000 trials — best sharpe: 1.91
  [ 80%] 800/1000 trials — best sharpe: 1.91
  [ 82%] 825/1000 trials — best sharpe: 1.91
  [ 85%] 850/1000 trials — best sharpe: 1.91
  [ 87%] 875/1000 trials — best sharpe: 1.91
  [ 90%] 900/1000 trials — best sharpe: 1.91
  [ 92%] 925/1000 trials — best sharpe: 1.91
  [ 95%] 950/1000 trials — best sharpe: 1.91
  [ 97%] 975/1000 trials — best sharpe: 1.91
  [100%] 1000/1000 trials — best sharpe: 1.91
Optimization complete — best sharpe: 1.91
max_position_pct (0.66) is above 5x equal weight (0.09) — provides little concentration protection
  Max drawdown: 15.94% | Sharpe: 1.91 | Win rate: 59.38%
restart 4/4 (as of 2021-03-12)
Optimizing 2 strategies over 2015-07-28 to 2021-03-11
  objective: sharpe | train window: 2015-07-28 → 2021-03-11
  1000 trials across 5 workers
  [  2%] 25/1000 trials — best sharpe: 1.68
  [  5%] 50/1000 trials — best sharpe: 1.78
  [  7%] 75/1000 trials — best sharpe: 1.78
  [ 10%] 100/1000 trials — best sharpe: 1.78
  [ 12%] 125/1000 trials — best sharpe: 1.78
  [ 15%] 150/1000 trials — best sharpe: 1.78
  [ 17%] 175/1000 trials — best sharpe: 1.78
  [ 20%] 200/1000 trials — best sharpe: 1.81
  [ 22%] 225/1000 trials — best sharpe: 1.81
  [ 25%] 250/1000 trials — best sharpe: 1.81
  [ 27%] 275/1000 trials — best sharpe: 1.81
  [ 30%] 300/1000 trials — best sharpe: 1.81
  [ 32%] 325/1000 trials — best sharpe: 1.81
  [ 35%] 350/1000 trials — best sharpe: 1.81
  [ 37%] 375/1000 trials — best sharpe: 1.81
  [ 40%] 400/1000 trials — best sharpe: 1.81
  [ 42%] 425/1000 trials — best sharpe: 1.81
  [ 45%] 450/1000 trials — best sharpe: 1.81
  [ 47%] 475/1000 trials — best sharpe: 1.81
  [ 50%] 500/1000 trials — best sharpe: 1.81
  [ 52%] 525/1000 trials — best sharpe: 1.81
  [ 55%] 550/1000 trials — best sharpe: 1.81
  [ 57%] 575/1000 trials — best sharpe: 1.81
  [ 60%] 600/1000 trials — best sharpe: 1.91
  [ 62%] 625/1000 trials — best sharpe: 1.91
  [ 65%] 650/1000 trials — best sharpe: 1.91
  [ 67%] 675/1000 trials — best sharpe: 1.91
  [ 70%] 700/1000 trials — best sharpe: 1.91
  [ 72%] 725/1000 trials — best sharpe: 1.91
  [ 75%] 750/1000 trials — best sharpe: 1.91
  [ 77%] 775/1000 trials — best sharpe: 1.91
  [ 80%] 800/1000 trials — best sharpe: 1.91
  [ 82%] 825/1000 trials — best sharpe: 1.91
  [ 85%] 850/1000 trials — best sharpe: 1.91
  [ 87%] 875/1000 trials — best sharpe: 1.91
  [ 90%] 900/1000 trials — best sharpe: 1.91
  [ 92%] 925/1000 trials — best sharpe: 1.91
  [ 95%] 950/1000 trials — best sharpe: 1.98
  [ 97%] 975/1000 trials — best sharpe: 1.98
  [100%] 1000/1000 trials — best sharpe: 1.98
Optimization complete — best sharpe: 1.98
max_position_pct (0.66) is above 5x equal weight (0.09) — provides little concentration protection
  Max drawdown: 21.99% | Sharpe: 1.98 | Win rate: 47.54%
max_position_pct (0.66) is above 5x equal weight (0.09) — provides little concentration protection
max_position_pct (0.66) is above 5x equal weight (0.09) — provides little concentration protection
max_position_pct (0.66) is above 5x equal weight (0.09) — provides little concentration protection
max_position_pct (0.66) is above 5x equal weight (0.09) — provides little concentration protection
max_position_pct (0.66) is above 5x equal weight (0.09) — provides little concentration protection
max_position_pct (0.66) is above 5x equal weight (0.09) — provides little concentration protection
max_position_pct (0.66) is above 5x equal weight (0.09) — provides little concentration protection
max_position_pct (0.66) is above 5x equal weight (0.09) — provides little concentration protection
max_position_pct (0.66) is above 5x equal weight (0.09) — provides little concentration protection
max_position_pct (0.66) is above 5x equal weight (0.09) — provides little concentration protection
max_position_pct (0.66) is above 5x equal weight (0.09) — provides little concentration protection
max_position_pct (0.66) is above 5x equal weight (0.09) — provides little concentration protection
max_position_pct (0.66) is above 5x equal weight (0.09) — provides little concentration protection
max_position_pct (0.66) is above 5x equal weight (0.09) — provides little concentration protection
max_position_pct (0.66) is above 5x equal weight (0.09) — provides little concentration protection
max_position_pct (0.66) is above 5x equal weight (0.09) — provides little concentration protection
max_position_pct (0.66) is above 5x equal weight (0.09) — provides little concentration protection
max_position_pct (0.66) is above 5x equal weight (0.09) — provides little concentration protection
max_position_pct (0.66) is above 5x equal weight (0.09) — provides little concentration protection
max_position_pct (0.66) is above 5x equal weight (0.09) — provides little concentration protection
max_position_pct (0.66) is above 5x equal weight (0.09) — provides little concentration protection
max_position_pct (0.66) is above 5x equal weight (0.09) — provides little concentration protection
max_position_pct (0.66) is above 5x equal weight (0.09) — provides little concentration protection
max_position_pct (0.66) is above 5x equal weight (0.09) — provides little concentration protection
max_position_pct (0.66) is above 5x equal weight (0.09) — provides little concentration protection
max_position_pct (0.66) is above 5x equal weight (0.09) — provides little concentration protection
max_position_pct (0.66) is above 5x equal weight (0.09) — provides little concentration protection
max_position_pct (0.66) is above 5x equal weight (0.09) — provides little concentration protection
max_position_pct (0.66) is above 5x equal weight (0.09) — provides little concentration protection
max_position_pct (0.66) is above 5x equal weight (0.09) — provides little concentration protection
max_position_pct (0.66) is above 5x equal weight (0.09) — provides little concentration protection
max_position_pct (0.66) is above 5x equal weight (0.09) — provides little concentration protection
max_position_pct (0.66) is above 5x equal weight (0.09) — provides little concentration protection
max_position_pct (0.66) is above 5x equal weight (0.09) — provides little concentration protection
max_position_pct (0.66) is above 5x equal weight (0.09) — provides little concentration protection
max_position_pct (0.66) is above 5x equal weight (0.09) — provides little concentration protection
max_position_pct (0.66) is above 5x equal weight (0.09) — provides little concentration protection
max_position_pct (0.66) is above 5x equal weight (0.09) — provides little concentration protection
max_position_pct (0.66) is above 5x equal weight (0.09) — provides little concentration protection
max_position_pct (0.66) is above 5x equal weight (0.09) — provides little concentration protection
max_position_pct (0.66) is above 5x equal weight (0.09) — provides little concentration protection
max_position_pct (0.66) is above 5x equal weight (0.09) — provides little concentration protection
max_position_pct (0.66) is above 5x equal weight (0.09) — provides little concentration protection
max_position_pct (0.66) is above 5x equal weight (0.09) — provides little concentration protection
max_position_pct (0.66) is above 5x equal weight (0.09) — provides little concentration protection
max_position_pct (0.66) is above 5x equal weight (0.09) — provides little concentration protection
max_position_pct (0.66) is above 5x equal weight (0.09) — provides little concentration protection
max_position_pct (0.66) is above 5x equal weight (0.09) — provides little concentration protection
max_position_pct (0.66) is above 5x equal weight (0.09) — provides little concentration protection
max_position_pct (0.66) is above 5x equal weight (0.09) — provides little concentration protection
max_position_pct (0.66) is above 5x equal weight (0.09) — provides little concentration protection
max_position_pct (0.66) is above 5x equal weight (0.09) — provides little concentration protection
max_position_pct (0.66) is above 5x equal weight (0.09) — provides little concentration protection
max_position_pct (0.66) is above 5x equal weight (0.09) — provides little concentration protection
max_position_pct (0.66) is above 5x equal weight (0.09) — provides little concentration protection
max_position_pct (0.66) is above 5x equal weight (0.09) — provides little concentration protection
max_position_pct (0.66) is above 5x equal weight (0.09) — provides little concentration protection
max_position_pct (0.66) is above 5x equal weight (0.09) — provides little concentration protection
max_position_pct (0.66) is above 5x equal weight (0.09) — provides little concentration protection
max_position_pct (0.66) is above 5x equal weight (0.09) — provides little concentration protection
max_position_pct (0.66) is above 5x equal weight (0.09) — provides little concentration protection
max_position_pct (0.66) is above 5x equal weight (0.09) — provides little concentration protection
max_position_pct (0.66) is above 5x equal weight (0.09) — provides little concentration protection
max_position_pct (0.66) is above 5x equal weight (0.09) — provides little concentration protection
max_position_pct (0.66) is above 5x equal weight (0.09) — provides little concentration protection
max_position_pct (0.66) is above 5x equal weight (0.09) — provides little concentration protection
max_position_pct (0.66) is above 5x equal weight (0.09) — provides little concentration protection
max_position_pct (0.66) is above 5x equal weight (0.09) — provides little concentration protection
max_position_pct (0.66) is above 5x equal weight (0.09) — provides little concentration protection
max_position_pct (0.66) is above 5x equal weight (0.09) — provides little concentration protection
max_position_pct (0.66) is above 5x equal weight (0.09) — provides little concentration protection
max_position_pct (0.66) is above 5x equal weight (0.09) — provides little concentration protection
max_position_pct (0.66) is above 5x equal weight (0.09) — provides little concentration protection
ensemble under-filled: 9 distinct member(s) survived dedupe (policy asks for 20)
— the deployment is less diversified than configured
max_position_pct (0.66) is above 5x equal weight (0.09) — provides little concentration protection
Fold 2/13: test 2021-06-11 → 2021-09-09
max_position_pct (0.66) is above 5x equal weight (0.09) — provides little concentration protection
Fold 3/13: test 2021-09-10 → 2021-12-08
max_position_pct (0.66) is above 5x equal weight (0.09) — provides little concentration protection
Fold 4/13: test 2021-12-09 → 2022-03-10
max_position_pct (0.66) is above 5x equal weight (0.09) — provides little concentration protection
Fold 5/13: test 2022-03-11 → 2022-06-09
max_position_pct (0.66) is above 5x equal weight (0.09) — provides little concentration protection
Fold 6/13: test 2022-06-10 → 2022-09-09
max_position_pct (0.66) is above 5x equal weight (0.09) — provides little concentration protection
Fold 7/13: test 2022-09-12 → 2022-12-08
max_position_pct (0.66) is above 5x equal weight (0.09) — provides little concentration protection
Fold 8/13: test 2022-12-09 → 2023-03-13
max_position_pct (0.66) is above 5x equal weight (0.09) — provides little concentration protection
Fold 9/13: test 2023-03-14 → 2023-06-12
max_position_pct (0.66) is above 5x equal weight (0.09) — provides little concentration protection
Fold 10/13: test 2023-06-13 → 2023-09-12
max_position_pct (0.66) is above 5x equal weight (0.09) — provides little concentration protection
Fold 11/13: test 2023-09-13 → 2023-12-11
max_position_pct (0.66) is above 5x equal weight (0.09) — provides little concentration protection
Fold 12/13: test 2023-12-12 → 2024-03-13
max_position_pct (0.66) is above 5x equal weight (0.09) — provides little concentration protection
Fold 13/13: test 2024-03-14 → 2024-08-27
max_position_pct (0.66) is above 5x equal weight (0.09) — provides little concentration protection
cell 17/32 done in 9m (elapsed 79m; ~70m remaining at the mean cell pace — 
frozen cells run far faster than re-fit cells)
sweep: ensemble on stonks, seed base 43 [cell 18/32]
Fold 1/13: test 2021-03-12 → 2021-06-10
restart 1/4 (as of 2021-03-12)
Optimizing 2 strategies over 2015-07-28 to 2021-03-11
  objective: sharpe | train window: 2015-07-28 → 2021-03-11
  1000 trials across 5 workers
  [  2%] 25/1000 trials — best sharpe: 1.72
  [  5%] 50/1000 trials — best sharpe: 1.72
  [  7%] 75/1000 trials — best sharpe: 1.72
  [ 10%] 100/1000 trials — best sharpe: 1.72
  [ 12%] 125/1000 trials — best sharpe: 1.72
  [ 15%] 150/1000 trials — best sharpe: 1.78
  [ 17%] 175/1000 trials — best sharpe: 1.78
  [ 20%] 200/1000 trials — best sharpe: 1.78
  [ 22%] 225/1000 trials — best sharpe: 1.78
  [ 25%] 250/1000 trials — best sharpe: 1.78
  [ 27%] 275/1000 trials — best sharpe: 1.78
  [ 30%] 300/1000 trials — best sharpe: 1.78
  [ 32%] 325/1000 trials — best sharpe: 1.78
  [ 35%] 350/1000 trials — best sharpe: 1.78
  [ 37%] 375/1000 trials — best sharpe: 1.78
  [ 40%] 400/1000 trials — best sharpe: 1.78
  [ 42%] 425/1000 trials — best sharpe: 1.78
  [ 45%] 450/1000 trials — best sharpe: 1.78
  [ 47%] 475/1000 trials — best sharpe: 1.78
  [ 50%] 500/1000 trials — best sharpe: 1.78
  [ 52%] 525/1000 trials — best sharpe: 1.78
  [ 55%] 550/1000 trials — best sharpe: 1.78
  [ 57%] 575/1000 trials — best sharpe: 1.78
  [ 60%] 600/1000 trials — best sharpe: 1.78
  [ 62%] 625/1000 trials — best sharpe: 1.78
  [ 65%] 650/1000 trials — best sharpe: 1.78
  [ 67%] 675/1000 trials — best sharpe: 1.78
  [ 70%] 700/1000 trials — best sharpe: 1.78
  [ 72%] 725/1000 trials — best sharpe: 1.78
  [ 75%] 750/1000 trials — best sharpe: 1.78
  [ 77%] 775/1000 trials — best sharpe: 1.78
  [ 80%] 800/1000 trials — best sharpe: 1.78
  [ 82%] 825/1000 trials — best sharpe: 1.78
  [ 85%] 850/1000 trials — best sharpe: 1.78
  [ 87%] 875/1000 trials — best sharpe: 1.78
  [ 90%] 900/1000 trials — best sharpe: 1.78
  [ 92%] 925/1000 trials — best sharpe: 1.78
  [ 95%] 950/1000 trials — best sharpe: 1.78
  [ 97%] 975/1000 trials — best sharpe: 1.78
  [100%] 1000/1000 trials — best sharpe: 1.78
Optimization complete — best sharpe: 1.78
max_position_pct (0.66) is above 5x equal weight (0.09) — provides little concentration protection
  Max drawdown: 18.84% | Sharpe: 1.78 | Win rate: 50.43%
restart 2/4 (as of 2021-03-12)
Optimizing 2 strategies over 2015-07-28 to 2021-03-11
  objective: sharpe | train window: 2015-07-28 → 2021-03-11
  1000 trials across 5 workers
  [  2%] 25/1000 trials — best sharpe: 1.71
  [  5%] 50/1000 trials — best sharpe: 1.73
  [  7%] 75/1000 trials — best sharpe: 1.73
  [ 10%] 100/1000 trials — best sharpe: 1.73
  [ 12%] 125/1000 trials — best sharpe: 1.73
  [ 15%] 150/1000 trials — best sharpe: 1.75
  [ 17%] 175/1000 trials — best sharpe: 1.75
  [ 20%] 200/1000 trials — best sharpe: 1.75
  [ 22%] 225/1000 trials — best sharpe: 1.75
  [ 25%] 250/1000 trials — best sharpe: 1.75
  [ 27%] 275/1000 trials — best sharpe: 1.75
  [ 30%] 300/1000 trials — best sharpe: 1.75
  [ 32%] 325/1000 trials — best sharpe: 1.75
  [ 35%] 350/1000 trials — best sharpe: 1.75
  [ 37%] 375/1000 trials — best sharpe: 1.75
  [ 40%] 400/1000 trials — best sharpe: 1.75
  [ 42%] 425/1000 trials — best sharpe: 1.75
  [ 45%] 450/1000 trials — best sharpe: 1.75
  [ 47%] 475/1000 trials — best sharpe: 1.75
  [ 50%] 500/1000 trials — best sharpe: 1.75
  [ 52%] 525/1000 trials — best sharpe: 1.75
  [ 55%] 550/1000 trials — best sharpe: 1.75
  [ 57%] 575/1000 trials — best sharpe: 1.75
  [ 60%] 600/1000 trials — best sharpe: 1.75
  [ 62%] 625/1000 trials — best sharpe: 1.75
  [ 65%] 650/1000 trials — best sharpe: 1.75
  [ 67%] 675/1000 trials — best sharpe: 1.76
  [ 70%] 700/1000 trials — best sharpe: 1.76
  [ 72%] 725/1000 trials — best sharpe: 1.76
  [ 75%] 750/1000 trials — best sharpe: 1.89
  [ 77%] 775/1000 trials — best sharpe: 1.89
  [ 80%] 800/1000 trials — best sharpe: 1.89
  [ 82%] 825/1000 trials — best sharpe: 1.89
  [ 85%] 850/1000 trials — best sharpe: 1.89
  [ 87%] 875/1000 trials — best sharpe: 1.89
  [ 90%] 900/1000 trials — best sharpe: 1.89
  [ 92%] 925/1000 trials — best sharpe: 1.89
  [ 95%] 950/1000 trials — best sharpe: 1.89
  [ 97%] 975/1000 trials — best sharpe: 1.89
  [100%] 1000/1000 trials — best sharpe: 1.89
Optimization complete — best sharpe: 1.89
max_position_pct (0.66) is above 5x equal weight (0.09) — provides little concentration protection
  Max drawdown: 27.45% | Sharpe: 1.89 | Win rate: 46.67%
restart 3/4 (as of 2021-03-12)
Optimizing 2 strategies over 2015-07-28 to 2021-03-11
  objective: sharpe | train window: 2015-07-28 → 2021-03-11
  1000 trials across 5 workers
  [  2%] 25/1000 trials — best sharpe: 1.65
  [  5%] 50/1000 trials — best sharpe: 1.65
  [  7%] 75/1000 trials — best sharpe: 1.65
  [ 10%] 100/1000 trials — best sharpe: 1.65
  [ 12%] 125/1000 trials — best sharpe: 1.65
  [ 15%] 150/1000 trials — best sharpe: 1.65
  [ 17%] 175/1000 trials — best sharpe: 1.65
  [ 20%] 200/1000 trials — best sharpe: 1.74
  [ 22%] 225/1000 trials — best sharpe: 1.84
  [ 25%] 250/1000 trials — best sharpe: 1.84
  [ 27%] 275/1000 trials — best sharpe: 1.84
  [ 30%] 300/1000 trials — best sharpe: 1.84
  [ 32%] 325/1000 trials — best sharpe: 1.84
  [ 35%] 350/1000 trials — best sharpe: 1.84
  [ 37%] 375/1000 trials — best sharpe: 1.84
  [ 40%] 400/1000 trials — best sharpe: 1.84
  [ 42%] 425/1000 trials — best sharpe: 1.84
  [ 45%] 450/1000 trials — best sharpe: 1.84
  [ 47%] 475/1000 trials — best sharpe: 1.84
  [ 50%] 500/1000 trials — best sharpe: 1.84
  [ 52%] 525/1000 trials — best sharpe: 1.84
  [ 55%] 550/1000 trials — best sharpe: 1.84
  [ 57%] 575/1000 trials — best sharpe: 1.84
  [ 60%] 600/1000 trials — best sharpe: 1.84
  [ 62%] 625/1000 trials — best sharpe: 1.84
  [ 65%] 650/1000 trials — best sharpe: 1.84
  [ 67%] 675/1000 trials — best sharpe: 1.84
  [ 70%] 700/1000 trials — best sharpe: 1.84
  [ 72%] 725/1000 trials — best sharpe: 1.84
  [ 75%] 750/1000 trials — best sharpe: 1.84
  [ 77%] 775/1000 trials — best sharpe: 1.84
  [ 80%] 800/1000 trials — best sharpe: 1.84
  [ 82%] 825/1000 trials — best sharpe: 1.84
  [ 85%] 850/1000 trials — best sharpe: 1.84
  [ 87%] 875/1000 trials — best sharpe: 1.84
  [ 90%] 900/1000 trials — best sharpe: 1.84
  [ 92%] 925/1000 trials — best sharpe: 1.84
  [ 95%] 950/1000 trials — best sharpe: 1.84
  [ 97%] 975/1000 trials — best sharpe: 1.84
  [100%] 1000/1000 trials — best sharpe: 1.85
Optimization complete — best sharpe: 1.85
max_position_pct (0.66) is above 5x equal weight (0.09) — provides little concentration protection
  Max drawdown: 25.86% | Sharpe: 1.85 | Win rate: 51.26%
restart 4/4 (as of 2021-03-12)
Optimizing 2 strategies over 2015-07-28 to 2021-03-11
  objective: sharpe | train window: 2015-07-28 → 2021-03-11
  1000 trials across 5 workers
  [  2%] 25/1000 trials — best sharpe: 1.46
  [  5%] 50/1000 trials — best sharpe: 1.72
  [  7%] 75/1000 trials — best sharpe: 1.72
  [ 10%] 100/1000 trials — best sharpe: 1.72
  [ 12%] 125/1000 trials — best sharpe: 1.72
  [ 15%] 150/1000 trials — best sharpe: 1.72
  [ 17%] 175/1000 trials — best sharpe: 1.72
  [ 20%] 200/1000 trials — best sharpe: 1.72
  [ 22%] 225/1000 trials — best sharpe: 1.72
  [ 25%] 250/1000 trials — best sharpe: 1.72
  [ 27%] 275/1000 trials — best sharpe: 1.72
  [ 30%] 300/1000 trials — best sharpe: 1.72
  [ 32%] 325/1000 trials — best sharpe: 1.72
  [ 35%] 350/1000 trials — best sharpe: 1.72
  [ 37%] 375/1000 trials — best sharpe: 1.77
  [ 40%] 400/1000 trials — best sharpe: 1.77
  [ 42%] 425/1000 trials — best sharpe: 1.79
  [ 45%] 450/1000 trials — best sharpe: 1.79
  [ 47%] 475/1000 trials — best sharpe: 1.79
  [ 50%] 500/1000 trials — best sharpe: 1.79
  [ 52%] 525/1000 trials — best sharpe: 1.79
  [ 55%] 550/1000 trials — best sharpe: 1.79
  [ 57%] 575/1000 trials — best sharpe: 1.79
  [ 60%] 600/1000 trials — best sharpe: 1.79
  [ 62%] 625/1000 trials — best sharpe: 1.79
  [ 65%] 650/1000 trials — best sharpe: 1.79
  [ 67%] 675/1000 trials — best sharpe: 1.79
  [ 70%] 700/1000 trials — best sharpe: 1.79
  [ 72%] 725/1000 trials — best sharpe: 1.79
  [ 75%] 750/1000 trials — best sharpe: 1.79
  [ 77%] 775/1000 trials — best sharpe: 1.79
  [ 80%] 800/1000 trials — best sharpe: 1.79
  [ 82%] 825/1000 trials — best sharpe: 1.79
  [ 85%] 850/1000 trials — best sharpe: 1.79
  [ 87%] 875/1000 trials — best sharpe: 1.79
  [ 90%] 900/1000 trials — best sharpe: 1.79
  [ 92%] 925/1000 trials — best sharpe: 1.79
  [ 95%] 950/1000 trials — best sharpe: 1.79
  [ 97%] 975/1000 trials — best sharpe: 1.79
  [100%] 1000/1000 trials — best sharpe: 1.79
Optimization complete — best sharpe: 1.79
max_position_pct (0.66) is above 5x equal weight (0.09) — provides little concentration protection
  Max drawdown: 20.94% | Sharpe: 1.79 | Win rate: 51.22%
max_position_pct (0.66) is above 5x equal weight (0.09) — provides little concentration protection
max_position_pct (0.66) is above 5x equal weight (0.09) — provides little concentration protection
max_position_pct (0.66) is above 5x equal weight (0.09) — provides little concentration protection
max_position_pct (0.66) is above 5x equal weight (0.09) — provides little concentration protection
max_position_pct (0.66) is above 5x equal weight (0.09) — provides little concentration protection
max_position_pct (0.66) is above 5x equal weight (0.09) — provides little concentration protection
max_position_pct (0.66) is above 5x equal weight (0.09) — provides little concentration protection
max_position_pct (0.66) is above 5x equal weight (0.09) — provides little concentration protection
max_position_pct (0.66) is above 5x equal weight (0.09) — provides little concentration protection
max_position_pct (0.66) is above 5x equal weight (0.09) — provides little concentration protection
max_position_pct (0.66) is above 5x equal weight (0.09) — provides little concentration protection
max_position_pct (0.66) is above 5x equal weight (0.09) — provides little concentration protection
max_position_pct (0.66) is above 5x equal weight (0.09) — provides little concentration protection
max_position_pct (0.66) is above 5x equal weight (0.09) — provides little concentration protection
max_position_pct (0.66) is above 5x equal weight (0.09) — provides little concentration protection
max_position_pct (0.66) is above 5x equal weight (0.09) — provides little concentration protection
max_position_pct (0.66) is above 5x equal weight (0.09) — provides little concentration protection
max_position_pct (0.66) is above 5x equal weight (0.09) — provides little concentration protection
max_position_pct (0.66) is above 5x equal weight (0.09) — provides little concentration protection
max_position_pct (0.66) is above 5x equal weight (0.09) — provides little concentration protection
max_position_pct (0.66) is above 5x equal weight (0.09) — provides little concentration protection
max_position_pct (0.66) is above 5x equal weight (0.09) — provides little concentration protection
max_position_pct (0.66) is above 5x equal weight (0.09) — provides little concentration protection
max_position_pct (0.66) is above 5x equal weight (0.09) — provides little concentration protection
max_position_pct (0.66) is above 5x equal weight (0.09) — provides little concentration protection
max_position_pct (0.66) is above 5x equal weight (0.09) — provides little concentration protection
max_position_pct (0.66) is above 5x equal weight (0.09) — provides little concentration protection
max_position_pct (0.66) is above 5x equal weight (0.09) — provides little concentration protection
max_position_pct (0.66) is above 5x equal weight (0.09) — provides little concentration protection
max_position_pct (0.66) is above 5x equal weight (0.09) — provides little concentration protection
max_position_pct (0.66) is above 5x equal weight (0.09) — provides little concentration protection
max_position_pct (0.66) is above 5x equal weight (0.09) — provides little concentration protection
max_position_pct (0.66) is above 5x equal weight (0.09) — provides little concentration protection
max_position_pct (0.66) is above 5x equal weight (0.09) — provides little concentration protection
max_position_pct (0.66) is above 5x equal weight (0.09) — provides little concentration protection
max_position_pct (0.66) is above 5x equal weight (0.09) — provides little concentration protection
max_position_pct (0.66) is above 5x equal weight (0.09) — provides little concentration protection
max_position_pct (0.66) is above 5x equal weight (0.09) — provides little concentration protection
max_position_pct (0.66) is above 5x equal weight (0.09) — provides little concentration protection
max_position_pct (0.66) is above 5x equal weight (0.09) — provides little concentration protection
max_position_pct (0.66) is above 5x equal weight (0.09) — provides little concentration protection
max_position_pct (0.66) is above 5x equal weight (0.09) — provides little concentration protection
max_position_pct (0.66) is above 5x equal weight (0.09) — provides little concentration protection
max_position_pct (0.66) is above 5x equal weight (0.09) — provides little concentration protection
max_position_pct (0.66) is above 5x equal weight (0.09) — provides little concentration protection
max_position_pct (0.66) is above 5x equal weight (0.09) — provides little concentration protection
max_position_pct (0.66) is above 5x equal weight (0.09) — provides little concentration protection
max_position_pct (0.66) is above 5x equal weight (0.09) — provides little concentration protection
max_position_pct (0.66) is above 5x equal weight (0.09) — provides little concentration protection
max_position_pct (0.66) is above 5x equal weight (0.09) — provides little concentration protection
max_position_pct (0.66) is above 5x equal weight (0.09) — provides little concentration protection
max_position_pct (0.66) is above 5x equal weight (0.09) — provides little concentration protection
max_position_pct (0.66) is above 5x equal weight (0.09) — provides little concentration protection
max_position_pct (0.66) is above 5x equal weight (0.09) — provides little concentration protection
max_position_pct (0.66) is above 5x equal weight (0.09) — provides little concentration protection
max_position_pct (0.66) is above 5x equal weight (0.09) — provides little concentration protection
max_position_pct (0.66) is above 5x equal weight (0.09) — provides little concentration protection
max_position_pct (0.66) is above 5x equal weight (0.09) — provides little concentration protection
max_position_pct (0.66) is above 5x equal weight (0.09) — provides little concentration protection
max_position_pct (0.66) is above 5x equal weight (0.09) — provides little concentration protection
max_position_pct (0.66) is above 5x equal weight (0.09) — provides little concentration protection
max_position_pct (0.66) is above 5x equal weight (0.09) — provides little concentration protection
ensemble under-filled: 17 distinct member(s) survived dedupe (policy asks for 
20) — the deployment is less diversified than configured
max_position_pct (0.66) is above 5x equal weight (0.09) — provides little concentration protection
Fold 2/13: test 2021-06-11 → 2021-09-09
max_position_pct (0.66) is above 5x equal weight (0.09) — provides little concentration protection
Fold 3/13: test 2021-09-10 → 2021-12-08
max_position_pct (0.66) is above 5x equal weight (0.09) — provides little concentration protection
Fold 4/13: test 2021-12-09 → 2022-03-10
max_position_pct (0.66) is above 5x equal weight (0.09) — provides little concentration protection
Fold 5/13: test 2022-03-11 → 2022-06-09
max_position_pct (0.66) is above 5x equal weight (0.09) — provides little concentration protection
Fold 6/13: test 2022-06-10 → 2022-09-09
max_position_pct (0.66) is above 5x equal weight (0.09) — provides little concentration protection
Fold 7/13: test 2022-09-12 → 2022-12-08
max_position_pct (0.66) is above 5x equal weight (0.09) — provides little concentration protection
Fold 8/13: test 2022-12-09 → 2023-03-13
max_position_pct (0.66) is above 5x equal weight (0.09) — provides little concentration protection
Fold 9/13: test 2023-03-14 → 2023-06-12
max_position_pct (0.66) is above 5x equal weight (0.09) — provides little concentration protection
Fold 10/13: test 2023-06-13 → 2023-09-12
max_position_pct (0.66) is above 5x equal weight (0.09) — provides little concentration protection
Fold 11/13: test 2023-09-13 → 2023-12-11
max_position_pct (0.66) is above 5x equal weight (0.09) — provides little concentration protection
Fold 12/13: test 2023-12-12 → 2024-03-13
max_position_pct (0.66) is above 5x equal weight (0.09) — provides little concentration protection
Fold 13/13: test 2024-03-14 → 2024-08-27
max_position_pct (0.66) is above 5x equal weight (0.09) — provides little concentration protection
cell 18/32 done in 4m (elapsed 83m; ~65m remaining at the mean cell pace — 
frozen cells run far faster than re-fit cells)
sweep: ensemble on stonks, seed base 44 [cell 19/32]
Fold 1/13: test 2021-03-12 → 2021-06-10
restart 1/4 (as of 2021-03-12)
Optimizing 2 strategies over 2015-07-28 to 2021-03-11
  objective: sharpe | train window: 2015-07-28 → 2021-03-11
  1000 trials across 5 workers
  [  2%] 25/1000 trials — best sharpe: 1.67
  [  5%] 50/1000 trials — best sharpe: 1.68
  [  7%] 75/1000 trials — best sharpe: 1.69
  [ 10%] 100/1000 trials — best sharpe: 1.69
  [ 12%] 125/1000 trials — best sharpe: 1.69
  [ 15%] 150/1000 trials — best sharpe: 1.69
  [ 17%] 175/1000 trials — best sharpe: 1.79
  [ 20%] 200/1000 trials — best sharpe: 1.86
  [ 22%] 225/1000 trials — best sharpe: 1.97
  [ 25%] 250/1000 trials — best sharpe: 1.97
  [ 27%] 275/1000 trials — best sharpe: 1.97
  [ 30%] 300/1000 trials — best sharpe: 1.97
  [ 32%] 325/1000 trials — best sharpe: 1.97
  [ 35%] 350/1000 trials — best sharpe: 1.97
  [ 37%] 375/1000 trials — best sharpe: 1.97
  [ 40%] 400/1000 trials — best sharpe: 1.97
  [ 42%] 425/1000 trials — best sharpe: 1.97
  [ 45%] 450/1000 trials — best sharpe: 1.97
  [ 47%] 475/1000 trials — best sharpe: 1.97
  [ 50%] 500/1000 trials — best sharpe: 1.97
  [ 52%] 525/1000 trials — best sharpe: 1.97
  [ 55%] 550/1000 trials — best sharpe: 1.97
  [ 57%] 575/1000 trials — best sharpe: 1.97
  [ 60%] 600/1000 trials — best sharpe: 1.97
  [ 62%] 625/1000 trials — best sharpe: 1.97
  [ 65%] 650/1000 trials — best sharpe: 1.97
  [ 67%] 675/1000 trials — best sharpe: 1.97
  [ 70%] 700/1000 trials — best sharpe: 1.97
  [ 72%] 725/1000 trials — best sharpe: 1.97
  [ 75%] 750/1000 trials — best sharpe: 1.97
  [ 77%] 775/1000 trials — best sharpe: 1.97
  [ 80%] 800/1000 trials — best sharpe: 1.97
  [ 82%] 825/1000 trials — best sharpe: 1.97
  [ 85%] 850/1000 trials — best sharpe: 1.97
  [ 87%] 875/1000 trials — best sharpe: 1.97
  [ 90%] 900/1000 trials — best sharpe: 1.97
  [ 92%] 925/1000 trials — best sharpe: 1.97
  [ 95%] 950/1000 trials — best sharpe: 1.97
  [ 97%] 975/1000 trials — best sharpe: 1.97
  [100%] 1000/1000 trials — best sharpe: 1.97
Optimization complete — best sharpe: 1.97
max_position_pct (0.66) is above 5x equal weight (0.09) — provides little concentration protection
  Max drawdown: 23.87% | Sharpe: 1.97 | Win rate: 50.43%
restart 2/4 (as of 2021-03-12)
Optimizing 2 strategies over 2015-07-28 to 2021-03-11
  objective: sharpe | train window: 2015-07-28 → 2021-03-11
  1000 trials across 5 workers
  [  2%] 25/1000 trials — best sharpe: 1.69
  [  5%] 50/1000 trials — best sharpe: 1.78
  [  7%] 75/1000 trials — best sharpe: 1.78
  [ 10%] 100/1000 trials — best sharpe: 1.78
  [ 12%] 125/1000 trials — best sharpe: 1.78
  [ 15%] 150/1000 trials — best sharpe: 1.78
  [ 17%] 175/1000 trials — best sharpe: 1.78
  [ 20%] 200/1000 trials — best sharpe: 1.78
  [ 22%] 225/1000 trials — best sharpe: 1.81
  [ 25%] 250/1000 trials — best sharpe: 1.81
  [ 27%] 275/1000 trials — best sharpe: 1.81
  [ 30%] 300/1000 trials — best sharpe: 1.82
  [ 32%] 325/1000 trials — best sharpe: 1.82
  [ 35%] 350/1000 trials — best sharpe: 1.82
  [ 37%] 375/1000 trials — best sharpe: 1.82
  [ 40%] 400/1000 trials — best sharpe: 1.82
  [ 42%] 425/1000 trials — best sharpe: 1.82
  [ 45%] 450/1000 trials — best sharpe: 1.93
  [ 47%] 475/1000 trials — best sharpe: 1.93
  [ 50%] 500/1000 trials — best sharpe: 1.93
  [ 52%] 525/1000 trials — best sharpe: 1.93
  [ 55%] 550/1000 trials — best sharpe: 1.93
  [ 57%] 575/1000 trials — best sharpe: 1.93
  [ 60%] 600/1000 trials — best sharpe: 1.93
  [ 62%] 625/1000 trials — best sharpe: 1.93
  [ 65%] 650/1000 trials — best sharpe: 1.93
  [ 67%] 675/1000 trials — best sharpe: 1.93
  [ 70%] 700/1000 trials — best sharpe: 1.93
  [ 72%] 725/1000 trials — best sharpe: 1.93
  [ 75%] 750/1000 trials — best sharpe: 1.93
  [ 77%] 775/1000 trials — best sharpe: 1.93
  [ 80%] 800/1000 trials — best sharpe: 1.93
  [ 82%] 825/1000 trials — best sharpe: 1.93
  [ 85%] 850/1000 trials — best sharpe: 1.93
  [ 87%] 875/1000 trials — best sharpe: 1.93
  [ 90%] 900/1000 trials — best sharpe: 1.93
  [ 92%] 925/1000 trials — best sharpe: 1.93
  [ 95%] 950/1000 trials — best sharpe: 1.93
  [ 97%] 975/1000 trials — best sharpe: 1.93
  [100%] 1000/1000 trials — best sharpe: 1.93
Optimization complete — best sharpe: 1.93
max_position_pct (0.66) is above 5x equal weight (0.09) — provides little concentration protection
  Max drawdown: 24.01% | Sharpe: 1.93 | Win rate: 39.34%
restart 3/4 (as of 2021-03-12)
Optimizing 2 strategies over 2015-07-28 to 2021-03-11
  objective: sharpe | train window: 2015-07-28 → 2021-03-11
  1000 trials across 5 workers
  [  2%] 25/1000 trials — best sharpe: 1.67
  [  5%] 50/1000 trials — best sharpe: 1.73
  [  7%] 75/1000 trials — best sharpe: 1.73
  [ 10%] 100/1000 trials — best sharpe: 1.73
  [ 12%] 125/1000 trials — best sharpe: 1.73
  [ 15%] 150/1000 trials — best sharpe: 1.73
  [ 17%] 175/1000 trials — best sharpe: 1.86
  [ 20%] 200/1000 trials — best sharpe: 1.86
  [ 22%] 225/1000 trials — best sharpe: 1.86
  [ 25%] 250/1000 trials — best sharpe: 1.86
  [ 27%] 275/1000 trials — best sharpe: 1.86
  [ 30%] 300/1000 trials — best sharpe: 1.86
  [ 32%] 325/1000 trials — best sharpe: 1.86
  [ 35%] 350/1000 trials — best sharpe: 1.86
  [ 37%] 375/1000 trials — best sharpe: 1.86
  [ 40%] 400/1000 trials — best sharpe: 1.86
  [ 42%] 425/1000 trials — best sharpe: 1.86
  [ 45%] 450/1000 trials — best sharpe: 1.86
  [ 47%] 475/1000 trials — best sharpe: 1.86
  [ 50%] 500/1000 trials — best sharpe: 1.86
  [ 52%] 525/1000 trials — best sharpe: 1.86
  [ 55%] 550/1000 trials — best sharpe: 1.86
  [ 57%] 575/1000 trials — best sharpe: 1.86
  [ 60%] 600/1000 trials — best sharpe: 1.86
  [ 62%] 625/1000 trials — best sharpe: 1.86
  [ 65%] 650/1000 trials — best sharpe: 1.86
  [ 67%] 675/1000 trials — best sharpe: 1.86
  [ 70%] 700/1000 trials — best sharpe: 1.86
  [ 72%] 725/1000 trials — best sharpe: 1.86
  [ 75%] 750/1000 trials — best sharpe: 1.86
  [ 77%] 775/1000 trials — best sharpe: 1.86
  [ 80%] 800/1000 trials — best sharpe: 1.86
  [ 82%] 825/1000 trials — best sharpe: 1.86
  [ 85%] 850/1000 trials — best sharpe: 1.86
  [ 87%] 875/1000 trials — best sharpe: 1.86
  [ 90%] 900/1000 trials — best sharpe: 1.86
  [ 92%] 925/1000 trials — best sharpe: 1.86
  [ 95%] 950/1000 trials — best sharpe: 1.86
  [ 97%] 975/1000 trials — best sharpe: 1.86
  [100%] 1000/1000 trials — best sharpe: 1.86
Optimization complete — best sharpe: 1.86
max_position_pct (0.66) is above 5x equal weight (0.09) — provides little concentration protection
  Max drawdown: 22.51% | Sharpe: 1.86 | Win rate: 53.54%
restart 4/4 (as of 2021-03-12)
Optimizing 2 strategies over 2015-07-28 to 2021-03-11
  objective: sharpe | train window: 2015-07-28 → 2021-03-11
  1000 trials across 5 workers
  [  2%] 25/1000 trials — best sharpe: 1.72
  [  5%] 50/1000 trials — best sharpe: 1.78
  [  7%] 75/1000 trials — best sharpe: 1.78
  [ 10%] 100/1000 trials — best sharpe: 1.84
  [ 12%] 125/1000 trials — best sharpe: 1.84
  [ 15%] 150/1000 trials — best sharpe: 1.84
  [ 17%] 175/1000 trials — best sharpe: 1.84
  [ 20%] 200/1000 trials — best sharpe: 1.84
  [ 22%] 225/1000 trials — best sharpe: 1.84
  [ 25%] 250/1000 trials — best sharpe: 1.84
  [ 27%] 275/1000 trials — best sharpe: 1.84
  [ 30%] 300/1000 trials — best sharpe: 1.84
  [ 32%] 325/1000 trials — best sharpe: 1.84
  [ 35%] 350/1000 trials — best sharpe: 1.84
  [ 37%] 375/1000 trials — best sharpe: 1.84
  [ 40%] 400/1000 trials — best sharpe: 1.84
  [ 42%] 425/1000 trials — best sharpe: 1.84
  [ 45%] 450/1000 trials — best sharpe: 1.84
  [ 47%] 475/1000 trials — best sharpe: 1.84
  [ 50%] 500/1000 trials — best sharpe: 1.84
  [ 52%] 525/1000 trials — best sharpe: 1.84
  [ 55%] 550/1000 trials — best sharpe: 1.84
  [ 57%] 575/1000 trials — best sharpe: 1.84
  [ 60%] 600/1000 trials — best sharpe: 1.84
  [ 62%] 625/1000 trials — best sharpe: 1.84
  [ 65%] 650/1000 trials — best sharpe: 1.84
  [ 67%] 675/1000 trials — best sharpe: 1.84
  [ 70%] 700/1000 trials — best sharpe: 1.84
  [ 72%] 725/1000 trials — best sharpe: 1.84
  [ 75%] 750/1000 trials — best sharpe: 1.84
  [ 77%] 775/1000 trials — best sharpe: 1.84
  [ 80%] 800/1000 trials — best sharpe: 1.84
  [ 82%] 825/1000 trials — best sharpe: 1.84
  [ 85%] 850/1000 trials — best sharpe: 1.84
  [ 87%] 875/1000 trials — best sharpe: 1.84
  [ 90%] 900/1000 trials — best sharpe: 1.84
  [ 92%] 925/1000 trials — best sharpe: 1.84
  [ 95%] 950/1000 trials — best sharpe: 1.84
  [ 97%] 975/1000 trials — best sharpe: 1.84
  [100%] 1000/1000 trials — best sharpe: 1.84
Optimization complete — best sharpe: 1.84
max_position_pct (0.66) is above 5x equal weight (0.09) — provides little concentration protection
  Max drawdown: 24.53% | Sharpe: 1.84 | Win rate: 53.45%
max_position_pct (0.66) is above 5x equal weight (0.09) — provides little concentration protection
max_position_pct (0.66) is above 5x equal weight (0.09) — provides little concentration protection
max_position_pct (0.66) is above 5x equal weight (0.09) — provides little concentration protection
max_position_pct (0.66) is above 5x equal weight (0.09) — provides little concentration protection
max_position_pct (0.66) is above 5x equal weight (0.09) — provides little concentration protection
max_position_pct (0.66) is above 5x equal weight (0.09) — provides little concentration protection
max_position_pct (0.66) is above 5x equal weight (0.09) — provides little concentration protection
max_position_pct (0.66) is above 5x equal weight (0.09) — provides little concentration protection
max_position_pct (0.66) is above 5x equal weight (0.09) — provides little concentration protection
max_position_pct (0.66) is above 5x equal weight (0.09) — provides little concentration protection
max_position_pct (0.66) is above 5x equal weight (0.09) — provides little concentration protection
max_position_pct (0.66) is above 5x equal weight (0.09) — provides little concentration protection
max_position_pct (0.66) is above 5x equal weight (0.09) — provides little concentration protection
max_position_pct (0.66) is above 5x equal weight (0.09) — provides little concentration protection
max_position_pct (0.66) is above 5x equal weight (0.09) — provides little concentration protection
max_position_pct (0.66) is above 5x equal weight (0.09) — provides little concentration protection
max_position_pct (0.66) is above 5x equal weight (0.09) — provides little concentration protection
max_position_pct (0.66) is above 5x equal weight (0.09) — provides little concentration protection
max_position_pct (0.66) is above 5x equal weight (0.09) — provides little concentration protection
max_position_pct (0.66) is above 5x equal weight (0.09) — provides little concentration protection
max_position_pct (0.66) is above 5x equal weight (0.09) — provides little concentration protection
max_position_pct (0.66) is above 5x equal weight (0.09) — provides little concentration protection
max_position_pct (0.66) is above 5x equal weight (0.09) — provides little concentration protection
max_position_pct (0.66) is above 5x equal weight (0.09) — provides little concentration protection
max_position_pct (0.66) is above 5x equal weight (0.09) — provides little concentration protection
max_position_pct (0.66) is above 5x equal weight (0.09) — provides little concentration protection
max_position_pct (0.66) is above 5x equal weight (0.09) — provides little concentration protection
max_position_pct (0.66) is above 5x equal weight (0.09) — provides little concentration protection
max_position_pct (0.66) is above 5x equal weight (0.09) — provides little concentration protection
max_position_pct (0.66) is above 5x equal weight (0.09) — provides little concentration protection
max_position_pct (0.66) is above 5x equal weight (0.09) — provides little concentration protection
max_position_pct (0.66) is above 5x equal weight (0.09) — provides little concentration protection
max_position_pct (0.66) is above 5x equal weight (0.09) — provides little concentration protection
max_position_pct (0.66) is above 5x equal weight (0.09) — provides little concentration protection
max_position_pct (0.66) is above 5x equal weight (0.09) — provides little concentration protection
max_position_pct (0.66) is above 5x equal weight (0.09) — provides little concentration protection
max_position_pct (0.66) is above 5x equal weight (0.09) — provides little concentration protection
max_position_pct (0.66) is above 5x equal weight (0.09) — provides little concentration protection
max_position_pct (0.66) is above 5x equal weight (0.09) — provides little concentration protection
max_position_pct (0.66) is above 5x equal weight (0.09) — provides little concentration protection
max_position_pct (0.66) is above 5x equal weight (0.09) — provides little concentration protection
max_position_pct (0.66) is above 5x equal weight (0.09) — provides little concentration protection
max_position_pct (0.66) is above 5x equal weight (0.09) — provides little concentration protection
max_position_pct (0.66) is above 5x equal weight (0.09) — provides little concentration protection
max_position_pct (0.66) is above 5x equal weight (0.09) — provides little concentration protection
max_position_pct (0.66) is above 5x equal weight (0.09) — provides little concentration protection
max_position_pct (0.66) is above 5x equal weight (0.09) — provides little concentration protection
max_position_pct (0.66) is above 5x equal weight (0.09) — provides little concentration protection
max_position_pct (0.66) is above 5x equal weight (0.09) — provides little concentration protection
max_position_pct (0.66) is above 5x equal weight (0.09) — provides little concentration protection
max_position_pct (0.66) is above 5x equal weight (0.09) — provides little concentration protection
max_position_pct (0.66) is above 5x equal weight (0.09) — provides little concentration protection
max_position_pct (0.66) is above 5x equal weight (0.09) — provides little concentration protection
max_position_pct (0.66) is above 5x equal weight (0.09) — provides little concentration protection
max_position_pct (0.66) is above 5x equal weight (0.09) — provides little concentration protection
max_position_pct (0.66) is above 5x equal weight (0.09) — provides little concentration protection
max_position_pct (0.66) is above 5x equal weight (0.09) — provides little concentration protection
max_position_pct (0.66) is above 5x equal weight (0.09) — provides little concentration protection
max_position_pct (0.66) is above 5x equal weight (0.09) — provides little concentration protection
max_position_pct (0.66) is above 5x equal weight (0.09) — provides little concentration protection
max_position_pct (0.66) is above 5x equal weight (0.09) — provides little concentration protection
max_position_pct (0.66) is above 5x equal weight (0.09) — provides little concentration protection
max_position_pct (0.66) is above 5x equal weight (0.09) — provides little concentration protection
max_position_pct (0.66) is above 5x equal weight (0.09) — provides little concentration protection
max_position_pct (0.66) is above 5x equal weight (0.09) — provides little concentration protection
max_position_pct (0.66) is above 5x equal weight (0.09) — provides little concentration protection
ensemble under-filled: 14 distinct member(s) survived dedupe (policy asks for 
20) — the deployment is less diversified than configured
max_position_pct (0.66) is above 5x equal weight (0.09) — provides little concentration protection
Fold 2/13: test 2021-06-11 → 2021-09-09
max_position_pct (0.66) is above 5x equal weight (0.09) — provides little concentration protection
Fold 3/13: test 2021-09-10 → 2021-12-08
max_position_pct (0.66) is above 5x equal weight (0.09) — provides little concentration protection
Fold 4/13: test 2021-12-09 → 2022-03-10
max_position_pct (0.66) is above 5x equal weight (0.09) — provides little concentration protection
Fold 5/13: test 2022-03-11 → 2022-06-09
max_position_pct (0.66) is above 5x equal weight (0.09) — provides little concentration protection
Fold 6/13: test 2022-06-10 → 2022-09-09
max_position_pct (0.66) is above 5x equal weight (0.09) — provides little concentration protection
Fold 7/13: test 2022-09-12 → 2022-12-08
max_position_pct (0.66) is above 5x equal weight (0.09) — provides little concentration protection
Fold 8/13: test 2022-12-09 → 2023-03-13
max_position_pct (0.66) is above 5x equal weight (0.09) — provides little concentration protection
Fold 9/13: test 2023-03-14 → 2023-06-12
max_position_pct (0.66) is above 5x equal weight (0.09) — provides little concentration protection
Fold 10/13: test 2023-06-13 → 2023-09-12
max_position_pct (0.66) is above 5x equal weight (0.09) — provides little concentration protection
Fold 11/13: test 2023-09-13 → 2023-12-11
max_position_pct (0.66) is above 5x equal weight (0.09) — provides little concentration protection
Fold 12/13: test 2023-12-12 → 2024-03-13
max_position_pct (0.66) is above 5x equal weight (0.09) — provides little concentration protection
Fold 13/13: test 2024-03-14 → 2024-08-27
max_position_pct (0.66) is above 5x equal weight (0.09) — provides little concentration protection
cell 19/32 done in 4m (elapsed 87m; ~60m remaining at the mean cell pace — 
frozen cells run far faster than re-fit cells)
sweep: ensemble on stonks, seed base 45 [cell 20/32]
Fold 1/13: test 2021-03-12 → 2021-06-10
restart 1/4 (as of 2021-03-12)
Optimizing 2 strategies over 2015-07-28 to 2021-03-11
  objective: sharpe | train window: 2015-07-28 → 2021-03-11
  1000 trials across 5 workers
  [  2%] 25/1000 trials — best sharpe: 1.46
  [  5%] 50/1000 trials — best sharpe: 1.70
  [  7%] 75/1000 trials — best sharpe: 1.70
  [ 10%] 100/1000 trials — best sharpe: 1.70
  [ 12%] 125/1000 trials — best sharpe: 1.70
  [ 15%] 150/1000 trials — best sharpe: 1.70
  [ 17%] 175/1000 trials — best sharpe: 1.74
  [ 20%] 200/1000 trials — best sharpe: 1.74
  [ 22%] 225/1000 trials — best sharpe: 1.74
  [ 25%] 250/1000 trials — best sharpe: 1.78
  [ 27%] 275/1000 trials — best sharpe: 1.78
  [ 30%] 300/1000 trials — best sharpe: 1.78
  [ 32%] 325/1000 trials — best sharpe: 1.78
  [ 35%] 350/1000 trials — best sharpe: 1.78
  [ 37%] 375/1000 trials — best sharpe: 1.78
  [ 40%] 400/1000 trials — best sharpe: 1.78
  [ 42%] 425/1000 trials — best sharpe: 1.78
  [ 45%] 450/1000 trials — best sharpe: 1.78
  [ 47%] 475/1000 trials — best sharpe: 1.78
  [ 50%] 500/1000 trials — best sharpe: 1.78
  [ 52%] 525/1000 trials — best sharpe: 1.78
  [ 55%] 550/1000 trials — best sharpe: 1.78
  [ 57%] 575/1000 trials — best sharpe: 1.78
  [ 60%] 600/1000 trials — best sharpe: 1.78
  [ 62%] 625/1000 trials — best sharpe: 1.78
  [ 65%] 650/1000 trials — best sharpe: 1.78
  [ 67%] 675/1000 trials — best sharpe: 1.78
  [ 70%] 700/1000 trials — best sharpe: 1.78
  [ 72%] 725/1000 trials — best sharpe: 1.78
  [ 75%] 750/1000 trials — best sharpe: 1.78
  [ 77%] 775/1000 trials — best sharpe: 1.78
  [ 80%] 800/1000 trials — best sharpe: 1.78
  [ 82%] 825/1000 trials — best sharpe: 1.78
  [ 85%] 850/1000 trials — best sharpe: 1.78
  [ 87%] 875/1000 trials — best sharpe: 1.78
  [ 90%] 900/1000 trials — best sharpe: 1.78
  [ 92%] 925/1000 trials — best sharpe: 1.78
  [ 95%] 950/1000 trials — best sharpe: 1.78
  [ 97%] 975/1000 trials — best sharpe: 1.78
  [100%] 1000/1000 trials — best sharpe: 1.78
Optimization complete — best sharpe: 1.78
max_position_pct (0.66) is above 5x equal weight (0.09) — provides little concentration protection
  Max drawdown: 24.04% | Sharpe: 1.78 | Win rate: 51.75%
restart 2/4 (as of 2021-03-12)
Optimizing 2 strategies over 2015-07-28 to 2021-03-11
  objective: sharpe | train window: 2015-07-28 → 2021-03-11
  1000 trials across 5 workers
  [  2%] 25/1000 trials — best sharpe: 1.69
  [  5%] 50/1000 trials — best sharpe: 1.69
  [  7%] 75/1000 trials — best sharpe: 1.98
  [ 10%] 100/1000 trials — best sharpe: 1.98
  [ 12%] 125/1000 trials — best sharpe: 1.98
  [ 15%] 150/1000 trials — best sharpe: 1.98
  [ 17%] 175/1000 trials — best sharpe: 1.98
  [ 20%] 200/1000 trials — best sharpe: 1.98
  [ 22%] 225/1000 trials — best sharpe: 1.98
  [ 25%] 250/1000 trials — best sharpe: 1.98
  [ 27%] 275/1000 trials — best sharpe: 1.98
  [ 30%] 300/1000 trials — best sharpe: 1.98
  [ 32%] 325/1000 trials — best sharpe: 1.98
  [ 35%] 350/1000 trials — best sharpe: 1.98
  [ 37%] 375/1000 trials — best sharpe: 1.98
  [ 40%] 400/1000 trials — best sharpe: 1.98
  [ 42%] 425/1000 trials — best sharpe: 1.98
  [ 45%] 450/1000 trials — best sharpe: 1.98
  [ 47%] 475/1000 trials — best sharpe: 1.98
  [ 50%] 500/1000 trials — best sharpe: 1.98
  [ 52%] 525/1000 trials — best sharpe: 1.98
  [ 55%] 550/1000 trials — best sharpe: 1.98
  [ 57%] 575/1000 trials — best sharpe: 1.98
  [ 60%] 600/1000 trials — best sharpe: 1.98
  [ 62%] 625/1000 trials — best sharpe: 1.98
  [ 65%] 650/1000 trials — best sharpe: 1.98
  [ 67%] 675/1000 trials — best sharpe: 1.98
  [ 70%] 700/1000 trials — best sharpe: 1.98
  [ 72%] 725/1000 trials — best sharpe: 1.98
  [ 75%] 750/1000 trials — best sharpe: 1.98
  [ 77%] 775/1000 trials — best sharpe: 1.98
  [ 80%] 800/1000 trials — best sharpe: 1.98
  [ 82%] 825/1000 trials — best sharpe: 1.98
  [ 85%] 850/1000 trials — best sharpe: 1.98
  [ 87%] 875/1000 trials — best sharpe: 1.98
  [ 90%] 900/1000 trials — best sharpe: 1.98
  [ 92%] 925/1000 trials — best sharpe: 1.98
  [ 95%] 950/1000 trials — best sharpe: 1.98
  [ 97%] 975/1000 trials — best sharpe: 1.98
  [100%] 1000/1000 trials — best sharpe: 1.98
Optimization complete — best sharpe: 1.98
max_position_pct (0.66) is above 5x equal weight (0.09) — provides little concentration protection
  Max drawdown: 22.70% | Sharpe: 1.98 | Win rate: 50.41%
restart 3/4 (as of 2021-03-12)
Optimizing 2 strategies over 2015-07-28 to 2021-03-11
  objective: sharpe | train window: 2015-07-28 → 2021-03-11
  1000 trials across 5 workers
  [  2%] 25/1000 trials — best sharpe: 1.50
  [  5%] 50/1000 trials — best sharpe: 1.84
  [  7%] 75/1000 trials — best sharpe: 1.84
  [ 10%] 100/1000 trials — best sharpe: 1.84
  [ 12%] 125/1000 trials — best sharpe: 1.84
  [ 15%] 150/1000 trials — best sharpe: 1.84
  [ 17%] 175/1000 trials — best sharpe: 1.84
  [ 20%] 200/1000 trials — best sharpe: 1.84
  [ 22%] 225/1000 trials — best sharpe: 1.84
  [ 25%] 250/1000 trials — best sharpe: 1.84
  [ 27%] 275/1000 trials — best sharpe: 1.84
  [ 30%] 300/1000 trials — best sharpe: 1.84
  [ 32%] 325/1000 trials — best sharpe: 1.84
  [ 35%] 350/1000 trials — best sharpe: 1.84
  [ 37%] 375/1000 trials — best sharpe: 1.84
  [ 40%] 400/1000 trials — best sharpe: 1.84
  [ 42%] 425/1000 trials — best sharpe: 1.90
  [ 45%] 450/1000 trials — best sharpe: 1.90
  [ 47%] 475/1000 trials — best sharpe: 1.90
  [ 50%] 500/1000 trials — best sharpe: 1.90
  [ 52%] 525/1000 trials — best sharpe: 1.90
  [ 55%] 550/1000 trials — best sharpe: 1.90
  [ 57%] 575/1000 trials — best sharpe: 1.90
  [ 60%] 600/1000 trials — best sharpe: 1.90
  [ 62%] 625/1000 trials — best sharpe: 1.90
  [ 65%] 650/1000 trials — best sharpe: 1.90
  [ 67%] 675/1000 trials — best sharpe: 1.90
  [ 70%] 700/1000 trials — best sharpe: 1.90
  [ 72%] 725/1000 trials — best sharpe: 1.90
  [ 75%] 750/1000 trials — best sharpe: 1.90
  [ 77%] 775/1000 trials — best sharpe: 1.90
  [ 80%] 800/1000 trials — best sharpe: 1.90
  [ 82%] 825/1000 trials — best sharpe: 1.90
  [ 85%] 850/1000 trials — best sharpe: 1.90
  [ 87%] 875/1000 trials — best sharpe: 1.90
  [ 90%] 900/1000 trials — best sharpe: 1.90
  [ 92%] 925/1000 trials — best sharpe: 1.90
  [ 95%] 950/1000 trials — best sharpe: 1.90
  [ 97%] 975/1000 trials — best sharpe: 1.90
  [100%] 1000/1000 trials — best sharpe: 1.90
Optimization complete — best sharpe: 1.90
max_position_pct (0.66) is above 5x equal weight (0.09) — provides little concentration protection
  Max drawdown: 22.21% | Sharpe: 1.90 | Win rate: 58.33%
restart 4/4 (as of 2021-03-12)
Optimizing 2 strategies over 2015-07-28 to 2021-03-11
  objective: sharpe | train window: 2015-07-28 → 2021-03-11
  1000 trials across 5 workers
  [  2%] 25/1000 trials — best sharpe: 1.72
  [  5%] 50/1000 trials — best sharpe: 1.72
  [  7%] 75/1000 trials — best sharpe: 1.74
  [ 10%] 100/1000 trials — best sharpe: 1.74
  [ 12%] 125/1000 trials — best sharpe: 1.74
  [ 15%] 150/1000 trials — best sharpe: 1.76
  [ 17%] 175/1000 trials — best sharpe: 1.76
  [ 20%] 200/1000 trials — best sharpe: 1.76
  [ 22%] 225/1000 trials — best sharpe: 1.76
  [ 25%] 250/1000 trials — best sharpe: 1.76
  [ 27%] 275/1000 trials — best sharpe: 1.76
  [ 30%] 300/1000 trials — best sharpe: 1.76
  [ 32%] 325/1000 trials — best sharpe: 1.76
  [ 35%] 350/1000 trials — best sharpe: 1.76
  [ 37%] 375/1000 trials — best sharpe: 1.76
  [ 40%] 400/1000 trials — best sharpe: 1.83
  [ 42%] 425/1000 trials — best sharpe: 1.83
  [ 45%] 450/1000 trials — best sharpe: 1.83
  [ 47%] 475/1000 trials — best sharpe: 1.83
  [ 50%] 500/1000 trials — best sharpe: 1.83
  [ 52%] 525/1000 trials — best sharpe: 1.87
  [ 55%] 550/1000 trials — best sharpe: 1.87
  [ 57%] 575/1000 trials — best sharpe: 1.87
  [ 60%] 600/1000 trials — best sharpe: 1.87
  [ 62%] 625/1000 trials — best sharpe: 1.87
  [ 65%] 650/1000 trials — best sharpe: 1.87
  [ 67%] 675/1000 trials — best sharpe: 1.87
  [ 70%] 700/1000 trials — best sharpe: 1.87
  [ 72%] 725/1000 trials — best sharpe: 1.87
  [ 75%] 750/1000 trials — best sharpe: 1.87
  [ 77%] 775/1000 trials — best sharpe: 1.87
  [ 80%] 800/1000 trials — best sharpe: 1.87
  [ 82%] 825/1000 trials — best sharpe: 1.87
  [ 85%] 850/1000 trials — best sharpe: 1.87
  [ 87%] 875/1000 trials — best sharpe: 1.87
  [ 90%] 900/1000 trials — best sharpe: 1.87
  [ 92%] 925/1000 trials — best sharpe: 1.87
  [ 95%] 950/1000 trials — best sharpe: 1.87
  [ 97%] 975/1000 trials — best sharpe: 1.88
  [100%] 1000/1000 trials — best sharpe: 1.88
Optimization complete — best sharpe: 1.88
max_position_pct (0.66) is above 5x equal weight (0.09) — provides little concentration protection
  Max drawdown: 26.36% | Sharpe: 1.88 | Win rate: 49.56%
max_position_pct (0.66) is above 5x equal weight (0.09) — provides little concentration protection
max_position_pct (0.66) is above 5x equal weight (0.09) — provides little concentration protection
max_position_pct (0.66) is above 5x equal weight (0.09) — provides little concentration protection
max_position_pct (0.66) is above 5x equal weight (0.09) — provides little concentration protection
max_position_pct (0.66) is above 5x equal weight (0.09) — provides little concentration protection
max_position_pct (0.66) is above 5x equal weight (0.09) — provides little concentration protection
max_position_pct (0.66) is above 5x equal weight (0.09) — provides little concentration protection
max_position_pct (0.66) is above 5x equal weight (0.09) — provides little concentration protection
max_position_pct (0.66) is above 5x equal weight (0.09) — provides little concentration protection
max_position_pct (0.66) is above 5x equal weight (0.09) — provides little concentration protection
max_position_pct (0.66) is above 5x equal weight (0.09) — provides little concentration protection
max_position_pct (0.66) is above 5x equal weight (0.09) — provides little concentration protection
max_position_pct (0.66) is above 5x equal weight (0.09) — provides little concentration protection
max_position_pct (0.66) is above 5x equal weight (0.09) — provides little concentration protection
max_position_pct (0.66) is above 5x equal weight (0.09) — provides little concentration protection
max_position_pct (0.66) is above 5x equal weight (0.09) — provides little concentration protection
max_position_pct (0.66) is above 5x equal weight (0.09) — provides little concentration protection
max_position_pct (0.66) is above 5x equal weight (0.09) — provides little concentration protection
max_position_pct (0.66) is above 5x equal weight (0.09) — provides little concentration protection
max_position_pct (0.66) is above 5x equal weight (0.09) — provides little concentration protection
max_position_pct (0.66) is above 5x equal weight (0.09) — provides little concentration protection
max_position_pct (0.66) is above 5x equal weight (0.09) — provides little concentration protection
max_position_pct (0.66) is above 5x equal weight (0.09) — provides little concentration protection
max_position_pct (0.66) is above 5x equal weight (0.09) — provides little concentration protection
max_position_pct (0.66) is above 5x equal weight (0.09) — provides little concentration protection
max_position_pct (0.66) is above 5x equal weight (0.09) — provides little concentration protection
max_position_pct (0.66) is above 5x equal weight (0.09) — provides little concentration protection
max_position_pct (0.66) is above 5x equal weight (0.09) — provides little concentration protection
max_position_pct (0.66) is above 5x equal weight (0.09) — provides little concentration protection
max_position_pct (0.66) is above 5x equal weight (0.09) — provides little concentration protection
max_position_pct (0.66) is above 5x equal weight (0.09) — provides little concentration protection
max_position_pct (0.66) is above 5x equal weight (0.09) — provides little concentration protection
max_position_pct (0.66) is above 5x equal weight (0.09) — provides little concentration protection
max_position_pct (0.66) is above 5x equal weight (0.09) — provides little concentration protection
max_position_pct (0.66) is above 5x equal weight (0.09) — provides little concentration protection
max_position_pct (0.66) is above 5x equal weight (0.09) — provides little concentration protection
max_position_pct (0.66) is above 5x equal weight (0.09) — provides little concentration protection
max_position_pct (0.66) is above 5x equal weight (0.09) — provides little concentration protection
max_position_pct (0.66) is above 5x equal weight (0.09) — provides little concentration protection
max_position_pct (0.66) is above 5x equal weight (0.09) — provides little concentration protection
max_position_pct (0.66) is above 5x equal weight (0.09) — provides little concentration protection
max_position_pct (0.66) is above 5x equal weight (0.09) — provides little concentration protection
max_position_pct (0.66) is above 5x equal weight (0.09) — provides little concentration protection
max_position_pct (0.66) is above 5x equal weight (0.09) — provides little concentration protection
max_position_pct (0.66) is above 5x equal weight (0.09) — provides little concentration protection
max_position_pct (0.66) is above 5x equal weight (0.09) — provides little concentration protection
max_position_pct (0.66) is above 5x equal weight (0.09) — provides little concentration protection
max_position_pct (0.66) is above 5x equal weight (0.09) — provides little concentration protection
max_position_pct (0.66) is above 5x equal weight (0.09) — provides little concentration protection
max_position_pct (0.66) is above 5x equal weight (0.09) — provides little concentration protection
max_position_pct (0.66) is above 5x equal weight (0.09) — provides little concentration protection
max_position_pct (0.66) is above 5x equal weight (0.09) — provides little concentration protection
max_position_pct (0.66) is above 5x equal weight (0.09) — provides little concentration protection
max_position_pct (0.66) is above 5x equal weight (0.09) — provides little concentration protection
max_position_pct (0.66) is above 5x equal weight (0.09) — provides little concentration protection
max_position_pct (0.66) is above 5x equal weight (0.09) — provides little concentration protection
max_position_pct (0.66) is above 5x equal weight (0.09) — provides little concentration protection
max_position_pct (0.66) is above 5x equal weight (0.09) — provides little concentration protection
max_position_pct (0.66) is above 5x equal weight (0.09) — provides little concentration protection
max_position_pct (0.66) is above 5x equal weight (0.09) — provides little concentration protection
max_position_pct (0.66) is above 5x equal weight (0.09) — provides little concentration protection
max_position_pct (0.66) is above 5x equal weight (0.09) — provides little concentration protection
max_position_pct (0.66) is above 5x equal weight (0.09) — provides little concentration protection
max_position_pct (0.66) is above 5x equal weight (0.09) — provides little concentration protection
max_position_pct (0.66) is above 5x equal weight (0.09) — provides little concentration protection
max_position_pct (0.66) is above 5x equal weight (0.09) — provides little concentration protection
max_position_pct (0.66) is above 5x equal weight (0.09) — provides little concentration protection
max_position_pct (0.66) is above 5x equal weight (0.09) — provides little concentration protection
max_position_pct (0.66) is above 5x equal weight (0.09) — provides little concentration protection
max_position_pct (0.66) is above 5x equal weight (0.09) — provides little concentration protection
max_position_pct (0.66) is above 5x equal weight (0.09) — provides little concentration protection
max_position_pct (0.66) is above 5x equal weight (0.09) — provides little concentration protection
max_position_pct (0.66) is above 5x equal weight (0.09) — provides little concentration protection
max_position_pct (0.66) is above 5x equal weight (0.09) — provides little concentration protection
max_position_pct (0.66) is above 5x equal weight (0.09) — provides little concentration protection
max_position_pct (0.66) is above 5x equal weight (0.09) — provides little concentration protection
max_position_pct (0.66) is above 5x equal weight (0.09) — provides little concentration protection
max_position_pct (0.66) is above 5x equal weight (0.09) — provides little concentration protection
max_position_pct (0.66) is above 5x equal weight (0.09) — provides little concentration protection
max_position_pct (0.66) is above 5x equal weight (0.09) — provides little concentration protection
ensemble under-filled: 8 distinct member(s) survived dedupe (policy asks for 20)
— the deployment is less diversified than configured
max_position_pct (0.66) is above 5x equal weight (0.09) — provides little concentration protection
Fold 2/13: test 2021-06-11 → 2021-09-09
max_position_pct (0.66) is above 5x equal weight (0.09) — provides little concentration protection
Fold 3/13: test 2021-09-10 → 2021-12-08
max_position_pct (0.66) is above 5x equal weight (0.09) — provides little concentration protection
Fold 4/13: test 2021-12-09 → 2022-03-10
max_position_pct (0.66) is above 5x equal weight (0.09) — provides little concentration protection
Fold 5/13: test 2022-03-11 → 2022-06-09
max_position_pct (0.66) is above 5x equal weight (0.09) — provides little concentration protection
Fold 6/13: test 2022-06-10 → 2022-09-09
max_position_pct (0.66) is above 5x equal weight (0.09) — provides little concentration protection
Fold 7/13: test 2022-09-12 → 2022-12-08
max_position_pct (0.66) is above 5x equal weight (0.09) — provides little concentration protection
Fold 8/13: test 2022-12-09 → 2023-03-13
max_position_pct (0.66) is above 5x equal weight (0.09) — provides little concentration protection
Fold 9/13: test 2023-03-14 → 2023-06-12
max_position_pct (0.66) is above 5x equal weight (0.09) — provides little concentration protection
Fold 10/13: test 2023-06-13 → 2023-09-12
max_position_pct (0.66) is above 5x equal weight (0.09) — provides little concentration protection
Fold 11/13: test 2023-09-13 → 2023-12-11
max_position_pct (0.66) is above 5x equal weight (0.09) — provides little concentration protection
Fold 12/13: test 2023-12-12 → 2024-03-13
max_position_pct (0.66) is above 5x equal weight (0.09) — provides little concentration protection
Fold 13/13: test 2024-03-14 → 2024-08-27
max_position_pct (0.66) is above 5x equal weight (0.09) — provides little concentration protection
cell 20/32 done in 4m (elapsed 91m; ~55m remaining at the mean cell pace — 
frozen cells run far faster than re-fit cells)
sweep: ensemble on stonks, seed base 46 [cell 21/32]
Fold 1/13: test 2021-03-12 → 2021-06-10
restart 1/4 (as of 2021-03-12)
Optimizing 2 strategies over 2015-07-28 to 2021-03-11
  objective: sharpe | train window: 2015-07-28 → 2021-03-11
  1000 trials across 5 workers
  [  2%] 25/1000 trials — best sharpe: 1.52
  [  5%] 50/1000 trials — best sharpe: 1.66
  [  7%] 75/1000 trials — best sharpe: 1.83
  [ 10%] 100/1000 trials — best sharpe: 1.83
  [ 12%] 125/1000 trials — best sharpe: 1.83
  [ 15%] 150/1000 trials — best sharpe: 1.83
  [ 17%] 175/1000 trials — best sharpe: 1.83
  [ 20%] 200/1000 trials — best sharpe: 1.83
  [ 22%] 225/1000 trials — best sharpe: 1.83
  [ 25%] 250/1000 trials — best sharpe: 1.83
  [ 27%] 275/1000 trials — best sharpe: 1.83
  [ 30%] 300/1000 trials — best sharpe: 1.84
  [ 32%] 325/1000 trials — best sharpe: 1.84
  [ 35%] 350/1000 trials — best sharpe: 1.84
  [ 37%] 375/1000 trials — best sharpe: 1.84
  [ 40%] 400/1000 trials — best sharpe: 1.84
  [ 42%] 425/1000 trials — best sharpe: 1.84
  [ 45%] 450/1000 trials — best sharpe: 1.84
  [ 47%] 475/1000 trials — best sharpe: 1.84
  [ 50%] 500/1000 trials — best sharpe: 1.84
  [ 52%] 525/1000 trials — best sharpe: 1.84
  [ 55%] 550/1000 trials — best sharpe: 1.84
  [ 57%] 575/1000 trials — best sharpe: 1.85
  [ 60%] 600/1000 trials — best sharpe: 1.90
  [ 62%] 625/1000 trials — best sharpe: 1.90
  [ 65%] 650/1000 trials — best sharpe: 1.90
  [ 67%] 675/1000 trials — best sharpe: 1.90
  [ 70%] 700/1000 trials — best sharpe: 1.90
  [ 72%] 725/1000 trials — best sharpe: 1.90
  [ 75%] 750/1000 trials — best sharpe: 1.90
  [ 77%] 775/1000 trials — best sharpe: 1.90
  [ 80%] 800/1000 trials — best sharpe: 1.90
  [ 82%] 825/1000 trials — best sharpe: 1.90
  [ 85%] 850/1000 trials — best sharpe: 1.90
  [ 87%] 875/1000 trials — best sharpe: 1.90
  [ 90%] 900/1000 trials — best sharpe: 1.90
  [ 92%] 925/1000 trials — best sharpe: 1.90
  [ 95%] 950/1000 trials — best sharpe: 1.90
  [ 97%] 975/1000 trials — best sharpe: 1.90
  [100%] 1000/1000 trials — best sharpe: 1.90
Optimization complete — best sharpe: 1.90
max_position_pct (0.66) is above 5x equal weight (0.09) — provides little concentration protection
  Max drawdown: 26.53% | Sharpe: 1.90 | Win rate: 44.07%
restart 2/4 (as of 2021-03-12)
Optimizing 2 strategies over 2015-07-28 to 2021-03-11
  objective: sharpe | train window: 2015-07-28 → 2021-03-11
  1000 trials across 5 workers
  [  2%] 25/1000 trials — best sharpe: 1.57
  [  5%] 50/1000 trials — best sharpe: 1.71
  [  7%] 75/1000 trials — best sharpe: 1.71
  [ 10%] 100/1000 trials — best sharpe: 1.71
  [ 12%] 125/1000 trials — best sharpe: 1.76
  [ 15%] 150/1000 trials — best sharpe: 1.76
  [ 17%] 175/1000 trials — best sharpe: 1.76
  [ 20%] 200/1000 trials — best sharpe: 1.76
  [ 22%] 225/1000 trials — best sharpe: 1.76
  [ 25%] 250/1000 trials — best sharpe: 1.78
  [ 27%] 275/1000 trials — best sharpe: 1.78
  [ 30%] 300/1000 trials — best sharpe: 1.78
  [ 32%] 325/1000 trials — best sharpe: 1.78
  [ 35%] 350/1000 trials — best sharpe: 1.78
  [ 37%] 375/1000 trials — best sharpe: 1.78
  [ 40%] 400/1000 trials — best sharpe: 1.78
  [ 42%] 425/1000 trials — best sharpe: 1.78
  [ 45%] 450/1000 trials — best sharpe: 1.78
  [ 47%] 475/1000 trials — best sharpe: 1.78
  [ 50%] 500/1000 trials — best sharpe: 1.78
  [ 52%] 525/1000 trials — best sharpe: 1.78
  [ 55%] 550/1000 trials — best sharpe: 1.78
  [ 57%] 575/1000 trials — best sharpe: 1.78
  [ 60%] 600/1000 trials — best sharpe: 1.78
  [ 62%] 625/1000 trials — best sharpe: 1.78
  [ 65%] 650/1000 trials — best sharpe: 1.78
  [ 67%] 675/1000 trials — best sharpe: 1.78
  [ 70%] 700/1000 trials — best sharpe: 1.78
  [ 72%] 725/1000 trials — best sharpe: 1.78
  [ 75%] 750/1000 trials — best sharpe: 1.78
  [ 77%] 775/1000 trials — best sharpe: 1.78
  [ 80%] 800/1000 trials — best sharpe: 1.78
  [ 82%] 825/1000 trials — best sharpe: 1.78
  [ 85%] 850/1000 trials — best sharpe: 1.78
  [ 87%] 875/1000 trials — best sharpe: 1.78
  [ 90%] 900/1000 trials — best sharpe: 1.78
  [ 92%] 925/1000 trials — best sharpe: 1.78
  [ 95%] 950/1000 trials — best sharpe: 1.78
  [ 97%] 975/1000 trials — best sharpe: 1.80
  [100%] 1000/1000 trials — best sharpe: 1.80
Optimization complete — best sharpe: 1.80
max_position_pct (0.66) is above 5x equal weight (0.09) — provides little concentration protection
  Max drawdown: 20.76% | Sharpe: 1.80 | Win rate: 49.17%
restart 3/4 (as of 2021-03-12)
Optimizing 2 strategies over 2015-07-28 to 2021-03-11
  objective: sharpe | train window: 2015-07-28 → 2021-03-11
  1000 trials across 5 workers
  [  2%] 25/1000 trials — best sharpe: 1.56
  [  5%] 50/1000 trials — best sharpe: 1.63
  [  7%] 75/1000 trials — best sharpe: 1.63
  [ 10%] 100/1000 trials — best sharpe: 1.79
  [ 12%] 125/1000 trials — best sharpe: 1.79
  [ 15%] 150/1000 trials — best sharpe: 1.79
  [ 17%] 175/1000 trials — best sharpe: 1.79
  [ 20%] 200/1000 trials — best sharpe: 1.79
  [ 22%] 225/1000 trials — best sharpe: 1.79
  [ 25%] 250/1000 trials — best sharpe: 1.79
  [ 27%] 275/1000 trials — best sharpe: 1.88
  [ 30%] 300/1000 trials — best sharpe: 1.88
  [ 32%] 325/1000 trials — best sharpe: 1.88
  [ 35%] 350/1000 trials — best sharpe: 1.88
  [ 37%] 375/1000 trials — best sharpe: 1.88
  [ 40%] 400/1000 trials — best sharpe: 1.88
  [ 42%] 425/1000 trials — best sharpe: 1.88
  [ 45%] 450/1000 trials — best sharpe: 1.88
  [ 47%] 475/1000 trials — best sharpe: 1.88
  [ 50%] 500/1000 trials — best sharpe: 1.88
  [ 52%] 525/1000 trials — best sharpe: 1.88
  [ 55%] 550/1000 trials — best sharpe: 1.88
  [ 57%] 575/1000 trials — best sharpe: 1.88
  [ 60%] 600/1000 trials — best sharpe: 1.88
  [ 62%] 625/1000 trials — best sharpe: 1.88
  [ 65%] 650/1000 trials — best sharpe: 1.92
  [ 67%] 675/1000 trials — best sharpe: 2.01
  [ 70%] 700/1000 trials — best sharpe: 2.01
  [ 72%] 725/1000 trials — best sharpe: 2.01
  [ 75%] 750/1000 trials — best sharpe: 2.01
  [ 77%] 775/1000 trials — best sharpe: 2.01
  [ 80%] 800/1000 trials — best sharpe: 2.01
  [ 82%] 825/1000 trials — best sharpe: 2.01
  [ 85%] 850/1000 trials — best sharpe: 2.01
  [ 87%] 875/1000 trials — best sharpe: 2.01
  [ 90%] 900/1000 trials — best sharpe: 2.01
  [ 92%] 925/1000 trials — best sharpe: 2.01
  [ 95%] 950/1000 trials — best sharpe: 2.01
  [ 97%] 975/1000 trials — best sharpe: 2.01
  [100%] 1000/1000 trials — best sharpe: 2.01
Optimization complete — best sharpe: 2.01
max_position_pct (0.66) is above 5x equal weight (0.09) — provides little concentration protection
  Max drawdown: 25.03% | Sharpe: 2.01 | Win rate: 52.17%
restart 4/4 (as of 2021-03-12)
Optimizing 2 strategies over 2015-07-28 to 2021-03-11
  objective: sharpe | train window: 2015-07-28 → 2021-03-11
  1000 trials across 5 workers
  [  2%] 25/1000 trials — best sharpe: 1.74
  [  5%] 50/1000 trials — best sharpe: 1.74
  [  7%] 75/1000 trials — best sharpe: 1.74
  [ 10%] 100/1000 trials — best sharpe: 1.74
  [ 12%] 125/1000 trials — best sharpe: 1.74
  [ 15%] 150/1000 trials — best sharpe: 1.74
  [ 17%] 175/1000 trials — best sharpe: 1.74
  [ 20%] 200/1000 trials — best sharpe: 1.74
  [ 22%] 225/1000 trials — best sharpe: 1.74
  [ 25%] 250/1000 trials — best sharpe: 1.75
  [ 27%] 275/1000 trials — best sharpe: 1.75
  [ 30%] 300/1000 trials — best sharpe: 1.75
  [ 32%] 325/1000 trials — best sharpe: 1.75
  [ 35%] 350/1000 trials — best sharpe: 1.75
  [ 37%] 375/1000 trials — best sharpe: 1.75
  [ 40%] 400/1000 trials — best sharpe: 1.84
  [ 42%] 425/1000 trials — best sharpe: 1.84
  [ 45%] 450/1000 trials — best sharpe: 1.84
  [ 47%] 475/1000 trials — best sharpe: 1.84
  [ 50%] 500/1000 trials — best sharpe: 1.84
  [ 52%] 525/1000 trials — best sharpe: 1.84
  [ 55%] 550/1000 trials — best sharpe: 1.84
  [ 57%] 575/1000 trials — best sharpe: 1.84
  [ 60%] 600/1000 trials — best sharpe: 1.84
  [ 62%] 625/1000 trials — best sharpe: 1.84
  [ 65%] 650/1000 trials — best sharpe: 1.84
  [ 67%] 675/1000 trials — best sharpe: 1.84
  [ 70%] 700/1000 trials — best sharpe: 1.84
  [ 72%] 725/1000 trials — best sharpe: 1.93
  [ 75%] 750/1000 trials — best sharpe: 1.93
  [ 77%] 775/1000 trials — best sharpe: 1.93
  [ 80%] 800/1000 trials — best sharpe: 1.93
  [ 82%] 825/1000 trials — best sharpe: 1.93
  [ 85%] 850/1000 trials — best sharpe: 1.93
  [ 87%] 875/1000 trials — best sharpe: 1.93
  [ 90%] 900/1000 trials — best sharpe: 1.93
  [ 92%] 925/1000 trials — best sharpe: 1.93
  [ 95%] 950/1000 trials — best sharpe: 1.93
  [ 97%] 975/1000 trials — best sharpe: 1.93
  [100%] 1000/1000 trials — best sharpe: 1.93
Optimization complete — best sharpe: 1.93
max_position_pct (0.66) is above 5x equal weight (0.09) — provides little concentration protection
  Max drawdown: 24.95% | Sharpe: 1.93 | Win rate: 52.14%
max_position_pct (0.66) is above 5x equal weight (0.09) — provides little concentration protection
max_position_pct (0.66) is above 5x equal weight (0.09) — provides little concentration protection
max_position_pct (0.66) is above 5x equal weight (0.09) — provides little concentration protection
max_position_pct (0.66) is above 5x equal weight (0.09) — provides little concentration protection
max_position_pct (0.66) is above 5x equal weight (0.09) — provides little concentration protection
max_position_pct (0.66) is above 5x equal weight (0.09) — provides little concentration protection
max_position_pct (0.66) is above 5x equal weight (0.09) — provides little concentration protection
max_position_pct (0.66) is above 5x equal weight (0.09) — provides little concentration protection
max_position_pct (0.66) is above 5x equal weight (0.09) — provides little concentration protection
max_position_pct (0.66) is above 5x equal weight (0.09) — provides little concentration protection
max_position_pct (0.66) is above 5x equal weight (0.09) — provides little concentration protection
max_position_pct (0.66) is above 5x equal weight (0.09) — provides little concentration protection
max_position_pct (0.66) is above 5x equal weight (0.09) — provides little concentration protection
max_position_pct (0.66) is above 5x equal weight (0.09) — provides little concentration protection
max_position_pct (0.66) is above 5x equal weight (0.09) — provides little concentration protection
max_position_pct (0.66) is above 5x equal weight (0.09) — provides little concentration protection
max_position_pct (0.66) is above 5x equal weight (0.09) — provides little concentration protection
max_position_pct (0.66) is above 5x equal weight (0.09) — provides little concentration protection
max_position_pct (0.66) is above 5x equal weight (0.09) — provides little concentration protection
max_position_pct (0.66) is above 5x equal weight (0.09) — provides little concentration protection
max_position_pct (0.66) is above 5x equal weight (0.09) — provides little concentration protection
max_position_pct (0.66) is above 5x equal weight (0.09) — provides little concentration protection
max_position_pct (0.66) is above 5x equal weight (0.09) — provides little concentration protection
max_position_pct (0.66) is above 5x equal weight (0.09) — provides little concentration protection
max_position_pct (0.66) is above 5x equal weight (0.09) — provides little concentration protection
max_position_pct (0.66) is above 5x equal weight (0.09) — provides little concentration protection
max_position_pct (0.66) is above 5x equal weight (0.09) — provides little concentration protection
max_position_pct (0.66) is above 5x equal weight (0.09) — provides little concentration protection
max_position_pct (0.66) is above 5x equal weight (0.09) — provides little concentration protection
max_position_pct (0.66) is above 5x equal weight (0.09) — provides little concentration protection
max_position_pct (0.66) is above 5x equal weight (0.09) — provides little concentration protection
max_position_pct (0.66) is above 5x equal weight (0.09) — provides little concentration protection
max_position_pct (0.66) is above 5x equal weight (0.09) — provides little concentration protection
max_position_pct (0.66) is above 5x equal weight (0.09) — provides little concentration protection
max_position_pct (0.66) is above 5x equal weight (0.09) — provides little concentration protection
max_position_pct (0.66) is above 5x equal weight (0.09) — provides little concentration protection
max_position_pct (0.66) is above 5x equal weight (0.09) — provides little concentration protection
max_position_pct (0.66) is above 5x equal weight (0.09) — provides little concentration protection
max_position_pct (0.66) is above 5x equal weight (0.09) — provides little concentration protection
max_position_pct (0.66) is above 5x equal weight (0.09) — provides little concentration protection
max_position_pct (0.66) is above 5x equal weight (0.09) — provides little concentration protection
max_position_pct (0.66) is above 5x equal weight (0.09) — provides little concentration protection
max_position_pct (0.66) is above 5x equal weight (0.09) — provides little concentration protection
max_position_pct (0.66) is above 5x equal weight (0.09) — provides little concentration protection
max_position_pct (0.66) is above 5x equal weight (0.09) — provides little concentration protection
max_position_pct (0.66) is above 5x equal weight (0.09) — provides little concentration protection
max_position_pct (0.66) is above 5x equal weight (0.09) — provides little concentration protection
max_position_pct (0.66) is above 5x equal weight (0.09) — provides little concentration protection
max_position_pct (0.66) is above 5x equal weight (0.09) — provides little concentration protection
max_position_pct (0.66) is above 5x equal weight (0.09) — provides little concentration protection
max_position_pct (0.66) is above 5x equal weight (0.09) — provides little concentration protection
max_position_pct (0.66) is above 5x equal weight (0.09) — provides little concentration protection
max_position_pct (0.66) is above 5x equal weight (0.09) — provides little concentration protection
max_position_pct (0.66) is above 5x equal weight (0.09) — provides little concentration protection
max_position_pct (0.66) is above 5x equal weight (0.09) — provides little concentration protection
max_position_pct (0.66) is above 5x equal weight (0.09) — provides little concentration protection
max_position_pct (0.66) is above 5x equal weight (0.09) — provides little concentration protection
max_position_pct (0.66) is above 5x equal weight (0.09) — provides little concentration protection
max_position_pct (0.66) is above 5x equal weight (0.09) — provides little concentration protection
max_position_pct (0.66) is above 5x equal weight (0.09) — provides little concentration protection
max_position_pct (0.66) is above 5x equal weight (0.09) — provides little concentration protection
max_position_pct (0.66) is above 5x equal weight (0.09) — provides little concentration protection
max_position_pct (0.66) is above 5x equal weight (0.09) — provides little concentration protection
max_position_pct (0.66) is above 5x equal weight (0.09) — provides little concentration protection
max_position_pct (0.66) is above 5x equal weight (0.09) — provides little concentration protection
max_position_pct (0.66) is above 5x equal weight (0.09) — provides little concentration protection
max_position_pct (0.66) is above 5x equal weight (0.09) — provides little concentration protection
max_position_pct (0.66) is above 5x equal weight (0.09) — provides little concentration protection
max_position_pct (0.66) is above 5x equal weight (0.09) — provides little concentration protection
ensemble under-filled: 13 distinct member(s) survived dedupe (policy asks for 
20) — the deployment is less diversified than configured
max_position_pct (0.66) is above 5x equal weight (0.09) — provides little concentration protection
Fold 2/13: test 2021-06-11 → 2021-09-09
max_position_pct (0.66) is above 5x equal weight (0.09) — provides little concentration protection
Fold 3/13: test 2021-09-10 → 2021-12-08
max_position_pct (0.66) is above 5x equal weight (0.09) — provides little concentration protection
Fold 4/13: test 2021-12-09 → 2022-03-10
max_position_pct (0.66) is above 5x equal weight (0.09) — provides little concentration protection
Fold 5/13: test 2022-03-11 → 2022-06-09
max_position_pct (0.66) is above 5x equal weight (0.09) — provides little concentration protection
Fold 6/13: test 2022-06-10 → 2022-09-09
max_position_pct (0.66) is above 5x equal weight (0.09) — provides little concentration protection
Fold 7/13: test 2022-09-12 → 2022-12-08
max_position_pct (0.66) is above 5x equal weight (0.09) — provides little concentration protection
Fold 8/13: test 2022-12-09 → 2023-03-13
max_position_pct (0.66) is above 5x equal weight (0.09) — provides little concentration protection
Fold 9/13: test 2023-03-14 → 2023-06-12
max_position_pct (0.66) is above 5x equal weight (0.09) — provides little concentration protection
Fold 10/13: test 2023-06-13 → 2023-09-12
max_position_pct (0.66) is above 5x equal weight (0.09) — provides little concentration protection
Fold 11/13: test 2023-09-13 → 2023-12-11
max_position_pct (0.66) is above 5x equal weight (0.09) — provides little concentration protection
Fold 12/13: test 2023-12-12 → 2024-03-13
max_position_pct (0.66) is above 5x equal weight (0.09) — provides little concentration protection
Fold 13/13: test 2024-03-14 → 2024-08-27
max_position_pct (0.66) is above 5x equal weight (0.09) — provides little concentration protection
cell 21/32 done in 4m (elapsed 95m; ~50m remaining at the mean cell pace — 
frozen cells run far faster than re-fit cells)
sweep: ensemble on stonks, seed base 47 [cell 22/32]
Fold 1/13: test 2021-03-12 → 2021-06-10
restart 1/4 (as of 2021-03-12)
Optimizing 2 strategies over 2015-07-28 to 2021-03-11
  objective: sharpe | train window: 2015-07-28 → 2021-03-11
  1000 trials across 5 workers
  [  2%] 25/1000 trials — best sharpe: 1.76
  [  5%] 50/1000 trials — best sharpe: 1.76
  [  7%] 75/1000 trials — best sharpe: 1.83
  [ 10%] 100/1000 trials — best sharpe: 1.83
  [ 12%] 125/1000 trials — best sharpe: 1.83
  [ 15%] 150/1000 trials — best sharpe: 1.83
  [ 17%] 175/1000 trials — best sharpe: 1.83
  [ 20%] 200/1000 trials — best sharpe: 1.83
  [ 22%] 225/1000 trials — best sharpe: 1.83
  [ 25%] 250/1000 trials — best sharpe: 1.83
  [ 27%] 275/1000 trials — best sharpe: 1.83
  [ 30%] 300/1000 trials — best sharpe: 1.83
  [ 32%] 325/1000 trials — best sharpe: 1.83
  [ 35%] 350/1000 trials — best sharpe: 1.84
  [ 37%] 375/1000 trials — best sharpe: 1.84
  [ 40%] 400/1000 trials — best sharpe: 1.86
  [ 42%] 425/1000 trials — best sharpe: 1.86
  [ 45%] 450/1000 trials — best sharpe: 1.86
  [ 47%] 475/1000 trials — best sharpe: 1.86
  [ 50%] 500/1000 trials — best sharpe: 1.86
  [ 52%] 525/1000 trials — best sharpe: 1.86
  [ 55%] 550/1000 trials — best sharpe: 1.86
  [ 57%] 575/1000 trials — best sharpe: 1.86
  [ 60%] 600/1000 trials — best sharpe: 1.86
  [ 62%] 625/1000 trials — best sharpe: 1.86
  [ 65%] 650/1000 trials — best sharpe: 1.86
  [ 67%] 675/1000 trials — best sharpe: 1.86
  [ 70%] 700/1000 trials — best sharpe: 1.86
  [ 72%] 725/1000 trials — best sharpe: 1.86
  [ 75%] 750/1000 trials — best sharpe: 1.86
  [ 77%] 775/1000 trials — best sharpe: 1.86
  [ 80%] 800/1000 trials — best sharpe: 1.86
  [ 82%] 825/1000 trials — best sharpe: 1.86
  [ 85%] 850/1000 trials — best sharpe: 1.86
  [ 87%] 875/1000 trials — best sharpe: 1.86
  [ 90%] 900/1000 trials — best sharpe: 1.86
  [ 92%] 925/1000 trials — best sharpe: 1.86
  [ 95%] 950/1000 trials — best sharpe: 1.86
  [ 97%] 975/1000 trials — best sharpe: 1.86
  [100%] 1000/1000 trials — best sharpe: 1.86
Optimization complete — best sharpe: 1.86
max_position_pct (0.66) is above 5x equal weight (0.09) — provides little concentration protection
  Max drawdown: 26.28% | Sharpe: 1.86 | Win rate: 46.09%
restart 2/4 (as of 2021-03-12)
Optimizing 2 strategies over 2015-07-28 to 2021-03-11
  objective: sharpe | train window: 2015-07-28 → 2021-03-11
  1000 trials across 5 workers
  [  2%] 25/1000 trials — best sharpe: 1.49
  [  5%] 50/1000 trials — best sharpe: 1.76
  [  7%] 75/1000 trials — best sharpe: 1.76
  [ 10%] 100/1000 trials — best sharpe: 1.81
  [ 12%] 125/1000 trials — best sharpe: 1.81
  [ 15%] 150/1000 trials — best sharpe: 1.81
  [ 17%] 175/1000 trials — best sharpe: 1.81
  [ 20%] 200/1000 trials — best sharpe: 1.82
  [ 22%] 225/1000 trials — best sharpe: 1.82
  [ 25%] 250/1000 trials — best sharpe: 1.82
  [ 27%] 275/1000 trials — best sharpe: 1.82
  [ 30%] 300/1000 trials — best sharpe: 1.82
  [ 32%] 325/1000 trials — best sharpe: 1.82
  [ 35%] 350/1000 trials — best sharpe: 1.82
  [ 37%] 375/1000 trials — best sharpe: 1.82
  [ 40%] 400/1000 trials — best sharpe: 1.82
  [ 42%] 425/1000 trials — best sharpe: 1.82
  [ 45%] 450/1000 trials — best sharpe: 1.82
  [ 47%] 475/1000 trials — best sharpe: 1.82
  [ 50%] 500/1000 trials — best sharpe: 1.82
  [ 52%] 525/1000 trials — best sharpe: 1.82
  [ 55%] 550/1000 trials — best sharpe: 1.90
  [ 57%] 575/1000 trials — best sharpe: 1.90
  [ 60%] 600/1000 trials — best sharpe: 1.90
  [ 62%] 625/1000 trials — best sharpe: 1.90
  [ 65%] 650/1000 trials — best sharpe: 1.90
  [ 67%] 675/1000 trials — best sharpe: 1.90
  [ 70%] 700/1000 trials — best sharpe: 1.90
  [ 72%] 725/1000 trials — best sharpe: 1.90
  [ 75%] 750/1000 trials — best sharpe: 1.90
  [ 77%] 775/1000 trials — best sharpe: 1.90
  [ 80%] 800/1000 trials — best sharpe: 1.90
  [ 82%] 825/1000 trials — best sharpe: 1.90
  [ 85%] 850/1000 trials — best sharpe: 1.90
  [ 87%] 875/1000 trials — best sharpe: 1.90
  [ 90%] 900/1000 trials — best sharpe: 1.90
  [ 92%] 925/1000 trials — best sharpe: 1.90
  [ 95%] 950/1000 trials — best sharpe: 1.90
  [ 97%] 975/1000 trials — best sharpe: 1.90
  [100%] 1000/1000 trials — best sharpe: 1.90
Optimization complete — best sharpe: 1.90
max_position_pct (0.66) is above 5x equal weight (0.09) — provides little concentration protection
  Max drawdown: 26.98% | Sharpe: 1.90 | Win rate: 54.24%
restart 3/4 (as of 2021-03-12)
Optimizing 2 strategies over 2015-07-28 to 2021-03-11
  objective: sharpe | train window: 2015-07-28 → 2021-03-11
  1000 trials across 5 workers
  [  2%] 25/1000 trials — best sharpe: 1.75
  [  5%] 50/1000 trials — best sharpe: 1.78
  [  7%] 75/1000 trials — best sharpe: 1.78
  [ 10%] 100/1000 trials — best sharpe: 1.78
  [ 12%] 125/1000 trials — best sharpe: 1.78
  [ 15%] 150/1000 trials — best sharpe: 1.78
  [ 17%] 175/1000 trials — best sharpe: 1.78
  [ 20%] 200/1000 trials — best sharpe: 1.83
  [ 22%] 225/1000 trials — best sharpe: 1.83
  [ 25%] 250/1000 trials — best sharpe: 1.89
  [ 27%] 275/1000 trials — best sharpe: 1.89
  [ 30%] 300/1000 trials — best sharpe: 1.89
  [ 32%] 325/1000 trials — best sharpe: 1.89
  [ 35%] 350/1000 trials — best sharpe: 1.89
  [ 37%] 375/1000 trials — best sharpe: 1.89
  [ 40%] 400/1000 trials — best sharpe: 1.89
  [ 42%] 425/1000 trials — best sharpe: 1.89
  [ 45%] 450/1000 trials — best sharpe: 1.89
  [ 47%] 475/1000 trials — best sharpe: 1.89
  [ 50%] 500/1000 trials — best sharpe: 1.89
  [ 52%] 525/1000 trials — best sharpe: 1.89
  [ 55%] 550/1000 trials — best sharpe: 1.89
  [ 57%] 575/1000 trials — best sharpe: 1.89
  [ 60%] 600/1000 trials — best sharpe: 1.89
  [ 62%] 625/1000 trials — best sharpe: 1.89
  [ 65%] 650/1000 trials — best sharpe: 1.89
  [ 67%] 675/1000 trials — best sharpe: 1.89
  [ 70%] 700/1000 trials — best sharpe: 1.89
  [ 72%] 725/1000 trials — best sharpe: 1.89
  [ 75%] 750/1000 trials — best sharpe: 1.89
  [ 77%] 775/1000 trials — best sharpe: 1.89
  [ 80%] 800/1000 trials — best sharpe: 1.89
  [ 82%] 825/1000 trials — best sharpe: 1.89
  [ 85%] 850/1000 trials — best sharpe: 1.89
  [ 87%] 875/1000 trials — best sharpe: 1.89
  [ 90%] 900/1000 trials — best sharpe: 1.89
  [ 92%] 925/1000 trials — best sharpe: 1.89
  [ 95%] 950/1000 trials — best sharpe: 1.89
  [ 97%] 975/1000 trials — best sharpe: 1.89
  [100%] 1000/1000 trials — best sharpe: 1.89
Optimization complete — best sharpe: 1.89
max_position_pct (0.66) is above 5x equal weight (0.09) — provides little concentration protection
  Max drawdown: 28.24% | Sharpe: 1.89 | Win rate: 49.11%
restart 4/4 (as of 2021-03-12)
Optimizing 2 strategies over 2015-07-28 to 2021-03-11
  objective: sharpe | train window: 2015-07-28 → 2021-03-11
  1000 trials across 5 workers
  [  2%] 25/1000 trials — best sharpe: 1.53
  [  5%] 50/1000 trials — best sharpe: 1.57
  [  7%] 75/1000 trials — best sharpe: 1.62
  [ 10%] 100/1000 trials — best sharpe: 1.74
  [ 12%] 125/1000 trials — best sharpe: 1.80
  [ 15%] 150/1000 trials — best sharpe: 1.80
  [ 17%] 175/1000 trials — best sharpe: 1.80
  [ 20%] 200/1000 trials — best sharpe: 1.80
  [ 22%] 225/1000 trials — best sharpe: 1.80
  [ 25%] 250/1000 trials — best sharpe: 1.85
  [ 27%] 275/1000 trials — best sharpe: 1.85
  [ 30%] 300/1000 trials — best sharpe: 1.85
  [ 32%] 325/1000 trials — best sharpe: 1.85
  [ 35%] 350/1000 trials — best sharpe: 1.85
  [ 37%] 375/1000 trials — best sharpe: 1.85
  [ 40%] 400/1000 trials — best sharpe: 1.85
  [ 42%] 425/1000 trials — best sharpe: 1.85
  [ 45%] 450/1000 trials — best sharpe: 1.85
  [ 47%] 475/1000 trials — best sharpe: 1.85
  [ 50%] 500/1000 trials — best sharpe: 1.85
  [ 52%] 525/1000 trials — best sharpe: 1.85
  [ 55%] 550/1000 trials — best sharpe: 1.85
  [ 57%] 575/1000 trials — best sharpe: 1.85
  [ 60%] 600/1000 trials — best sharpe: 1.85
  [ 62%] 625/1000 trials — best sharpe: 1.85
  [ 65%] 650/1000 trials — best sharpe: 1.85
  [ 67%] 675/1000 trials — best sharpe: 1.85
  [ 70%] 700/1000 trials — best sharpe: 1.85
  [ 72%] 725/1000 trials — best sharpe: 1.85
  [ 75%] 750/1000 trials — best sharpe: 1.85
  [ 77%] 775/1000 trials — best sharpe: 1.85
  [ 80%] 800/1000 trials — best sharpe: 1.87
  [ 82%] 825/1000 trials — best sharpe: 1.88
  [ 85%] 850/1000 trials — best sharpe: 1.88
  [ 87%] 875/1000 trials — best sharpe: 1.88
  [ 90%] 900/1000 trials — best sharpe: 1.88
  [ 92%] 925/1000 trials — best sharpe: 1.88
  [ 95%] 950/1000 trials — best sharpe: 1.88
  [ 97%] 975/1000 trials — best sharpe: 1.88
  [100%] 1000/1000 trials — best sharpe: 1.88
Optimization complete — best sharpe: 1.88
max_position_pct (0.66) is above 5x equal weight (0.09) — provides little concentration protection
  Max drawdown: 23.73% | Sharpe: 1.88 | Win rate: 54.33%
max_position_pct (0.66) is above 5x equal weight (0.09) — provides little concentration protection
max_position_pct (0.66) is above 5x equal weight (0.09) — provides little concentration protection
max_position_pct (0.66) is above 5x equal weight (0.09) — provides little concentration protection
max_position_pct (0.66) is above 5x equal weight (0.09) — provides little concentration protection
max_position_pct (0.66) is above 5x equal weight (0.09) — provides little concentration protection
max_position_pct (0.66) is above 5x equal weight (0.09) — provides little concentration protection
max_position_pct (0.66) is above 5x equal weight (0.09) — provides little concentration protection
max_position_pct (0.66) is above 5x equal weight (0.09) — provides little concentration protection
max_position_pct (0.66) is above 5x equal weight (0.09) — provides little concentration protection
max_position_pct (0.66) is above 5x equal weight (0.09) — provides little concentration protection
max_position_pct (0.66) is above 5x equal weight (0.09) — provides little concentration protection
max_position_pct (0.66) is above 5x equal weight (0.09) — provides little concentration protection
max_position_pct (0.66) is above 5x equal weight (0.09) — provides little concentration protection
max_position_pct (0.66) is above 5x equal weight (0.09) — provides little concentration protection
max_position_pct (0.66) is above 5x equal weight (0.09) — provides little concentration protection
max_position_pct (0.66) is above 5x equal weight (0.09) — provides little concentration protection
max_position_pct (0.66) is above 5x equal weight (0.09) — provides little concentration protection
max_position_pct (0.66) is above 5x equal weight (0.09) — provides little concentration protection
max_position_pct (0.66) is above 5x equal weight (0.09) — provides little concentration protection
max_position_pct (0.66) is above 5x equal weight (0.09) — provides little concentration protection
max_position_pct (0.66) is above 5x equal weight (0.09) — provides little concentration protection
max_position_pct (0.66) is above 5x equal weight (0.09) — provides little concentration protection
max_position_pct (0.66) is above 5x equal weight (0.09) — provides little concentration protection
max_position_pct (0.66) is above 5x equal weight (0.09) — provides little concentration protection
max_position_pct (0.66) is above 5x equal weight (0.09) — provides little concentration protection
max_position_pct (0.66) is above 5x equal weight (0.09) — provides little concentration protection
max_position_pct (0.66) is above 5x equal weight (0.09) — provides little concentration protection
max_position_pct (0.66) is above 5x equal weight (0.09) — provides little concentration protection
max_position_pct (0.66) is above 5x equal weight (0.09) — provides little concentration protection
max_position_pct (0.66) is above 5x equal weight (0.09) — provides little concentration protection
max_position_pct (0.66) is above 5x equal weight (0.09) — provides little concentration protection
max_position_pct (0.66) is above 5x equal weight (0.09) — provides little concentration protection
max_position_pct (0.66) is above 5x equal weight (0.09) — provides little concentration protection
max_position_pct (0.66) is above 5x equal weight (0.09) — provides little concentration protection
max_position_pct (0.66) is above 5x equal weight (0.09) — provides little concentration protection
max_position_pct (0.66) is above 5x equal weight (0.09) — provides little concentration protection
max_position_pct (0.66) is above 5x equal weight (0.09) — provides little concentration protection
max_position_pct (0.66) is above 5x equal weight (0.09) — provides little concentration protection
max_position_pct (0.66) is above 5x equal weight (0.09) — provides little concentration protection
max_position_pct (0.66) is above 5x equal weight (0.09) — provides little concentration protection
max_position_pct (0.66) is above 5x equal weight (0.09) — provides little concentration protection
max_position_pct (0.66) is above 5x equal weight (0.09) — provides little concentration protection
max_position_pct (0.66) is above 5x equal weight (0.09) — provides little concentration protection
max_position_pct (0.66) is above 5x equal weight (0.09) — provides little concentration protection
max_position_pct (0.66) is above 5x equal weight (0.09) — provides little concentration protection
max_position_pct (0.66) is above 5x equal weight (0.09) — provides little concentration protection
max_position_pct (0.66) is above 5x equal weight (0.09) — provides little concentration protection
max_position_pct (0.66) is above 5x equal weight (0.09) — provides little concentration protection
max_position_pct (0.66) is above 5x equal weight (0.09) — provides little concentration protection
max_position_pct (0.66) is above 5x equal weight (0.09) — provides little concentration protection
max_position_pct (0.66) is above 5x equal weight (0.09) — provides little concentration protection
max_position_pct (0.66) is above 5x equal weight (0.09) — provides little concentration protection
max_position_pct (0.66) is above 5x equal weight (0.09) — provides little concentration protection
max_position_pct (0.66) is above 5x equal weight (0.09) — provides little concentration protection
max_position_pct (0.66) is above 5x equal weight (0.09) — provides little concentration protection
max_position_pct (0.66) is above 5x equal weight (0.09) — provides little concentration protection
max_position_pct (0.66) is above 5x equal weight (0.09) — provides little concentration protection
max_position_pct (0.66) is above 5x equal weight (0.09) — provides little concentration protection
max_position_pct (0.66) is above 5x equal weight (0.09) — provides little concentration protection
max_position_pct (0.66) is above 5x equal weight (0.09) — provides little concentration protection
max_position_pct (0.66) is above 5x equal weight (0.09) — provides little concentration protection
max_position_pct (0.66) is above 5x equal weight (0.09) — provides little concentration protection
max_position_pct (0.66) is above 5x equal weight (0.09) — provides little concentration protection
max_position_pct (0.66) is above 5x equal weight (0.09) — provides little concentration protection
max_position_pct (0.66) is above 5x equal weight (0.09) — provides little concentration protection
max_position_pct (0.66) is above 5x equal weight (0.09) — provides little concentration protection
max_position_pct (0.66) is above 5x equal weight (0.09) — provides little concentration protection
max_position_pct (0.66) is above 5x equal weight (0.09) — provides little concentration protection
max_position_pct (0.66) is above 5x equal weight (0.09) — provides little concentration protection
max_position_pct (0.66) is above 5x equal weight (0.09) — provides little concentration protection
max_position_pct (0.66) is above 5x equal weight (0.09) — provides little concentration protection
max_position_pct (0.66) is above 5x equal weight (0.09) — provides little concentration protection
max_position_pct (0.66) is above 5x equal weight (0.09) — provides little concentration protection
max_position_pct (0.66) is above 5x equal weight (0.09) — provides little concentration protection
max_position_pct (0.66) is above 5x equal weight (0.09) — provides little concentration protection
max_position_pct (0.66) is above 5x equal weight (0.09) — provides little concentration protection
ensemble under-filled: 11 distinct member(s) survived dedupe (policy asks for 
20) — the deployment is less diversified than configured
max_position_pct (0.66) is above 5x equal weight (0.09) — provides little concentration protection
Fold 2/13: test 2021-06-11 → 2021-09-09
max_position_pct (0.66) is above 5x equal weight (0.09) — provides little concentration protection
Fold 3/13: test 2021-09-10 → 2021-12-08
max_position_pct (0.66) is above 5x equal weight (0.09) — provides little concentration protection
Fold 4/13: test 2021-12-09 → 2022-03-10
max_position_pct (0.66) is above 5x equal weight (0.09) — provides little concentration protection
Fold 5/13: test 2022-03-11 → 2022-06-09
max_position_pct (0.66) is above 5x equal weight (0.09) — provides little concentration protection
Fold 6/13: test 2022-06-10 → 2022-09-09
max_position_pct (0.66) is above 5x equal weight (0.09) — provides little concentration protection
Fold 7/13: test 2022-09-12 → 2022-12-08
max_position_pct (0.66) is above 5x equal weight (0.09) — provides little concentration protection
Fold 8/13: test 2022-12-09 → 2023-03-13
max_position_pct (0.66) is above 5x equal weight (0.09) — provides little concentration protection
Fold 9/13: test 2023-03-14 → 2023-06-12
max_position_pct (0.66) is above 5x equal weight (0.09) — provides little concentration protection
Fold 10/13: test 2023-06-13 → 2023-09-12
max_position_pct (0.66) is above 5x equal weight (0.09) — provides little concentration protection
Fold 11/13: test 2023-09-13 → 2023-12-11
max_position_pct (0.66) is above 5x equal weight (0.09) — provides little concentration protection
Fold 12/13: test 2023-12-12 → 2024-03-13
max_position_pct (0.66) is above 5x equal weight (0.09) — provides little concentration protection
Fold 13/13: test 2024-03-14 → 2024-08-27
max_position_pct (0.66) is above 5x equal weight (0.09) — provides little concentration protection
cell 22/32 done in 4m (elapsed 99m; ~45m remaining at the mean cell pace — 
frozen cells run far faster than re-fit cells)
sweep: ensemble on stonks, seed base 48 [cell 23/32]
Fold 1/13: test 2021-03-12 → 2021-06-10
restart 1/4 (as of 2021-03-12)
Optimizing 2 strategies over 2015-07-28 to 2021-03-11
  objective: sharpe | train window: 2015-07-28 → 2021-03-11
  1000 trials across 5 workers
  [  2%] 25/1000 trials — best sharpe: 1.50
  [  5%] 50/1000 trials — best sharpe: 1.62
  [  7%] 75/1000 trials — best sharpe: 1.74
  [ 10%] 100/1000 trials — best sharpe: 1.74
  [ 12%] 125/1000 trials — best sharpe: 1.74
  [ 15%] 150/1000 trials — best sharpe: 1.74
  [ 17%] 175/1000 trials — best sharpe: 1.74
  [ 20%] 200/1000 trials — best sharpe: 1.74
  [ 22%] 225/1000 trials — best sharpe: 1.74
  [ 25%] 250/1000 trials — best sharpe: 1.80
  [ 27%] 275/1000 trials — best sharpe: 1.80
  [ 30%] 300/1000 trials — best sharpe: 1.83
  [ 32%] 325/1000 trials — best sharpe: 1.83
  [ 35%] 350/1000 trials — best sharpe: 1.83
  [ 37%] 375/1000 trials — best sharpe: 1.84
  [ 40%] 400/1000 trials — best sharpe: 1.84
  [ 42%] 425/1000 trials — best sharpe: 1.84
  [ 45%] 450/1000 trials — best sharpe: 1.84
  [ 47%] 475/1000 trials — best sharpe: 1.84
  [ 50%] 500/1000 trials — best sharpe: 1.97
  [ 52%] 525/1000 trials — best sharpe: 1.97
  [ 55%] 550/1000 trials — best sharpe: 1.97
  [ 57%] 575/1000 trials — best sharpe: 1.97
  [ 60%] 600/1000 trials — best sharpe: 1.97
  [ 62%] 625/1000 trials — best sharpe: 1.97
  [ 65%] 650/1000 trials — best sharpe: 1.97
  [ 67%] 675/1000 trials — best sharpe: 1.97
  [ 70%] 700/1000 trials — best sharpe: 1.97
  [ 72%] 725/1000 trials — best sharpe: 1.97
  [ 75%] 750/1000 trials — best sharpe: 1.97
  [ 77%] 775/1000 trials — best sharpe: 1.97
  [ 80%] 800/1000 trials — best sharpe: 1.97
  [ 82%] 825/1000 trials — best sharpe: 1.97
  [ 85%] 850/1000 trials — best sharpe: 1.97
  [ 87%] 875/1000 trials — best sharpe: 1.97
  [ 90%] 900/1000 trials — best sharpe: 1.97
  [ 92%] 925/1000 trials — best sharpe: 1.97
  [ 95%] 950/1000 trials — best sharpe: 1.97
  [ 97%] 975/1000 trials — best sharpe: 1.97
  [100%] 1000/1000 trials — best sharpe: 1.97
Optimization complete — best sharpe: 1.97
max_position_pct (0.66) is above 5x equal weight (0.09) — provides little concentration protection
  Max drawdown: 24.57% | Sharpe: 1.97 | Win rate: 51.56%
restart 2/4 (as of 2021-03-12)
Optimizing 2 strategies over 2015-07-28 to 2021-03-11
  objective: sharpe | train window: 2015-07-28 → 2021-03-11
  1000 trials across 5 workers
  [  2%] 25/1000 trials — best sharpe: 1.67
  [  5%] 50/1000 trials — best sharpe: 1.67
  [  7%] 75/1000 trials — best sharpe: 1.67
  [ 10%] 100/1000 trials — best sharpe: 1.75
  [ 12%] 125/1000 trials — best sharpe: 1.75
  [ 15%] 150/1000 trials — best sharpe: 1.75
  [ 17%] 175/1000 trials — best sharpe: 1.75
  [ 20%] 200/1000 trials — best sharpe: 1.75
  [ 22%] 225/1000 trials — best sharpe: 1.75
  [ 25%] 250/1000 trials — best sharpe: 1.75
  [ 27%] 275/1000 trials — best sharpe: 1.77
  [ 30%] 300/1000 trials — best sharpe: 1.77
  [ 32%] 325/1000 trials — best sharpe: 1.77
  [ 35%] 350/1000 trials — best sharpe: 1.77
  [ 37%] 375/1000 trials — best sharpe: 1.77
  [ 40%] 400/1000 trials — best sharpe: 1.77
  [ 42%] 425/1000 trials — best sharpe: 1.77
  [ 45%] 450/1000 trials — best sharpe: 1.77
  [ 47%] 475/1000 trials — best sharpe: 1.77
  [ 50%] 500/1000 trials — best sharpe: 1.80
  [ 52%] 525/1000 trials — best sharpe: 1.80
  [ 55%] 550/1000 trials — best sharpe: 1.80
  [ 57%] 575/1000 trials — best sharpe: 1.80
  [ 60%] 600/1000 trials — best sharpe: 1.80
  [ 62%] 625/1000 trials — best sharpe: 1.80
  [ 65%] 650/1000 trials — best sharpe: 1.80
  [ 67%] 675/1000 trials — best sharpe: 1.80
  [ 70%] 700/1000 trials — best sharpe: 1.80
  [ 72%] 725/1000 trials — best sharpe: 1.80
  [ 75%] 750/1000 trials — best sharpe: 1.80
  [ 77%] 775/1000 trials — best sharpe: 1.80
  [ 80%] 800/1000 trials — best sharpe: 1.80
  [ 82%] 825/1000 trials — best sharpe: 1.80
  [ 85%] 850/1000 trials — best sharpe: 1.80
  [ 87%] 875/1000 trials — best sharpe: 1.80
  [ 90%] 900/1000 trials — best sharpe: 1.80
  [ 92%] 925/1000 trials — best sharpe: 1.80
  [ 95%] 950/1000 trials — best sharpe: 1.80
  [ 97%] 975/1000 trials — best sharpe: 1.80
  [100%] 1000/1000 trials — best sharpe: 1.80
Optimization complete — best sharpe: 1.80
max_position_pct (0.66) is above 5x equal weight (0.09) — provides little concentration protection
  Max drawdown: 27.10% | Sharpe: 1.80 | Win rate: 46.49%
restart 3/4 (as of 2021-03-12)
Optimizing 2 strategies over 2015-07-28 to 2021-03-11
  objective: sharpe | train window: 2015-07-28 → 2021-03-11
  1000 trials across 5 workers
  [  2%] 25/1000 trials — best sharpe: 1.56
  [  5%] 50/1000 trials — best sharpe: 1.56
  [  7%] 75/1000 trials — best sharpe: 1.78
  [ 10%] 100/1000 trials — best sharpe: 1.78
  [ 12%] 125/1000 trials — best sharpe: 1.82
  [ 15%] 150/1000 trials — best sharpe: 2.03
  [ 17%] 175/1000 trials — best sharpe: 2.03
  [ 20%] 200/1000 trials — best sharpe: 2.03
  [ 22%] 225/1000 trials — best sharpe: 2.03
  [ 25%] 250/1000 trials — best sharpe: 2.03
  [ 27%] 275/1000 trials — best sharpe: 2.03
  [ 30%] 300/1000 trials — best sharpe: 2.03
  [ 32%] 325/1000 trials — best sharpe: 2.03
  [ 35%] 350/1000 trials — best sharpe: 2.03
  [ 37%] 375/1000 trials — best sharpe: 2.03
  [ 40%] 400/1000 trials — best sharpe: 2.03
  [ 42%] 425/1000 trials — best sharpe: 2.03
  [ 45%] 450/1000 trials — best sharpe: 2.03
  [ 47%] 475/1000 trials — best sharpe: 2.03
  [ 50%] 500/1000 trials — best sharpe: 2.03
  [ 52%] 525/1000 trials — best sharpe: 2.03
  [ 55%] 550/1000 trials — best sharpe: 2.03
  [ 57%] 575/1000 trials — best sharpe: 2.03
  [ 60%] 600/1000 trials — best sharpe: 2.03
  [ 62%] 625/1000 trials — best sharpe: 2.03
  [ 65%] 650/1000 trials — best sharpe: 2.03
  [ 67%] 675/1000 trials — best sharpe: 2.03
  [ 70%] 700/1000 trials — best sharpe: 2.03
  [ 72%] 725/1000 trials — best sharpe: 2.03
  [ 75%] 750/1000 trials — best sharpe: 2.03
  [ 77%] 775/1000 trials — best sharpe: 2.03
  [ 80%] 800/1000 trials — best sharpe: 2.03
  [ 82%] 825/1000 trials — best sharpe: 2.03
  [ 85%] 850/1000 trials — best sharpe: 2.03
  [ 87%] 875/1000 trials — best sharpe: 2.03
  [ 90%] 900/1000 trials — best sharpe: 2.03
  [ 92%] 925/1000 trials — best sharpe: 2.03
  [ 95%] 950/1000 trials — best sharpe: 2.03
  [ 97%] 975/1000 trials — best sharpe: 2.03
  [100%] 1000/1000 trials — best sharpe: 2.03
Optimization complete — best sharpe: 2.03
max_position_pct (0.66) is above 5x equal weight (0.09) — provides little concentration protection
  Max drawdown: 19.80% | Sharpe: 2.03 | Win rate: 51.20%
restart 4/4 (as of 2021-03-12)
Optimizing 2 strategies over 2015-07-28 to 2021-03-11
  objective: sharpe | train window: 2015-07-28 → 2021-03-11
  1000 trials across 5 workers
  [  2%] 25/1000 trials — best sharpe: 1.55
  [  5%] 50/1000 trials — best sharpe: 1.68
  [  7%] 75/1000 trials — best sharpe: 1.77
  [ 10%] 100/1000 trials — best sharpe: 1.77
  [ 12%] 125/1000 trials — best sharpe: 1.77
  [ 15%] 150/1000 trials — best sharpe: 1.77
  [ 17%] 175/1000 trials — best sharpe: 1.77
  [ 20%] 200/1000 trials — best sharpe: 1.77
  [ 22%] 225/1000 trials — best sharpe: 1.77
  [ 25%] 250/1000 trials — best sharpe: 1.81
  [ 27%] 275/1000 trials — best sharpe: 1.84
  [ 30%] 300/1000 trials — best sharpe: 1.84
  [ 32%] 325/1000 trials — best sharpe: 1.84
  [ 35%] 350/1000 trials — best sharpe: 1.85
  [ 37%] 375/1000 trials — best sharpe: 1.85
  [ 40%] 400/1000 trials — best sharpe: 1.85
  [ 42%] 425/1000 trials — best sharpe: 1.85
  [ 45%] 450/1000 trials — best sharpe: 1.85
  [ 47%] 475/1000 trials — best sharpe: 1.85
  [ 50%] 500/1000 trials — best sharpe: 1.88
  [ 52%] 525/1000 trials — best sharpe: 1.88
  [ 55%] 550/1000 trials — best sharpe: 1.88
  [ 57%] 575/1000 trials — best sharpe: 1.88
  [ 60%] 600/1000 trials — best sharpe: 1.88
  [ 62%] 625/1000 trials — best sharpe: 1.88
  [ 65%] 650/1000 trials — best sharpe: 1.88
  [ 67%] 675/1000 trials — best sharpe: 1.88
  [ 70%] 700/1000 trials — best sharpe: 1.88
  [ 72%] 725/1000 trials — best sharpe: 1.88
  [ 75%] 750/1000 trials — best sharpe: 1.88
  [ 77%] 775/1000 trials — best sharpe: 1.88
  [ 80%] 800/1000 trials — best sharpe: 1.88
  [ 82%] 825/1000 trials — best sharpe: 1.88
  [ 85%] 850/1000 trials — best sharpe: 1.88
  [ 87%] 875/1000 trials — best sharpe: 1.88
  [ 90%] 900/1000 trials — best sharpe: 1.88
  [ 92%] 925/1000 trials — best sharpe: 1.88
  [ 95%] 950/1000 trials — best sharpe: 1.88
  [ 97%] 975/1000 trials — best sharpe: 1.88
  [100%] 1000/1000 trials — best sharpe: 1.88
Optimization complete — best sharpe: 1.88
max_position_pct (0.66) is above 5x equal weight (0.09) — provides little concentration protection
  Max drawdown: 27.77% | Sharpe: 1.88 | Win rate: 43.48%
max_position_pct (0.66) is above 5x equal weight (0.09) — provides little concentration protection
max_position_pct (0.66) is above 5x equal weight (0.09) — provides little concentration protection
max_position_pct (0.66) is above 5x equal weight (0.09) — provides little concentration protection
max_position_pct (0.66) is above 5x equal weight (0.09) — provides little concentration protection
max_position_pct (0.66) is above 5x equal weight (0.09) — provides little concentration protection
max_position_pct (0.66) is above 5x equal weight (0.09) — provides little concentration protection
max_position_pct (0.66) is above 5x equal weight (0.09) — provides little concentration protection
max_position_pct (0.66) is above 5x equal weight (0.09) — provides little concentration protection
max_position_pct (0.66) is above 5x equal weight (0.09) — provides little concentration protection
max_position_pct (0.66) is above 5x equal weight (0.09) — provides little concentration protection
max_position_pct (0.66) is above 5x equal weight (0.09) — provides little concentration protection
max_position_pct (0.66) is above 5x equal weight (0.09) — provides little concentration protection
max_position_pct (0.66) is above 5x equal weight (0.09) — provides little concentration protection
max_position_pct (0.66) is above 5x equal weight (0.09) — provides little concentration protection
max_position_pct (0.66) is above 5x equal weight (0.09) — provides little concentration protection
max_position_pct (0.66) is above 5x equal weight (0.09) — provides little concentration protection
max_position_pct (0.66) is above 5x equal weight (0.09) — provides little concentration protection
max_position_pct (0.66) is above 5x equal weight (0.09) — provides little concentration protection
max_position_pct (0.66) is above 5x equal weight (0.09) — provides little concentration protection
max_position_pct (0.66) is above 5x equal weight (0.09) — provides little concentration protection
max_position_pct (0.66) is above 5x equal weight (0.09) — provides little concentration protection
max_position_pct (0.66) is above 5x equal weight (0.09) — provides little concentration protection
max_position_pct (0.66) is above 5x equal weight (0.09) — provides little concentration protection
max_position_pct (0.66) is above 5x equal weight (0.09) — provides little concentration protection
max_position_pct (0.66) is above 5x equal weight (0.09) — provides little concentration protection
max_position_pct (0.66) is above 5x equal weight (0.09) — provides little concentration protection
max_position_pct (0.66) is above 5x equal weight (0.09) — provides little concentration protection
max_position_pct (0.66) is above 5x equal weight (0.09) — provides little concentration protection
max_position_pct (0.66) is above 5x equal weight (0.09) — provides little concentration protection
max_position_pct (0.66) is above 5x equal weight (0.09) — provides little concentration protection
max_position_pct (0.66) is above 5x equal weight (0.09) — provides little concentration protection
max_position_pct (0.66) is above 5x equal weight (0.09) — provides little concentration protection
max_position_pct (0.66) is above 5x equal weight (0.09) — provides little concentration protection
max_position_pct (0.66) is above 5x equal weight (0.09) — provides little concentration protection
max_position_pct (0.66) is above 5x equal weight (0.09) — provides little concentration protection
max_position_pct (0.66) is above 5x equal weight (0.09) — provides little concentration protection
max_position_pct (0.66) is above 5x equal weight (0.09) — provides little concentration protection
max_position_pct (0.66) is above 5x equal weight (0.09) — provides little concentration protection
max_position_pct (0.66) is above 5x equal weight (0.09) — provides little concentration protection
max_position_pct (0.66) is above 5x equal weight (0.09) — provides little concentration protection
max_position_pct (0.66) is above 5x equal weight (0.09) — provides little concentration protection
max_position_pct (0.66) is above 5x equal weight (0.09) — provides little concentration protection
max_position_pct (0.66) is above 5x equal weight (0.09) — provides little concentration protection
max_position_pct (0.66) is above 5x equal weight (0.09) — provides little concentration protection
max_position_pct (0.66) is above 5x equal weight (0.09) — provides little concentration protection
max_position_pct (0.66) is above 5x equal weight (0.09) — provides little concentration protection
max_position_pct (0.66) is above 5x equal weight (0.09) — provides little concentration protection
max_position_pct (0.66) is above 5x equal weight (0.09) — provides little concentration protection
max_position_pct (0.66) is above 5x equal weight (0.09) — provides little concentration protection
max_position_pct (0.66) is above 5x equal weight (0.09) — provides little concentration protection
max_position_pct (0.66) is above 5x equal weight (0.09) — provides little concentration protection
max_position_pct (0.66) is above 5x equal weight (0.09) — provides little concentration protection
max_position_pct (0.66) is above 5x equal weight (0.09) — provides little concentration protection
max_position_pct (0.66) is above 5x equal weight (0.09) — provides little concentration protection
max_position_pct (0.66) is above 5x equal weight (0.09) — provides little concentration protection
max_position_pct (0.66) is above 5x equal weight (0.09) — provides little concentration protection
max_position_pct (0.66) is above 5x equal weight (0.09) — provides little concentration protection
max_position_pct (0.66) is above 5x equal weight (0.09) — provides little concentration protection
max_position_pct (0.66) is above 5x equal weight (0.09) — provides little concentration protection
max_position_pct (0.66) is above 5x equal weight (0.09) — provides little concentration protection
max_position_pct (0.66) is above 5x equal weight (0.09) — provides little concentration protection
max_position_pct (0.66) is above 5x equal weight (0.09) — provides little concentration protection
max_position_pct (0.66) is above 5x equal weight (0.09) — provides little concentration protection
max_position_pct (0.66) is above 5x equal weight (0.09) — provides little concentration protection
max_position_pct (0.66) is above 5x equal weight (0.09) — provides little concentration protection
max_position_pct (0.66) is above 5x equal weight (0.09) — provides little concentration protection
max_position_pct (0.66) is above 5x equal weight (0.09) — provides little concentration protection
max_position_pct (0.66) is above 5x equal weight (0.09) — provides little concentration protection
max_position_pct (0.66) is above 5x equal weight (0.09) — provides little concentration protection
max_position_pct (0.66) is above 5x equal weight (0.09) — provides little concentration protection
max_position_pct (0.66) is above 5x equal weight (0.09) — provides little concentration protection
max_position_pct (0.66) is above 5x equal weight (0.09) — provides little concentration protection
max_position_pct (0.66) is above 5x equal weight (0.09) — provides little concentration protection
max_position_pct (0.66) is above 5x equal weight (0.09) — provides little concentration protection
max_position_pct (0.66) is above 5x equal weight (0.09) — provides little concentration protection
max_position_pct (0.66) is above 5x equal weight (0.09) — provides little concentration protection
max_position_pct (0.66) is above 5x equal weight (0.09) — provides little concentration protection
max_position_pct (0.66) is above 5x equal weight (0.09) — provides little concentration protection
max_position_pct (0.66) is above 5x equal weight (0.09) — provides little concentration protection
ensemble under-filled: 12 distinct member(s) survived dedupe (policy asks for 
20) — the deployment is less diversified than configured
max_position_pct (0.66) is above 5x equal weight (0.09) — provides little concentration protection
Fold 2/13: test 2021-06-11 → 2021-09-09
max_position_pct (0.66) is above 5x equal weight (0.09) — provides little concentration protection
Fold 3/13: test 2021-09-10 → 2021-12-08
max_position_pct (0.66) is above 5x equal weight (0.09) — provides little concentration protection
Fold 4/13: test 2021-12-09 → 2022-03-10
max_position_pct (0.66) is above 5x equal weight (0.09) — provides little concentration protection
Fold 5/13: test 2022-03-11 → 2022-06-09
max_position_pct (0.66) is above 5x equal weight (0.09) — provides little concentration protection
Fold 6/13: test 2022-06-10 → 2022-09-09
max_position_pct (0.66) is above 5x equal weight (0.09) — provides little concentration protection
Fold 7/13: test 2022-09-12 → 2022-12-08
max_position_pct (0.66) is above 5x equal weight (0.09) — provides little concentration protection
Fold 8/13: test 2022-12-09 → 2023-03-13
max_position_pct (0.66) is above 5x equal weight (0.09) — provides little concentration protection
Fold 9/13: test 2023-03-14 → 2023-06-12
max_position_pct (0.66) is above 5x equal weight (0.09) — provides little concentration protection
Fold 10/13: test 2023-06-13 → 2023-09-12
max_position_pct (0.66) is above 5x equal weight (0.09) — provides little concentration protection
Fold 11/13: test 2023-09-13 → 2023-12-11
max_position_pct (0.66) is above 5x equal weight (0.09) — provides little concentration protection
Fold 12/13: test 2023-12-12 → 2024-03-13
max_position_pct (0.66) is above 5x equal weight (0.09) — provides little concentration protection
Fold 13/13: test 2024-03-14 → 2024-08-27
max_position_pct (0.66) is above 5x equal weight (0.09) — provides little concentration protection
cell 23/32 done in 4m (elapsed 104m; ~41m remaining at the mean cell pace — 
frozen cells run far faster than re-fit cells)
sweep: ensemble on stonks, seed base 49 [cell 24/32]
Fold 1/13: test 2021-03-12 → 2021-06-10
restart 1/4 (as of 2021-03-12)
Optimizing 2 strategies over 2015-07-28 to 2021-03-11
  objective: sharpe | train window: 2015-07-28 → 2021-03-11
  1000 trials across 5 workers
  [  2%] 25/1000 trials — best sharpe: 1.45
  [  5%] 50/1000 trials — best sharpe: 1.64
  [  7%] 75/1000 trials — best sharpe: 1.76
  [ 10%] 100/1000 trials — best sharpe: 1.76
  [ 12%] 125/1000 trials — best sharpe: 1.76
  [ 15%] 150/1000 trials — best sharpe: 1.76
  [ 17%] 175/1000 trials — best sharpe: 1.76
  [ 20%] 200/1000 trials — best sharpe: 1.76
  [ 22%] 225/1000 trials — best sharpe: 1.76
  [ 25%] 250/1000 trials — best sharpe: 1.76
  [ 27%] 275/1000 trials — best sharpe: 1.76
  [ 30%] 300/1000 trials — best sharpe: 1.76
  [ 32%] 325/1000 trials — best sharpe: 1.76
  [ 35%] 350/1000 trials — best sharpe: 1.76
  [ 37%] 375/1000 trials — best sharpe: 1.76
  [ 40%] 400/1000 trials — best sharpe: 1.76
  [ 42%] 425/1000 trials — best sharpe: 1.78
  [ 45%] 450/1000 trials — best sharpe: 1.78
  [ 47%] 475/1000 trials — best sharpe: 1.78
  [ 50%] 500/1000 trials — best sharpe: 1.78
  [ 52%] 525/1000 trials — best sharpe: 1.83
  [ 55%] 550/1000 trials — best sharpe: 1.83
  [ 57%] 575/1000 trials — best sharpe: 1.83
  [ 60%] 600/1000 trials — best sharpe: 1.83
  [ 62%] 625/1000 trials — best sharpe: 1.83
  [ 65%] 650/1000 trials — best sharpe: 1.83
  [ 67%] 675/1000 trials — best sharpe: 1.83
  [ 70%] 700/1000 trials — best sharpe: 1.83
  [ 72%] 725/1000 trials — best sharpe: 1.83
  [ 75%] 750/1000 trials — best sharpe: 1.83
  [ 77%] 775/1000 trials — best sharpe: 1.83
  [ 80%] 800/1000 trials — best sharpe: 1.83
  [ 82%] 825/1000 trials — best sharpe: 1.83
  [ 85%] 850/1000 trials — best sharpe: 1.83
  [ 87%] 875/1000 trials — best sharpe: 1.83
  [ 90%] 900/1000 trials — best sharpe: 1.83
  [ 92%] 925/1000 trials — best sharpe: 1.83
  [ 95%] 950/1000 trials — best sharpe: 1.83
  [ 97%] 975/1000 trials — best sharpe: 1.83
  [100%] 1000/1000 trials — best sharpe: 1.83
Optimization complete — best sharpe: 1.83
max_position_pct (0.66) is above 5x equal weight (0.09) — provides little concentration protection
  Max drawdown: 18.66% | Sharpe: 1.83 | Win rate: 51.30%
restart 2/4 (as of 2021-03-12)
Optimizing 2 strategies over 2015-07-28 to 2021-03-11
  objective: sharpe | train window: 2015-07-28 → 2021-03-11
  1000 trials across 5 workers
  [  2%] 25/1000 trials — best sharpe: 1.61
  [  5%] 50/1000 trials — best sharpe: 1.61
  [  7%] 75/1000 trials — best sharpe: 1.61
  [ 10%] 100/1000 trials — best sharpe: 1.65
  [ 12%] 125/1000 trials — best sharpe: 1.65
  [ 15%] 150/1000 trials — best sharpe: 1.67
  [ 17%] 175/1000 trials — best sharpe: 1.67
  [ 20%] 200/1000 trials — best sharpe: 1.73
  [ 22%] 225/1000 trials — best sharpe: 1.73
  [ 25%] 250/1000 trials — best sharpe: 1.80
  [ 27%] 275/1000 trials — best sharpe: 1.80
  [ 30%] 300/1000 trials — best sharpe: 1.80
  [ 32%] 325/1000 trials — best sharpe: 1.80
  [ 35%] 350/1000 trials — best sharpe: 1.80
  [ 37%] 375/1000 trials — best sharpe: 1.80
  [ 40%] 400/1000 trials — best sharpe: 1.80
  [ 42%] 425/1000 trials — best sharpe: 1.80
  [ 45%] 450/1000 trials — best sharpe: 1.80
  [ 47%] 475/1000 trials — best sharpe: 1.80
  [ 50%] 500/1000 trials — best sharpe: 1.80
  [ 52%] 525/1000 trials — best sharpe: 1.80
  [ 55%] 550/1000 trials — best sharpe: 1.80
  [ 57%] 575/1000 trials — best sharpe: 1.80
  [ 60%] 600/1000 trials — best sharpe: 1.80
  [ 62%] 625/1000 trials — best sharpe: 1.80
  [ 65%] 650/1000 trials — best sharpe: 1.80
  [ 67%] 675/1000 trials — best sharpe: 1.80
  [ 70%] 700/1000 trials — best sharpe: 1.80
  [ 72%] 725/1000 trials — best sharpe: 1.80
  [ 75%] 750/1000 trials — best sharpe: 1.80
  [ 77%] 775/1000 trials — best sharpe: 1.80
  [ 80%] 800/1000 trials — best sharpe: 1.80
  [ 82%] 825/1000 trials — best sharpe: 1.80
  [ 85%] 850/1000 trials — best sharpe: 1.80
  [ 87%] 875/1000 trials — best sharpe: 1.80
  [ 90%] 900/1000 trials — best sharpe: 1.80
  [ 92%] 925/1000 trials — best sharpe: 1.80
  [ 95%] 950/1000 trials — best sharpe: 1.80
  [ 97%] 975/1000 trials — best sharpe: 1.80
  [100%] 1000/1000 trials — best sharpe: 1.80
Optimization complete — best sharpe: 1.80
max_position_pct (0.66) is above 5x equal weight (0.09) — provides little concentration protection
  Max drawdown: 24.73% | Sharpe: 1.80 | Win rate: 50.00%
restart 3/4 (as of 2021-03-12)
Optimizing 2 strategies over 2015-07-28 to 2021-03-11
  objective: sharpe | train window: 2015-07-28 → 2021-03-11
  1000 trials across 5 workers
  [  2%] 25/1000 trials — best sharpe: 1.46
  [  5%] 50/1000 trials — best sharpe: 1.57
  [  7%] 75/1000 trials — best sharpe: 1.59
  [ 10%] 100/1000 trials — best sharpe: 1.59
  [ 12%] 125/1000 trials — best sharpe: 1.61
  [ 15%] 150/1000 trials — best sharpe: 1.75
  [ 17%] 175/1000 trials — best sharpe: 1.75
  [ 20%] 200/1000 trials — best sharpe: 1.75
  [ 22%] 225/1000 trials — best sharpe: 1.75
  [ 25%] 250/1000 trials — best sharpe: 1.75
  [ 27%] 275/1000 trials — best sharpe: 1.75
  [ 30%] 300/1000 trials — best sharpe: 1.75
  [ 32%] 325/1000 trials — best sharpe: 1.75
  [ 35%] 350/1000 trials — best sharpe: 1.75
  [ 37%] 375/1000 trials — best sharpe: 1.75
  [ 40%] 400/1000 trials — best sharpe: 1.75
  [ 42%] 425/1000 trials — best sharpe: 1.75
  [ 45%] 450/1000 trials — best sharpe: 1.80
  [ 47%] 475/1000 trials — best sharpe: 1.80
  [ 50%] 500/1000 trials — best sharpe: 1.80
  [ 52%] 525/1000 trials — best sharpe: 1.80
  [ 55%] 550/1000 trials — best sharpe: 1.80
  [ 57%] 575/1000 trials — best sharpe: 1.80
  [ 60%] 600/1000 trials — best sharpe: 1.80
  [ 62%] 625/1000 trials — best sharpe: 1.80
  [ 65%] 650/1000 trials — best sharpe: 1.80
  [ 67%] 675/1000 trials — best sharpe: 1.80
  [ 70%] 700/1000 trials — best sharpe: 1.80
  [ 72%] 725/1000 trials — best sharpe: 1.80
  [ 75%] 750/1000 trials — best sharpe: 1.80
  [ 77%] 775/1000 trials — best sharpe: 1.80
  [ 80%] 800/1000 trials — best sharpe: 1.80
  [ 82%] 825/1000 trials — best sharpe: 1.80
  [ 85%] 850/1000 trials — best sharpe: 1.80
  [ 87%] 875/1000 trials — best sharpe: 1.80
  [ 90%] 900/1000 trials — best sharpe: 1.80
  [ 92%] 925/1000 trials — best sharpe: 1.80
  [ 95%] 950/1000 trials — best sharpe: 1.80
  [ 97%] 975/1000 trials — best sharpe: 1.80
  [100%] 1000/1000 trials — best sharpe: 1.82
Optimization complete — best sharpe: 1.82
max_position_pct (0.66) is above 5x equal weight (0.09) — provides little concentration protection
  Max drawdown: 21.62% | Sharpe: 1.82 | Win rate: 57.98%
restart 4/4 (as of 2021-03-12)
Optimizing 2 strategies over 2015-07-28 to 2021-03-11
  objective: sharpe | train window: 2015-07-28 → 2021-03-11
  1000 trials across 5 workers
  [  2%] 25/1000 trials — best sharpe: 1.44
  [  5%] 50/1000 trials — best sharpe: 1.54
  [  7%] 75/1000 trials — best sharpe: 1.59
  [ 10%] 100/1000 trials — best sharpe: 1.60
  [ 12%] 125/1000 trials — best sharpe: 1.60
  [ 15%] 150/1000 trials — best sharpe: 1.67
  [ 17%] 175/1000 trials — best sharpe: 1.67
  [ 20%] 200/1000 trials — best sharpe: 1.67
  [ 22%] 225/1000 trials — best sharpe: 1.67
  [ 25%] 250/1000 trials — best sharpe: 1.67
  [ 27%] 275/1000 trials — best sharpe: 1.67
  [ 30%] 300/1000 trials — best sharpe: 1.67
  [ 32%] 325/1000 trials — best sharpe: 1.83
  [ 35%] 350/1000 trials — best sharpe: 1.85
  [ 37%] 375/1000 trials — best sharpe: 1.85
  [ 40%] 400/1000 trials — best sharpe: 1.85
  [ 42%] 425/1000 trials — best sharpe: 1.85
  [ 45%] 450/1000 trials — best sharpe: 1.85
  [ 47%] 475/1000 trials — best sharpe: 1.86
  [ 50%] 500/1000 trials — best sharpe: 1.86
  [ 52%] 525/1000 trials — best sharpe: 1.86
  [ 55%] 550/1000 trials — best sharpe: 1.86
  [ 57%] 575/1000 trials — best sharpe: 1.86
  [ 60%] 600/1000 trials — best sharpe: 1.89
  [ 62%] 625/1000 trials — best sharpe: 1.89
  [ 65%] 650/1000 trials — best sharpe: 1.89
  [ 67%] 675/1000 trials — best sharpe: 1.89
  [ 70%] 700/1000 trials — best sharpe: 1.89
  [ 72%] 725/1000 trials — best sharpe: 1.89
  [ 75%] 750/1000 trials — best sharpe: 1.89
  [ 77%] 775/1000 trials — best sharpe: 1.89
  [ 80%] 800/1000 trials — best sharpe: 1.89
  [ 82%] 825/1000 trials — best sharpe: 1.89
  [ 85%] 850/1000 trials — best sharpe: 1.89
  [ 87%] 875/1000 trials — best sharpe: 1.89
  [ 90%] 900/1000 trials — best sharpe: 1.89
  [ 92%] 925/1000 trials — best sharpe: 1.89
  [ 95%] 950/1000 trials — best sharpe: 1.89
  [ 97%] 975/1000 trials — best sharpe: 1.89
  [100%] 1000/1000 trials — best sharpe: 1.89
Optimization complete — best sharpe: 1.89
max_position_pct (0.66) is above 5x equal weight (0.09) — provides little concentration protection
  Max drawdown: 23.63% | Sharpe: 1.89 | Win rate: 51.24%
max_position_pct (0.66) is above 5x equal weight (0.09) — provides little concentration protection
max_position_pct (0.66) is above 5x equal weight (0.09) — provides little concentration protection
max_position_pct (0.66) is above 5x equal weight (0.09) — provides little concentration protection
max_position_pct (0.66) is above 5x equal weight (0.09) — provides little concentration protection
max_position_pct (0.66) is above 5x equal weight (0.09) — provides little concentration protection
max_position_pct (0.66) is above 5x equal weight (0.09) — provides little concentration protection
max_position_pct (0.66) is above 5x equal weight (0.09) — provides little concentration protection
max_position_pct (0.66) is above 5x equal weight (0.09) — provides little concentration protection
max_position_pct (0.66) is above 5x equal weight (0.09) — provides little concentration protection
max_position_pct (0.66) is above 5x equal weight (0.09) — provides little concentration protection
max_position_pct (0.66) is above 5x equal weight (0.09) — provides little concentration protection
max_position_pct (0.66) is above 5x equal weight (0.09) — provides little concentration protection
max_position_pct (0.66) is above 5x equal weight (0.09) — provides little concentration protection
max_position_pct (0.66) is above 5x equal weight (0.09) — provides little concentration protection
max_position_pct (0.66) is above 5x equal weight (0.09) — provides little concentration protection
max_position_pct (0.66) is above 5x equal weight (0.09) — provides little concentration protection
max_position_pct (0.66) is above 5x equal weight (0.09) — provides little concentration protection
max_position_pct (0.66) is above 5x equal weight (0.09) — provides little concentration protection
max_position_pct (0.66) is above 5x equal weight (0.09) — provides little concentration protection
max_position_pct (0.66) is above 5x equal weight (0.09) — provides little concentration protection
max_position_pct (0.66) is above 5x equal weight (0.09) — provides little concentration protection
max_position_pct (0.66) is above 5x equal weight (0.09) — provides little concentration protection
max_position_pct (0.66) is above 5x equal weight (0.09) — provides little concentration protection
max_position_pct (0.66) is above 5x equal weight (0.09) — provides little concentration protection
max_position_pct (0.66) is above 5x equal weight (0.09) — provides little concentration protection
max_position_pct (0.66) is above 5x equal weight (0.09) — provides little concentration protection
max_position_pct (0.66) is above 5x equal weight (0.09) — provides little concentration protection
max_position_pct (0.66) is above 5x equal weight (0.09) — provides little concentration protection
max_position_pct (0.66) is above 5x equal weight (0.09) — provides little concentration protection
max_position_pct (0.66) is above 5x equal weight (0.09) — provides little concentration protection
max_position_pct (0.66) is above 5x equal weight (0.09) — provides little concentration protection
max_position_pct (0.66) is above 5x equal weight (0.09) — provides little concentration protection
max_position_pct (0.66) is above 5x equal weight (0.09) — provides little concentration protection
max_position_pct (0.66) is above 5x equal weight (0.09) — provides little concentration protection
max_position_pct (0.66) is above 5x equal weight (0.09) — provides little concentration protection
max_position_pct (0.66) is above 5x equal weight (0.09) — provides little concentration protection
max_position_pct (0.66) is above 5x equal weight (0.09) — provides little concentration protection
max_position_pct (0.66) is above 5x equal weight (0.09) — provides little concentration protection
max_position_pct (0.66) is above 5x equal weight (0.09) — provides little concentration protection
max_position_pct (0.66) is above 5x equal weight (0.09) — provides little concentration protection
max_position_pct (0.66) is above 5x equal weight (0.09) — provides little concentration protection
max_position_pct (0.66) is above 5x equal weight (0.09) — provides little concentration protection
max_position_pct (0.66) is above 5x equal weight (0.09) — provides little concentration protection
max_position_pct (0.66) is above 5x equal weight (0.09) — provides little concentration protection
max_position_pct (0.66) is above 5x equal weight (0.09) — provides little concentration protection
max_position_pct (0.66) is above 5x equal weight (0.09) — provides little concentration protection
max_position_pct (0.66) is above 5x equal weight (0.09) — provides little concentration protection
max_position_pct (0.66) is above 5x equal weight (0.09) — provides little concentration protection
max_position_pct (0.66) is above 5x equal weight (0.09) — provides little concentration protection
max_position_pct (0.66) is above 5x equal weight (0.09) — provides little concentration protection
max_position_pct (0.66) is above 5x equal weight (0.09) — provides little concentration protection
max_position_pct (0.66) is above 5x equal weight (0.09) — provides little concentration protection
max_position_pct (0.66) is above 5x equal weight (0.09) — provides little concentration protection
max_position_pct (0.66) is above 5x equal weight (0.09) — provides little concentration protection
max_position_pct (0.66) is above 5x equal weight (0.09) — provides little concentration protection
max_position_pct (0.66) is above 5x equal weight (0.09) — provides little concentration protection
max_position_pct (0.66) is above 5x equal weight (0.09) — provides little concentration protection
max_position_pct (0.66) is above 5x equal weight (0.09) — provides little concentration protection
max_position_pct (0.66) is above 5x equal weight (0.09) — provides little concentration protection
max_position_pct (0.66) is above 5x equal weight (0.09) — provides little concentration protection
max_position_pct (0.66) is above 5x equal weight (0.09) — provides little concentration protection
max_position_pct (0.66) is above 5x equal weight (0.09) — provides little concentration protection
max_position_pct (0.66) is above 5x equal weight (0.09) — provides little concentration protection
max_position_pct (0.66) is above 5x equal weight (0.09) — provides little concentration protection
max_position_pct (0.66) is above 5x equal weight (0.09) — provides little concentration protection
max_position_pct (0.66) is above 5x equal weight (0.09) — provides little concentration protection
ensemble under-filled: 13 distinct member(s) survived dedupe (policy asks for 
20) — the deployment is less diversified than configured
max_position_pct (0.66) is above 5x equal weight (0.09) — provides little concentration protection
Fold 2/13: test 2021-06-11 → 2021-09-09
max_position_pct (0.66) is above 5x equal weight (0.09) — provides little concentration protection
Fold 3/13: test 2021-09-10 → 2021-12-08
max_position_pct (0.66) is above 5x equal weight (0.09) — provides little concentration protection
Fold 4/13: test 2021-12-09 → 2022-03-10
max_position_pct (0.66) is above 5x equal weight (0.09) — provides little concentration protection
Fold 5/13: test 2022-03-11 → 2022-06-09
max_position_pct (0.66) is above 5x equal weight (0.09) — provides little concentration protection
Fold 6/13: test 2022-06-10 → 2022-09-09
max_position_pct (0.66) is above 5x equal weight (0.09) — provides little concentration protection
Fold 7/13: test 2022-09-12 → 2022-12-08
max_position_pct (0.66) is above 5x equal weight (0.09) — provides little concentration protection
Fold 8/13: test 2022-12-09 → 2023-03-13
max_position_pct (0.66) is above 5x equal weight (0.09) — provides little concentration protection
Fold 9/13: test 2023-03-14 → 2023-06-12
max_position_pct (0.66) is above 5x equal weight (0.09) — provides little concentration protection
Fold 10/13: test 2023-06-13 → 2023-09-12
max_position_pct (0.66) is above 5x equal weight (0.09) — provides little concentration protection
Fold 11/13: test 2023-09-13 → 2023-12-11
max_position_pct (0.66) is above 5x equal weight (0.09) — provides little concentration protection
Fold 12/13: test 2023-12-12 → 2024-03-13
max_position_pct (0.66) is above 5x equal weight (0.09) — provides little concentration protection
Fold 13/13: test 2024-03-14 → 2024-08-27
max_position_pct (0.66) is above 5x equal weight (0.09) — provides little concentration protection
cell 24/32 done in 5m (elapsed 109m; ~36m remaining at the mean cell pace — 
frozen cells run far faster than re-fit cells)
sweep: ensemble on stonks, seed base 50 [cell 25/32]
Fold 1/13: test 2021-03-12 → 2021-06-10
restart 1/4 (as of 2021-03-12)
Optimizing 2 strategies over 2015-07-28 to 2021-03-11
  objective: sharpe | train window: 2015-07-28 → 2021-03-11
  1000 trials across 5 workers
  [  2%] 25/1000 trials — best sharpe: 1.71
  [  5%] 50/1000 trials — best sharpe: 1.71
  [  7%] 75/1000 trials — best sharpe: 1.71
  [ 10%] 100/1000 trials — best sharpe: 1.71
  [ 12%] 125/1000 trials — best sharpe: 1.71
  [ 15%] 150/1000 trials — best sharpe: 1.71
  [ 17%] 175/1000 trials — best sharpe: 1.71
  [ 20%] 200/1000 trials — best sharpe: 1.71
  [ 22%] 225/1000 trials — best sharpe: 1.71
  [ 25%] 250/1000 trials — best sharpe: 1.71
  [ 27%] 275/1000 trials — best sharpe: 1.71
  [ 30%] 300/1000 trials — best sharpe: 1.78
  [ 32%] 325/1000 trials — best sharpe: 1.78
  [ 35%] 350/1000 trials — best sharpe: 1.78
  [ 37%] 375/1000 trials — best sharpe: 1.78
  [ 40%] 400/1000 trials — best sharpe: 1.78
  [ 42%] 425/1000 trials — best sharpe: 1.78
  [ 45%] 450/1000 trials — best sharpe: 1.80
  [ 47%] 475/1000 trials — best sharpe: 1.80
  [ 50%] 500/1000 trials — best sharpe: 1.80
  [ 52%] 525/1000 trials — best sharpe: 1.80
  [ 55%] 550/1000 trials — best sharpe: 1.80
  [ 57%] 575/1000 trials — best sharpe: 1.80
  [ 60%] 600/1000 trials — best sharpe: 1.80
  [ 62%] 625/1000 trials — best sharpe: 1.80
  [ 65%] 650/1000 trials — best sharpe: 1.80
  [ 67%] 675/1000 trials — best sharpe: 1.81
  [ 70%] 700/1000 trials — best sharpe: 1.81
  [ 72%] 725/1000 trials — best sharpe: 1.81
  [ 75%] 750/1000 trials — best sharpe: 1.88
  [ 77%] 775/1000 trials — best sharpe: 1.88
  [ 80%] 800/1000 trials — best sharpe: 1.88
  [ 82%] 825/1000 trials — best sharpe: 1.88
  [ 85%] 850/1000 trials — best sharpe: 1.88
  [ 87%] 875/1000 trials — best sharpe: 1.88
  [ 90%] 900/1000 trials — best sharpe: 1.88
  [ 92%] 925/1000 trials — best sharpe: 1.88
  [ 95%] 950/1000 trials — best sharpe: 1.88
  [ 97%] 975/1000 trials — best sharpe: 1.88
  [100%] 1000/1000 trials — best sharpe: 1.88
Optimization complete — best sharpe: 1.88
max_position_pct (0.66) is above 5x equal weight (0.09) — provides little concentration protection
  Max drawdown: 24.42% | Sharpe: 1.88 | Win rate: 47.37%
restart 2/4 (as of 2021-03-12)
Optimizing 2 strategies over 2015-07-28 to 2021-03-11
  objective: sharpe | train window: 2015-07-28 → 2021-03-11
  1000 trials across 5 workers
  [  2%] 25/1000 trials — best sharpe: 1.58
  [  5%] 50/1000 trials — best sharpe: 1.63
  [  7%] 75/1000 trials — best sharpe: 1.63
  [ 10%] 100/1000 trials — best sharpe: 1.79
  [ 12%] 125/1000 trials — best sharpe: 1.79
  [ 15%] 150/1000 trials — best sharpe: 1.84
  [ 17%] 175/1000 trials — best sharpe: 1.84
  [ 20%] 200/1000 trials — best sharpe: 1.84
  [ 22%] 225/1000 trials — best sharpe: 1.84
  [ 25%] 250/1000 trials — best sharpe: 1.84
  [ 27%] 275/1000 trials — best sharpe: 1.84
  [ 30%] 300/1000 trials — best sharpe: 1.84
  [ 32%] 325/1000 trials — best sharpe: 1.84
  [ 35%] 350/1000 trials — best sharpe: 1.87
  [ 37%] 375/1000 trials — best sharpe: 1.87
  [ 40%] 400/1000 trials — best sharpe: 1.87
  [ 42%] 425/1000 trials — best sharpe: 1.87
  [ 45%] 450/1000 trials — best sharpe: 1.87
  [ 47%] 475/1000 trials — best sharpe: 1.87
  [ 50%] 500/1000 trials — best sharpe: 1.90
  [ 52%] 525/1000 trials — best sharpe: 1.90
  [ 55%] 550/1000 trials — best sharpe: 1.90
  [ 57%] 575/1000 trials — best sharpe: 1.90
  [ 60%] 600/1000 trials — best sharpe: 1.97
  [ 62%] 625/1000 trials — best sharpe: 1.97
  [ 65%] 650/1000 trials — best sharpe: 1.97
  [ 67%] 675/1000 trials — best sharpe: 1.97
  [ 70%] 700/1000 trials — best sharpe: 1.97
  [ 72%] 725/1000 trials — best sharpe: 1.97
  [ 75%] 750/1000 trials — best sharpe: 1.97
  [ 77%] 775/1000 trials — best sharpe: 1.97
  [ 80%] 800/1000 trials — best sharpe: 1.97
  [ 82%] 825/1000 trials — best sharpe: 1.97
  [ 85%] 850/1000 trials — best sharpe: 1.97
  [ 87%] 875/1000 trials — best sharpe: 1.97
  [ 90%] 900/1000 trials — best sharpe: 1.97
  [ 92%] 925/1000 trials — best sharpe: 1.97
  [ 95%] 950/1000 trials — best sharpe: 2.01
  [ 97%] 975/1000 trials — best sharpe: 2.01
  [100%] 1000/1000 trials — best sharpe: 2.01
Optimization complete — best sharpe: 2.01
max_position_pct (0.66) is above 5x equal weight (0.09) — provides little concentration protection
  Max drawdown: 25.03% | Sharpe: 2.01 | Win rate: 52.17%
restart 3/4 (as of 2021-03-12)
Optimizing 2 strategies over 2015-07-28 to 2021-03-11
  objective: sharpe | train window: 2015-07-28 → 2021-03-11
  1000 trials across 5 workers
  [  2%] 25/1000 trials — best sharpe: 1.72
  [  5%] 50/1000 trials — best sharpe: 1.72
  [  7%] 75/1000 trials — best sharpe: 1.72
  [ 10%] 100/1000 trials — best sharpe: 1.72
  [ 12%] 125/1000 trials — best sharpe: 1.72
  [ 15%] 150/1000 trials — best sharpe: 1.75
  [ 17%] 175/1000 trials — best sharpe: 1.75
  [ 20%] 200/1000 trials — best sharpe: 1.75
  [ 22%] 225/1000 trials — best sharpe: 1.75
  [ 25%] 250/1000 trials — best sharpe: 1.79
  [ 27%] 275/1000 trials — best sharpe: 1.79
  [ 30%] 300/1000 trials — best sharpe: 1.79
  [ 32%] 325/1000 trials — best sharpe: 1.79
  [ 35%] 350/1000 trials — best sharpe: 1.82
  [ 37%] 375/1000 trials — best sharpe: 1.82
  [ 40%] 400/1000 trials — best sharpe: 1.82
  [ 42%] 425/1000 trials — best sharpe: 1.88
  [ 45%] 450/1000 trials — best sharpe: 1.88
  [ 47%] 475/1000 trials — best sharpe: 1.88
  [ 50%] 500/1000 trials — best sharpe: 1.88
  [ 52%] 525/1000 trials — best sharpe: 1.88
  [ 55%] 550/1000 trials — best sharpe: 1.88
  [ 57%] 575/1000 trials — best sharpe: 1.88
  [ 60%] 600/1000 trials — best sharpe: 1.88
  [ 62%] 625/1000 trials — best sharpe: 1.88
  [ 65%] 650/1000 trials — best sharpe: 1.88
  [ 67%] 675/1000 trials — best sharpe: 1.88
  [ 70%] 700/1000 trials — best sharpe: 1.88
  [ 72%] 725/1000 trials — best sharpe: 1.88
  [ 75%] 750/1000 trials — best sharpe: 1.88
  [ 77%] 775/1000 trials — best sharpe: 1.88
  [ 80%] 800/1000 trials — best sharpe: 1.88
  [ 82%] 825/1000 trials — best sharpe: 1.88
  [ 85%] 850/1000 trials — best sharpe: 1.88
  [ 87%] 875/1000 trials — best sharpe: 1.88
  [ 90%] 900/1000 trials — best sharpe: 1.88
  [ 92%] 925/1000 trials — best sharpe: 1.88
  [ 95%] 950/1000 trials — best sharpe: 1.88
  [ 97%] 975/1000 trials — best sharpe: 1.88
  [100%] 1000/1000 trials — best sharpe: 1.88
Optimization complete — best sharpe: 1.88
max_position_pct (0.66) is above 5x equal weight (0.09) — provides little concentration protection
  Max drawdown: 23.79% | Sharpe: 1.88 | Win rate: 52.59%
restart 4/4 (as of 2021-03-12)
Optimizing 2 strategies over 2015-07-28 to 2021-03-11
  objective: sharpe | train window: 2015-07-28 → 2021-03-11
  1000 trials across 5 workers
  [  2%] 25/1000 trials — best sharpe: 1.58
  [  5%] 50/1000 trials — best sharpe: 1.58
  [  7%] 75/1000 trials — best sharpe: 1.59
  [ 10%] 100/1000 trials — best sharpe: 1.65
  [ 12%] 125/1000 trials — best sharpe: 1.81
  [ 15%] 150/1000 trials — best sharpe: 1.81
  [ 17%] 175/1000 trials — best sharpe: 1.81
  [ 20%] 200/1000 trials — best sharpe: 1.81
  [ 22%] 225/1000 trials — best sharpe: 1.81
  [ 25%] 250/1000 trials — best sharpe: 1.81
  [ 27%] 275/1000 trials — best sharpe: 1.81
  [ 30%] 300/1000 trials — best sharpe: 1.81
  [ 32%] 325/1000 trials — best sharpe: 1.81
  [ 35%] 350/1000 trials — best sharpe: 1.82
  [ 37%] 375/1000 trials — best sharpe: 1.84
  [ 40%] 400/1000 trials — best sharpe: 1.84
  [ 42%] 425/1000 trials — best sharpe: 1.87
  [ 45%] 450/1000 trials — best sharpe: 1.87
  [ 47%] 475/1000 trials — best sharpe: 1.87
  [ 50%] 500/1000 trials — best sharpe: 1.87
  [ 52%] 525/1000 trials — best sharpe: 1.87
  [ 55%] 550/1000 trials — best sharpe: 1.87
  [ 57%] 575/1000 trials — best sharpe: 1.87
  [ 60%] 600/1000 trials — best sharpe: 1.87
  [ 62%] 625/1000 trials — best sharpe: 1.87
  [ 65%] 650/1000 trials — best sharpe: 1.87
  [ 67%] 675/1000 trials — best sharpe: 1.87
  [ 70%] 700/1000 trials — best sharpe: 1.87
  [ 72%] 725/1000 trials — best sharpe: 1.87
  [ 75%] 750/1000 trials — best sharpe: 1.87
  [ 77%] 775/1000 trials — best sharpe: 1.87
  [ 80%] 800/1000 trials — best sharpe: 1.87
  [ 82%] 825/1000 trials — best sharpe: 1.87
  [ 85%] 850/1000 trials — best sharpe: 1.87
  [ 87%] 875/1000 trials — best sharpe: 1.87
  [ 90%] 900/1000 trials — best sharpe: 1.87
  [ 92%] 925/1000 trials — best sharpe: 1.87
  [ 95%] 950/1000 trials — best sharpe: 1.87
  [ 97%] 975/1000 trials — best sharpe: 1.87
  [100%] 1000/1000 trials — best sharpe: 1.87
Optimization complete — best sharpe: 1.87
max_position_pct (0.66) is above 5x equal weight (0.09) — provides little concentration protection
  Max drawdown: 27.00% | Sharpe: 1.87 | Win rate: 46.49%
max_position_pct (0.66) is above 5x equal weight (0.09) — provides little concentration protection
max_position_pct (0.66) is above 5x equal weight (0.09) — provides little concentration protection
max_position_pct (0.66) is above 5x equal weight (0.09) — provides little concentration protection
max_position_pct (0.66) is above 5x equal weight (0.09) — provides little concentration protection
max_position_pct (0.66) is above 5x equal weight (0.09) — provides little concentration protection
max_position_pct (0.66) is above 5x equal weight (0.09) — provides little concentration protection
max_position_pct (0.66) is above 5x equal weight (0.09) — provides little concentration protection
max_position_pct (0.66) is above 5x equal weight (0.09) — provides little concentration protection
max_position_pct (0.66) is above 5x equal weight (0.09) — provides little concentration protection
max_position_pct (0.66) is above 5x equal weight (0.09) — provides little concentration protection
max_position_pct (0.66) is above 5x equal weight (0.09) — provides little concentration protection
max_position_pct (0.66) is above 5x equal weight (0.09) — provides little concentration protection
max_position_pct (0.66) is above 5x equal weight (0.09) — provides little concentration protection
max_position_pct (0.66) is above 5x equal weight (0.09) — provides little concentration protection
max_position_pct (0.66) is above 5x equal weight (0.09) — provides little concentration protection
max_position_pct (0.66) is above 5x equal weight (0.09) — provides little concentration protection
max_position_pct (0.66) is above 5x equal weight (0.09) — provides little concentration protection
max_position_pct (0.66) is above 5x equal weight (0.09) — provides little concentration protection
max_position_pct (0.66) is above 5x equal weight (0.09) — provides little concentration protection
max_position_pct (0.66) is above 5x equal weight (0.09) — provides little concentration protection
max_position_pct (0.66) is above 5x equal weight (0.09) — provides little concentration protection
max_position_pct (0.66) is above 5x equal weight (0.09) — provides little concentration protection
max_position_pct (0.66) is above 5x equal weight (0.09) — provides little concentration protection
max_position_pct (0.66) is above 5x equal weight (0.09) — provides little concentration protection
max_position_pct (0.66) is above 5x equal weight (0.09) — provides little concentration protection
max_position_pct (0.66) is above 5x equal weight (0.09) — provides little concentration protection
max_position_pct (0.66) is above 5x equal weight (0.09) — provides little concentration protection
max_position_pct (0.66) is above 5x equal weight (0.09) — provides little concentration protection
max_position_pct (0.66) is above 5x equal weight (0.09) — provides little concentration protection
max_position_pct (0.66) is above 5x equal weight (0.09) — provides little concentration protection
max_position_pct (0.66) is above 5x equal weight (0.09) — provides little concentration protection
max_position_pct (0.66) is above 5x equal weight (0.09) — provides little concentration protection
max_position_pct (0.66) is above 5x equal weight (0.09) — provides little concentration protection
max_position_pct (0.66) is above 5x equal weight (0.09) — provides little concentration protection
max_position_pct (0.66) is above 5x equal weight (0.09) — provides little concentration protection
max_position_pct (0.66) is above 5x equal weight (0.09) — provides little concentration protection
max_position_pct (0.66) is above 5x equal weight (0.09) — provides little concentration protection
max_position_pct (0.66) is above 5x equal weight (0.09) — provides little concentration protection
max_position_pct (0.66) is above 5x equal weight (0.09) — provides little concentration protection
max_position_pct (0.66) is above 5x equal weight (0.09) — provides little concentration protection
max_position_pct (0.66) is above 5x equal weight (0.09) — provides little concentration protection
max_position_pct (0.66) is above 5x equal weight (0.09) — provides little concentration protection
max_position_pct (0.66) is above 5x equal weight (0.09) — provides little concentration protection
max_position_pct (0.66) is above 5x equal weight (0.09) — provides little concentration protection
max_position_pct (0.66) is above 5x equal weight (0.09) — provides little concentration protection
max_position_pct (0.66) is above 5x equal weight (0.09) — provides little concentration protection
max_position_pct (0.66) is above 5x equal weight (0.09) — provides little concentration protection
max_position_pct (0.66) is above 5x equal weight (0.09) — provides little concentration protection
max_position_pct (0.66) is above 5x equal weight (0.09) — provides little concentration protection
max_position_pct (0.66) is above 5x equal weight (0.09) — provides little concentration protection
max_position_pct (0.66) is above 5x equal weight (0.09) — provides little concentration protection
max_position_pct (0.66) is above 5x equal weight (0.09) — provides little concentration protection
max_position_pct (0.66) is above 5x equal weight (0.09) — provides little concentration protection
max_position_pct (0.66) is above 5x equal weight (0.09) — provides little concentration protection
max_position_pct (0.66) is above 5x equal weight (0.09) — provides little concentration protection
max_position_pct (0.66) is above 5x equal weight (0.09) — provides little concentration protection
max_position_pct (0.66) is above 5x equal weight (0.09) — provides little concentration protection
max_position_pct (0.66) is above 5x equal weight (0.09) — provides little concentration protection
max_position_pct (0.66) is above 5x equal weight (0.09) — provides little concentration protection
max_position_pct (0.66) is above 5x equal weight (0.09) — provides little concentration protection
max_position_pct (0.66) is above 5x equal weight (0.09) — provides little concentration protection
max_position_pct (0.66) is above 5x equal weight (0.09) — provides little concentration protection
max_position_pct (0.66) is above 5x equal weight (0.09) — provides little concentration protection
max_position_pct (0.66) is above 5x equal weight (0.09) — provides little concentration protection
max_position_pct (0.66) is above 5x equal weight (0.09) — provides little concentration protection
max_position_pct (0.66) is above 5x equal weight (0.09) — provides little concentration protection
max_position_pct (0.66) is above 5x equal weight (0.09) — provides little concentration protection
max_position_pct (0.66) is above 5x equal weight (0.09) — provides little concentration protection
max_position_pct (0.66) is above 5x equal weight (0.09) — provides little concentration protection
max_position_pct (0.66) is above 5x equal weight (0.09) — provides little concentration protection
max_position_pct (0.66) is above 5x equal weight (0.09) — provides little concentration protection
max_position_pct (0.66) is above 5x equal weight (0.09) — provides little concentration protection
max_position_pct (0.66) is above 5x equal weight (0.09) — provides little concentration protection
max_position_pct (0.66) is above 5x equal weight (0.09) — provides little concentration protection
max_position_pct (0.66) is above 5x equal weight (0.09) — provides little concentration protection
max_position_pct (0.66) is above 5x equal weight (0.09) — provides little concentration protection
max_position_pct (0.66) is above 5x equal weight (0.09) — provides little concentration protection
max_position_pct (0.66) is above 5x equal weight (0.09) — provides little concentration protection
max_position_pct (0.66) is above 5x equal weight (0.09) — provides little concentration protection
max_position_pct (0.66) is above 5x equal weight (0.09) — provides little concentration protection
ensemble under-filled: 10 distinct member(s) survived dedupe (policy asks for 
20) — the deployment is less diversified than configured
max_position_pct (0.66) is above 5x equal weight (0.09) — provides little concentration protection
Fold 2/13: test 2021-06-11 → 2021-09-09
max_position_pct (0.66) is above 5x equal weight (0.09) — provides little concentration protection
Fold 3/13: test 2021-09-10 → 2021-12-08
max_position_pct (0.66) is above 5x equal weight (0.09) — provides little concentration protection
Fold 4/13: test 2021-12-09 → 2022-03-10
max_position_pct (0.66) is above 5x equal weight (0.09) — provides little concentration protection
Fold 5/13: test 2022-03-11 → 2022-06-09
max_position_pct (0.66) is above 5x equal weight (0.09) — provides little concentration protection
Fold 6/13: test 2022-06-10 → 2022-09-09
max_position_pct (0.66) is above 5x equal weight (0.09) — provides little concentration protection
Fold 7/13: test 2022-09-12 → 2022-12-08
max_position_pct (0.66) is above 5x equal weight (0.09) — provides little concentration protection
Fold 8/13: test 2022-12-09 → 2023-03-13
max_position_pct (0.66) is above 5x equal weight (0.09) — provides little concentration protection
Fold 9/13: test 2023-03-14 → 2023-06-12
max_position_pct (0.66) is above 5x equal weight (0.09) — provides little concentration protection
Fold 10/13: test 2023-06-13 → 2023-09-12
max_position_pct (0.66) is above 5x equal weight (0.09) — provides little concentration protection
Fold 11/13: test 2023-09-13 → 2023-12-11
max_position_pct (0.66) is above 5x equal weight (0.09) — provides little concentration protection
Fold 12/13: test 2023-12-12 → 2024-03-13
max_position_pct (0.66) is above 5x equal weight (0.09) — provides little concentration protection
Fold 13/13: test 2024-03-14 → 2024-08-27
max_position_pct (0.66) is above 5x equal weight (0.09) — provides little concentration protection
cell 25/32 done in 4m (elapsed 113m; ~32m remaining at the mean cell pace — 
frozen cells run far faster than re-fit cells)
sweep: ensemble on stonks, seed base 51 [cell 26/32]
Fold 1/13: test 2021-03-12 → 2021-06-10
restart 1/4 (as of 2021-03-12)
Optimizing 2 strategies over 2015-07-28 to 2021-03-11
  objective: sharpe | train window: 2015-07-28 → 2021-03-11
  1000 trials across 5 workers
  [  2%] 25/1000 trials — best sharpe: 1.57
  [  5%] 50/1000 trials — best sharpe: 1.60
  [  7%] 75/1000 trials — best sharpe: 1.64
  [ 10%] 100/1000 trials — best sharpe: 1.64
  [ 12%] 125/1000 trials — best sharpe: 1.68
  [ 15%] 150/1000 trials — best sharpe: 1.74
  [ 17%] 175/1000 trials — best sharpe: 1.74
  [ 20%] 200/1000 trials — best sharpe: 1.75
  [ 22%] 225/1000 trials — best sharpe: 1.75
  [ 25%] 250/1000 trials — best sharpe: 1.75
  [ 27%] 275/1000 trials — best sharpe: 1.75
  [ 30%] 300/1000 trials — best sharpe: 1.75
  [ 32%] 325/1000 trials — best sharpe: 1.75
  [ 35%] 350/1000 trials — best sharpe: 1.75
  [ 37%] 375/1000 trials — best sharpe: 1.75
  [ 40%] 400/1000 trials — best sharpe: 1.75
  [ 42%] 425/1000 trials — best sharpe: 1.75
  [ 45%] 450/1000 trials — best sharpe: 1.75
  [ 47%] 475/1000 trials — best sharpe: 1.75
  [ 50%] 500/1000 trials — best sharpe: 1.75
  [ 52%] 525/1000 trials — best sharpe: 1.75
  [ 55%] 550/1000 trials — best sharpe: 1.75
  [ 57%] 575/1000 trials — best sharpe: 1.77
  [ 60%] 600/1000 trials — best sharpe: 1.77
  [ 62%] 625/1000 trials — best sharpe: 1.77
  [ 65%] 650/1000 trials — best sharpe: 1.86
  [ 67%] 675/1000 trials — best sharpe: 1.86
  [ 70%] 700/1000 trials — best sharpe: 1.86
  [ 72%] 725/1000 trials — best sharpe: 1.86
  [ 75%] 750/1000 trials — best sharpe: 1.86
  [ 77%] 775/1000 trials — best sharpe: 1.86
  [ 80%] 800/1000 trials — best sharpe: 1.86
  [ 82%] 825/1000 trials — best sharpe: 1.86
  [ 85%] 850/1000 trials — best sharpe: 1.86
  [ 87%] 875/1000 trials — best sharpe: 1.86
  [ 90%] 900/1000 trials — best sharpe: 1.86
  [ 92%] 925/1000 trials — best sharpe: 1.86
  [ 95%] 950/1000 trials — best sharpe: 1.86
  [ 97%] 975/1000 trials — best sharpe: 1.86
  [100%] 1000/1000 trials — best sharpe: 1.86
Optimization complete — best sharpe: 1.86
max_position_pct (0.66) is above 5x equal weight (0.09) — provides little concentration protection
  Max drawdown: 26.18% | Sharpe: 1.86 | Win rate: 44.92%
restart 2/4 (as of 2021-03-12)
Optimizing 2 strategies over 2015-07-28 to 2021-03-11
  objective: sharpe | train window: 2015-07-28 → 2021-03-11
  1000 trials across 5 workers
  [  2%] 25/1000 trials — best sharpe: 1.73
  [  5%] 50/1000 trials — best sharpe: 1.73
  [  7%] 75/1000 trials — best sharpe: 1.77
  [ 10%] 100/1000 trials — best sharpe: 1.77
  [ 12%] 125/1000 trials — best sharpe: 1.77
  [ 15%] 150/1000 trials — best sharpe: 1.77
  [ 17%] 175/1000 trials — best sharpe: 1.77
  [ 20%] 200/1000 trials — best sharpe: 1.77
  [ 22%] 225/1000 trials — best sharpe: 1.77
  [ 25%] 250/1000 trials — best sharpe: 1.79
  [ 27%] 275/1000 trials — best sharpe: 1.79
  [ 30%] 300/1000 trials — best sharpe: 1.83
  [ 32%] 325/1000 trials — best sharpe: 1.83
  [ 35%] 350/1000 trials — best sharpe: 1.83
  [ 37%] 375/1000 trials — best sharpe: 1.83
  [ 40%] 400/1000 trials — best sharpe: 1.83
  [ 42%] 425/1000 trials — best sharpe: 1.83
  [ 45%] 450/1000 trials — best sharpe: 1.83
  [ 47%] 475/1000 trials — best sharpe: 1.83
  [ 50%] 500/1000 trials — best sharpe: 1.83
  [ 52%] 525/1000 trials — best sharpe: 1.83
  [ 55%] 550/1000 trials — best sharpe: 1.83
  [ 57%] 575/1000 trials — best sharpe: 1.83
  [ 60%] 600/1000 trials — best sharpe: 1.83
  [ 62%] 625/1000 trials — best sharpe: 1.83
  [ 65%] 650/1000 trials — best sharpe: 1.83
  [ 67%] 675/1000 trials — best sharpe: 1.83
  [ 70%] 700/1000 trials — best sharpe: 1.83
  [ 72%] 725/1000 trials — best sharpe: 1.83
  [ 75%] 750/1000 trials — best sharpe: 1.83
  [ 77%] 775/1000 trials — best sharpe: 1.83
  [ 80%] 800/1000 trials — best sharpe: 1.83
  [ 82%] 825/1000 trials — best sharpe: 1.83
  [ 85%] 850/1000 trials — best sharpe: 1.84
  [ 87%] 875/1000 trials — best sharpe: 1.84
  [ 90%] 900/1000 trials — best sharpe: 1.84
  [ 92%] 925/1000 trials — best sharpe: 1.84
  [ 95%] 950/1000 trials — best sharpe: 1.84
  [ 97%] 975/1000 trials — best sharpe: 1.84
  [100%] 1000/1000 trials — best sharpe: 1.84
Optimization complete — best sharpe: 1.84
max_position_pct (0.66) is above 5x equal weight (0.09) — provides little concentration protection
  Max drawdown: 26.99% | Sharpe: 1.84 | Win rate: 52.17%
restart 3/4 (as of 2021-03-12)
Optimizing 2 strategies over 2015-07-28 to 2021-03-11
  objective: sharpe | train window: 2015-07-28 → 2021-03-11
  1000 trials across 5 workers
  [  2%] 25/1000 trials — best sharpe: 1.65
  [  5%] 50/1000 trials — best sharpe: 1.65
  [  7%] 75/1000 trials — best sharpe: 1.65
  [ 10%] 100/1000 trials — best sharpe: 1.65
  [ 12%] 125/1000 trials — best sharpe: 1.65
  [ 15%] 150/1000 trials — best sharpe: 1.83
  [ 17%] 175/1000 trials — best sharpe: 1.83
  [ 20%] 200/1000 trials — best sharpe: 1.83
  [ 22%] 225/1000 trials — best sharpe: 1.83
  [ 25%] 250/1000 trials — best sharpe: 1.83
  [ 27%] 275/1000 trials — best sharpe: 1.83
  [ 30%] 300/1000 trials — best sharpe: 1.83
  [ 32%] 325/1000 trials — best sharpe: 1.83
  [ 35%] 350/1000 trials — best sharpe: 1.83
  [ 37%] 375/1000 trials — best sharpe: 1.83
  [ 40%] 400/1000 trials — best sharpe: 1.83
  [ 42%] 425/1000 trials — best sharpe: 1.83
  [ 45%] 450/1000 trials — best sharpe: 1.83
  [ 47%] 475/1000 trials — best sharpe: 1.83
  [ 50%] 500/1000 trials — best sharpe: 1.83
  [ 52%] 525/1000 trials — best sharpe: 1.83
  [ 55%] 550/1000 trials — best sharpe: 1.83
  [ 57%] 575/1000 trials — best sharpe: 1.83
  [ 60%] 600/1000 trials — best sharpe: 1.83
  [ 62%] 625/1000 trials — best sharpe: 1.83
  [ 65%] 650/1000 trials — best sharpe: 1.83
  [ 67%] 675/1000 trials — best sharpe: 1.83
  [ 70%] 700/1000 trials — best sharpe: 1.83
  [ 72%] 725/1000 trials — best sharpe: 1.83
  [ 75%] 750/1000 trials — best sharpe: 1.83
  [ 77%] 775/1000 trials — best sharpe: 1.83
  [ 80%] 800/1000 trials — best sharpe: 1.83
  [ 82%] 825/1000 trials — best sharpe: 1.83
  [ 85%] 850/1000 trials — best sharpe: 1.83
  [ 87%] 875/1000 trials — best sharpe: 1.83
  [ 90%] 900/1000 trials — best sharpe: 1.83
  [ 92%] 925/1000 trials — best sharpe: 1.83
  [ 95%] 950/1000 trials — best sharpe: 1.83
  [ 97%] 975/1000 trials — best sharpe: 1.83
  [100%] 1000/1000 trials — best sharpe: 1.83
Optimization complete — best sharpe: 1.83
max_position_pct (0.66) is above 5x equal weight (0.09) — provides little concentration protection
  Max drawdown: 27.89% | Sharpe: 1.83 | Win rate: 51.26%
restart 4/4 (as of 2021-03-12)
Optimizing 2 strategies over 2015-07-28 to 2021-03-11
  objective: sharpe | train window: 2015-07-28 → 2021-03-11
  1000 trials across 5 workers
  [  2%] 25/1000 trials — best sharpe: 1.66
  [  5%] 50/1000 trials — best sharpe: 1.66
  [  7%] 75/1000 trials — best sharpe: 1.66
  [ 10%] 100/1000 trials — best sharpe: 1.66
  [ 12%] 125/1000 trials — best sharpe: 1.66
  [ 15%] 150/1000 trials — best sharpe: 1.79
  [ 17%] 175/1000 trials — best sharpe: 1.83
  [ 20%] 200/1000 trials — best sharpe: 1.83
  [ 22%] 225/1000 trials — best sharpe: 1.83
  [ 25%] 250/1000 trials — best sharpe: 1.84
  [ 27%] 275/1000 trials — best sharpe: 1.84
  [ 30%] 300/1000 trials — best sharpe: 1.84
  [ 32%] 325/1000 trials — best sharpe: 1.84
  [ 35%] 350/1000 trials — best sharpe: 1.84
  [ 37%] 375/1000 trials — best sharpe: 1.84
  [ 40%] 400/1000 trials — best sharpe: 1.90
  [ 42%] 425/1000 trials — best sharpe: 1.90
  [ 45%] 450/1000 trials — best sharpe: 1.90
  [ 47%] 475/1000 trials — best sharpe: 1.90
  [ 50%] 500/1000 trials — best sharpe: 1.90
  [ 52%] 525/1000 trials — best sharpe: 1.90
  [ 55%] 550/1000 trials — best sharpe: 1.90
  [ 57%] 575/1000 trials — best sharpe: 1.90
  [ 60%] 600/1000 trials — best sharpe: 1.90
  [ 62%] 625/1000 trials — best sharpe: 1.90
  [ 65%] 650/1000 trials — best sharpe: 1.90
  [ 67%] 675/1000 trials — best sharpe: 1.90
  [ 70%] 700/1000 trials — best sharpe: 1.90
  [ 72%] 725/1000 trials — best sharpe: 1.90
  [ 75%] 750/1000 trials — best sharpe: 1.90
  [ 77%] 775/1000 trials — best sharpe: 1.90
  [ 80%] 800/1000 trials — best sharpe: 1.90
  [ 82%] 825/1000 trials — best sharpe: 1.90
  [ 85%] 850/1000 trials — best sharpe: 1.90
  [ 87%] 875/1000 trials — best sharpe: 1.90
  [ 90%] 900/1000 trials — best sharpe: 1.90
  [ 92%] 925/1000 trials — best sharpe: 1.90
  [ 95%] 950/1000 trials — best sharpe: 1.90
  [ 97%] 975/1000 trials — best sharpe: 1.90
  [100%] 1000/1000 trials — best sharpe: 1.90
Optimization complete — best sharpe: 1.90
max_position_pct (0.66) is above 5x equal weight (0.09) — provides little concentration protection
  Max drawdown: 26.53% | Sharpe: 1.90 | Win rate: 44.07%
max_position_pct (0.66) is above 5x equal weight (0.09) — provides little concentration protection
max_position_pct (0.66) is above 5x equal weight (0.09) — provides little concentration protection
max_position_pct (0.66) is above 5x equal weight (0.09) — provides little concentration protection
max_position_pct (0.66) is above 5x equal weight (0.09) — provides little concentration protection
max_position_pct (0.66) is above 5x equal weight (0.09) — provides little concentration protection
max_position_pct (0.66) is above 5x equal weight (0.09) — provides little concentration protection
max_position_pct (0.66) is above 5x equal weight (0.09) — provides little concentration protection
max_position_pct (0.66) is above 5x equal weight (0.09) — provides little concentration protection
max_position_pct (0.66) is above 5x equal weight (0.09) — provides little concentration protection
max_position_pct (0.66) is above 5x equal weight (0.09) — provides little concentration protection
max_position_pct (0.66) is above 5x equal weight (0.09) — provides little concentration protection
max_position_pct (0.66) is above 5x equal weight (0.09) — provides little concentration protection
max_position_pct (0.66) is above 5x equal weight (0.09) — provides little concentration protection
max_position_pct (0.66) is above 5x equal weight (0.09) — provides little concentration protection
max_position_pct (0.66) is above 5x equal weight (0.09) — provides little concentration protection
max_position_pct (0.66) is above 5x equal weight (0.09) — provides little concentration protection
max_position_pct (0.66) is above 5x equal weight (0.09) — provides little concentration protection
max_position_pct (0.66) is above 5x equal weight (0.09) — provides little concentration protection
max_position_pct (0.66) is above 5x equal weight (0.09) — provides little concentration protection
max_position_pct (0.66) is above 5x equal weight (0.09) — provides little concentration protection
max_position_pct (0.66) is above 5x equal weight (0.09) — provides little concentration protection
max_position_pct (0.66) is above 5x equal weight (0.09) — provides little concentration protection
max_position_pct (0.66) is above 5x equal weight (0.09) — provides little concentration protection
max_position_pct (0.66) is above 5x equal weight (0.09) — provides little concentration protection
max_position_pct (0.66) is above 5x equal weight (0.09) — provides little concentration protection
max_position_pct (0.66) is above 5x equal weight (0.09) — provides little concentration protection
max_position_pct (0.66) is above 5x equal weight (0.09) — provides little concentration protection
max_position_pct (0.66) is above 5x equal weight (0.09) — provides little concentration protection
max_position_pct (0.66) is above 5x equal weight (0.09) — provides little concentration protection
max_position_pct (0.66) is above 5x equal weight (0.09) — provides little concentration protection
max_position_pct (0.66) is above 5x equal weight (0.09) — provides little concentration protection
max_position_pct (0.66) is above 5x equal weight (0.09) — provides little concentration protection
max_position_pct (0.66) is above 5x equal weight (0.09) — provides little concentration protection
max_position_pct (0.66) is above 5x equal weight (0.09) — provides little concentration protection
max_position_pct (0.66) is above 5x equal weight (0.09) — provides little concentration protection
max_position_pct (0.66) is above 5x equal weight (0.09) — provides little concentration protection
max_position_pct (0.66) is above 5x equal weight (0.09) — provides little concentration protection
max_position_pct (0.66) is above 5x equal weight (0.09) — provides little concentration protection
max_position_pct (0.66) is above 5x equal weight (0.09) — provides little concentration protection
max_position_pct (0.66) is above 5x equal weight (0.09) — provides little concentration protection
max_position_pct (0.66) is above 5x equal weight (0.09) — provides little concentration protection
max_position_pct (0.66) is above 5x equal weight (0.09) — provides little concentration protection
max_position_pct (0.66) is above 5x equal weight (0.09) — provides little concentration protection
max_position_pct (0.66) is above 5x equal weight (0.09) — provides little concentration protection
max_position_pct (0.66) is above 5x equal weight (0.09) — provides little concentration protection
max_position_pct (0.66) is above 5x equal weight (0.09) — provides little concentration protection
max_position_pct (0.66) is above 5x equal weight (0.09) — provides little concentration protection
max_position_pct (0.66) is above 5x equal weight (0.09) — provides little concentration protection
max_position_pct (0.66) is above 5x equal weight (0.09) — provides little concentration protection
max_position_pct (0.66) is above 5x equal weight (0.09) — provides little concentration protection
max_position_pct (0.66) is above 5x equal weight (0.09) — provides little concentration protection
max_position_pct (0.66) is above 5x equal weight (0.09) — provides little concentration protection
max_position_pct (0.66) is above 5x equal weight (0.09) — provides little concentration protection
max_position_pct (0.66) is above 5x equal weight (0.09) — provides little concentration protection
max_position_pct (0.66) is above 5x equal weight (0.09) — provides little concentration protection
max_position_pct (0.66) is above 5x equal weight (0.09) — provides little concentration protection
max_position_pct (0.66) is above 5x equal weight (0.09) — provides little concentration protection
max_position_pct (0.66) is above 5x equal weight (0.09) — provides little concentration protection
max_position_pct (0.66) is above 5x equal weight (0.09) — provides little concentration protection
max_position_pct (0.66) is above 5x equal weight (0.09) — provides little concentration protection
max_position_pct (0.66) is above 5x equal weight (0.09) — provides little concentration protection
max_position_pct (0.66) is above 5x equal weight (0.09) — provides little concentration protection
max_position_pct (0.66) is above 5x equal weight (0.09) — provides little concentration protection
max_position_pct (0.66) is above 5x equal weight (0.09) — provides little concentration protection
max_position_pct (0.66) is above 5x equal weight (0.09) — provides little concentration protection
max_position_pct (0.66) is above 5x equal weight (0.09) — provides little concentration protection
max_position_pct (0.66) is above 5x equal weight (0.09) — provides little concentration protection
max_position_pct (0.66) is above 5x equal weight (0.09) — provides little concentration protection
max_position_pct (0.66) is above 5x equal weight (0.09) — provides little concentration protection
max_position_pct (0.66) is above 5x equal weight (0.09) — provides little concentration protection
max_position_pct (0.66) is above 5x equal weight (0.09) — provides little concentration protection
max_position_pct (0.66) is above 5x equal weight (0.09) — provides little concentration protection
max_position_pct (0.66) is above 5x equal weight (0.09) — provides little concentration protection
max_position_pct (0.66) is above 5x equal weight (0.09) — provides little concentration protection
max_position_pct (0.66) is above 5x equal weight (0.09) — provides little concentration protection
max_position_pct (0.66) is above 5x equal weight (0.09) — provides little concentration protection
max_position_pct (0.66) is above 5x equal weight (0.09) — provides little concentration protection
max_position_pct (0.66) is above 5x equal weight (0.09) — provides little concentration protection
max_position_pct (0.66) is above 5x equal weight (0.09) — provides little concentration protection
max_position_pct (0.66) is above 5x equal weight (0.09) — provides little concentration protection
ensemble under-filled: 9 distinct member(s) survived dedupe (policy asks for 20)
— the deployment is less diversified than configured
max_position_pct (0.66) is above 5x equal weight (0.09) — provides little concentration protection
Fold 2/13: test 2021-06-11 → 2021-09-09
max_position_pct (0.66) is above 5x equal weight (0.09) — provides little concentration protection
Fold 3/13: test 2021-09-10 → 2021-12-08
max_position_pct (0.66) is above 5x equal weight (0.09) — provides little concentration protection
Fold 4/13: test 2021-12-09 → 2022-03-10
max_position_pct (0.66) is above 5x equal weight (0.09) — provides little concentration protection
Fold 5/13: test 2022-03-11 → 2022-06-09
max_position_pct (0.66) is above 5x equal weight (0.09) — provides little concentration protection
Fold 6/13: test 2022-06-10 → 2022-09-09
max_position_pct (0.66) is above 5x equal weight (0.09) — provides little concentration protection
Fold 7/13: test 2022-09-12 → 2022-12-08
max_position_pct (0.66) is above 5x equal weight (0.09) — provides little concentration protection
Fold 8/13: test 2022-12-09 → 2023-03-13
max_position_pct (0.66) is above 5x equal weight (0.09) — provides little concentration protection
Fold 9/13: test 2023-03-14 → 2023-06-12
max_position_pct (0.66) is above 5x equal weight (0.09) — provides little concentration protection
Fold 10/13: test 2023-06-13 → 2023-09-12
max_position_pct (0.66) is above 5x equal weight (0.09) — provides little concentration protection
Fold 11/13: test 2023-09-13 → 2023-12-11
max_position_pct (0.66) is above 5x equal weight (0.09) — provides little concentration protection
Fold 12/13: test 2023-12-12 → 2024-03-13
max_position_pct (0.66) is above 5x equal weight (0.09) — provides little concentration protection
Fold 13/13: test 2024-03-14 → 2024-08-27
max_position_pct (0.66) is above 5x equal weight (0.09) — provides little concentration protection
cell 26/32 done in 4m (elapsed 117m; ~27m remaining at the mean cell pace — 
frozen cells run far faster than re-fit cells)
sweep: ensemble on stonks, seed base 52 [cell 27/32]
Fold 1/13: test 2021-03-12 → 2021-06-10
restart 1/4 (as of 2021-03-12)
Optimizing 2 strategies over 2015-07-28 to 2021-03-11
  objective: sharpe | train window: 2015-07-28 → 2021-03-11
  1000 trials across 5 workers
  [  2%] 25/1000 trials — best sharpe: 1.66
  [  5%] 50/1000 trials — best sharpe: 1.66
  [  7%] 75/1000 trials — best sharpe: 1.66
  [ 10%] 100/1000 trials — best sharpe: 1.66
  [ 12%] 125/1000 trials — best sharpe: 1.66
  [ 15%] 150/1000 trials — best sharpe: 1.79
  [ 17%] 175/1000 trials — best sharpe: 1.79
  [ 20%] 200/1000 trials — best sharpe: 1.79
  [ 22%] 225/1000 trials — best sharpe: 1.79
  [ 25%] 250/1000 trials — best sharpe: 1.79
  [ 27%] 275/1000 trials — best sharpe: 1.79
  [ 30%] 300/1000 trials — best sharpe: 1.79
  [ 32%] 325/1000 trials — best sharpe: 1.79
  [ 35%] 350/1000 trials — best sharpe: 1.84
  [ 37%] 375/1000 trials — best sharpe: 1.84
  [ 40%] 400/1000 trials — best sharpe: 1.88
  [ 42%] 425/1000 trials — best sharpe: 1.88
  [ 45%] 450/1000 trials — best sharpe: 1.88
  [ 47%] 475/1000 trials — best sharpe: 1.88
  [ 50%] 500/1000 trials — best sharpe: 1.88
  [ 52%] 525/1000 trials — best sharpe: 1.88
  [ 55%] 550/1000 trials — best sharpe: 1.88
  [ 57%] 575/1000 trials — best sharpe: 1.88
  [ 60%] 600/1000 trials — best sharpe: 1.88
  [ 62%] 625/1000 trials — best sharpe: 1.88
  [ 65%] 650/1000 trials — best sharpe: 1.88
  [ 67%] 675/1000 trials — best sharpe: 1.88
  [ 70%] 700/1000 trials — best sharpe: 1.88
  [ 72%] 725/1000 trials — best sharpe: 1.88
  [ 75%] 750/1000 trials — best sharpe: 1.88
  [ 77%] 775/1000 trials — best sharpe: 1.88
  [ 80%] 800/1000 trials — best sharpe: 1.88
  [ 82%] 825/1000 trials — best sharpe: 1.88
  [ 85%] 850/1000 trials — best sharpe: 1.88
  [ 87%] 875/1000 trials — best sharpe: 1.88
  [ 90%] 900/1000 trials — best sharpe: 1.88
  [ 92%] 925/1000 trials — best sharpe: 1.88
  [ 95%] 950/1000 trials — best sharpe: 1.92
  [ 97%] 975/1000 trials — best sharpe: 1.92
  [100%] 1000/1000 trials — best sharpe: 1.92
Optimization complete — best sharpe: 1.92
max_position_pct (0.66) is above 5x equal weight (0.09) — provides little concentration protection
  Max drawdown: 23.24% | Sharpe: 1.92 | Win rate: 55.91%
restart 2/4 (as of 2021-03-12)
Optimizing 2 strategies over 2015-07-28 to 2021-03-11
  objective: sharpe | train window: 2015-07-28 → 2021-03-11
  1000 trials across 5 workers
  [  2%] 25/1000 trials — best sharpe: 1.62
  [  5%] 50/1000 trials — best sharpe: 1.62
  [  7%] 75/1000 trials — best sharpe: 1.72
  [ 10%] 100/1000 trials — best sharpe: 1.72
  [ 12%] 125/1000 trials — best sharpe: 1.72
  [ 15%] 150/1000 trials — best sharpe: 1.72
  [ 17%] 175/1000 trials — best sharpe: 1.72
  [ 20%] 200/1000 trials — best sharpe: 1.72
  [ 22%] 225/1000 trials — best sharpe: 1.72
  [ 25%] 250/1000 trials — best sharpe: 1.72
  [ 27%] 275/1000 trials — best sharpe: 1.81
  [ 30%] 300/1000 trials — best sharpe: 1.81
  [ 32%] 325/1000 trials — best sharpe: 1.81
  [ 35%] 350/1000 trials — best sharpe: 1.81
  [ 37%] 375/1000 trials — best sharpe: 1.81
  [ 40%] 400/1000 trials — best sharpe: 1.81
  [ 42%] 425/1000 trials — best sharpe: 1.81
  [ 45%] 450/1000 trials — best sharpe: 1.81
  [ 47%] 475/1000 trials — best sharpe: 1.86
  [ 50%] 500/1000 trials — best sharpe: 1.86
  [ 52%] 525/1000 trials — best sharpe: 1.86
  [ 55%] 550/1000 trials — best sharpe: 1.86
  [ 57%] 575/1000 trials — best sharpe: 1.86
  [ 60%] 600/1000 trials — best sharpe: 1.86
  [ 62%] 625/1000 trials — best sharpe: 1.86
  [ 65%] 650/1000 trials — best sharpe: 1.86
  [ 67%] 675/1000 trials — best sharpe: 1.86
  [ 70%] 700/1000 trials — best sharpe: 1.86
  [ 72%] 725/1000 trials — best sharpe: 1.86
  [ 75%] 750/1000 trials — best sharpe: 1.86
  [ 77%] 775/1000 trials — best sharpe: 1.86
  [ 80%] 800/1000 trials — best sharpe: 1.86
  [ 82%] 825/1000 trials — best sharpe: 1.86
  [ 85%] 850/1000 trials — best sharpe: 1.86
  [ 87%] 875/1000 trials — best sharpe: 1.86
  [ 90%] 900/1000 trials — best sharpe: 1.86
  [ 92%] 925/1000 trials — best sharpe: 1.86
  [ 95%] 950/1000 trials — best sharpe: 1.86
  [ 97%] 975/1000 trials — best sharpe: 1.86
  [100%] 1000/1000 trials — best sharpe: 1.86
Optimization complete — best sharpe: 1.86
max_position_pct (0.66) is above 5x equal weight (0.09) — provides little concentration protection
  Max drawdown: 22.35% | Sharpe: 1.86 | Win rate: 52.38%
restart 3/4 (as of 2021-03-12)
Optimizing 2 strategies over 2015-07-28 to 2021-03-11
  objective: sharpe | train window: 2015-07-28 → 2021-03-11
  1000 trials across 5 workers
  [  2%] 25/1000 trials — best sharpe: 1.72
  [  5%] 50/1000 trials — best sharpe: 1.72
  [  7%] 75/1000 trials — best sharpe: 1.72
  [ 10%] 100/1000 trials — best sharpe: 1.78
  [ 12%] 125/1000 trials — best sharpe: 1.78
  [ 15%] 150/1000 trials — best sharpe: 1.78
  [ 17%] 175/1000 trials — best sharpe: 1.80
  [ 20%] 200/1000 trials — best sharpe: 1.84
  [ 22%] 225/1000 trials — best sharpe: 1.84
  [ 25%] 250/1000 trials — best sharpe: 1.84
  [ 27%] 275/1000 trials — best sharpe: 1.84
  [ 30%] 300/1000 trials — best sharpe: 1.84
  [ 32%] 325/1000 trials — best sharpe: 1.84
  [ 35%] 350/1000 trials — best sharpe: 1.84
  [ 37%] 375/1000 trials — best sharpe: 1.84
  [ 40%] 400/1000 trials — best sharpe: 1.88
  [ 42%] 425/1000 trials — best sharpe: 1.88
  [ 45%] 450/1000 trials — best sharpe: 1.88
  [ 47%] 475/1000 trials — best sharpe: 1.88
  [ 50%] 500/1000 trials — best sharpe: 1.88
  [ 52%] 525/1000 trials — best sharpe: 1.88
  [ 55%] 550/1000 trials — best sharpe: 1.88
  [ 57%] 575/1000 trials — best sharpe: 1.88
  [ 60%] 600/1000 trials — best sharpe: 1.88
  [ 62%] 625/1000 trials — best sharpe: 1.88
  [ 65%] 650/1000 trials — best sharpe: 1.88
  [ 67%] 675/1000 trials — best sharpe: 1.88
  [ 70%] 700/1000 trials — best sharpe: 1.88
  [ 72%] 725/1000 trials — best sharpe: 1.88
  [ 75%] 750/1000 trials — best sharpe: 1.88
  [ 77%] 775/1000 trials — best sharpe: 1.88
  [ 80%] 800/1000 trials — best sharpe: 1.88
  [ 82%] 825/1000 trials — best sharpe: 1.88
  [ 85%] 850/1000 trials — best sharpe: 1.88
  [ 87%] 875/1000 trials — best sharpe: 1.88
  [ 90%] 900/1000 trials — best sharpe: 1.88
  [ 92%] 925/1000 trials — best sharpe: 1.88
  [ 95%] 950/1000 trials — best sharpe: 1.88
  [ 97%] 975/1000 trials — best sharpe: 1.88
  [100%] 1000/1000 trials — best sharpe: 1.88
Optimization complete — best sharpe: 1.88
max_position_pct (0.66) is above 5x equal weight (0.09) — provides little concentration protection
  Max drawdown: 23.49% | Sharpe: 1.88 | Win rate: 45.08%
restart 4/4 (as of 2021-03-12)
Optimizing 2 strategies over 2015-07-28 to 2021-03-11
  objective: sharpe | train window: 2015-07-28 → 2021-03-11
  1000 trials across 5 workers
  [  2%] 25/1000 trials — best sharpe: 1.59
  [  5%] 50/1000 trials — best sharpe: 1.59
  [  7%] 75/1000 trials — best sharpe: 1.64
  [ 10%] 100/1000 trials — best sharpe: 1.72
  [ 12%] 125/1000 trials — best sharpe: 1.72
  [ 15%] 150/1000 trials — best sharpe: 1.72
  [ 17%] 175/1000 trials — best sharpe: 1.72
  [ 20%] 200/1000 trials — best sharpe: 1.83
  [ 22%] 225/1000 trials — best sharpe: 1.83
  [ 25%] 250/1000 trials — best sharpe: 1.83
  [ 27%] 275/1000 trials — best sharpe: 1.83
  [ 30%] 300/1000 trials — best sharpe: 1.83
  [ 32%] 325/1000 trials — best sharpe: 1.83
  [ 35%] 350/1000 trials — best sharpe: 1.83
  [ 37%] 375/1000 trials — best sharpe: 1.83
  [ 40%] 400/1000 trials — best sharpe: 1.83
  [ 42%] 425/1000 trials — best sharpe: 1.83
  [ 45%] 450/1000 trials — best sharpe: 1.83
  [ 47%] 475/1000 trials — best sharpe: 1.83
  [ 50%] 500/1000 trials — best sharpe: 1.86
  [ 52%] 525/1000 trials — best sharpe: 1.86
  [ 55%] 550/1000 trials — best sharpe: 1.86
  [ 57%] 575/1000 trials — best sharpe: 1.86
  [ 60%] 600/1000 trials — best sharpe: 1.86
  [ 62%] 625/1000 trials — best sharpe: 1.86
  [ 65%] 650/1000 trials — best sharpe: 1.86
  [ 67%] 675/1000 trials — best sharpe: 1.86
  [ 70%] 700/1000 trials — best sharpe: 1.86
  [ 72%] 725/1000 trials — best sharpe: 1.86
  [ 75%] 750/1000 trials — best sharpe: 1.86
  [ 77%] 775/1000 trials — best sharpe: 1.86
  [ 80%] 800/1000 trials — best sharpe: 1.86
  [ 82%] 825/1000 trials — best sharpe: 1.86
  [ 85%] 850/1000 trials — best sharpe: 1.86
  [ 87%] 875/1000 trials — best sharpe: 1.86
  [ 90%] 900/1000 trials — best sharpe: 1.86
  [ 92%] 925/1000 trials — best sharpe: 1.86
  [ 95%] 950/1000 trials — best sharpe: 1.86
  [ 97%] 975/1000 trials — best sharpe: 1.86
  [100%] 1000/1000 trials — best sharpe: 1.86
Optimization complete — best sharpe: 1.86
max_position_pct (0.66) is above 5x equal weight (0.09) — provides little concentration protection
  Max drawdown: 17.45% | Sharpe: 1.86 | Win rate: 58.02%
max_position_pct (0.66) is above 5x equal weight (0.09) — provides little concentration protection
max_position_pct (0.66) is above 5x equal weight (0.09) — provides little concentration protection
max_position_pct (0.66) is above 5x equal weight (0.09) — provides little concentration protection
max_position_pct (0.66) is above 5x equal weight (0.09) — provides little concentration protection
max_position_pct (0.66) is above 5x equal weight (0.09) — provides little concentration protection
max_position_pct (0.66) is above 5x equal weight (0.09) — provides little concentration protection
max_position_pct (0.66) is above 5x equal weight (0.09) — provides little concentration protection
max_position_pct (0.66) is above 5x equal weight (0.09) — provides little concentration protection
max_position_pct (0.66) is above 5x equal weight (0.09) — provides little concentration protection
max_position_pct (0.66) is above 5x equal weight (0.09) — provides little concentration protection
max_position_pct (0.66) is above 5x equal weight (0.09) — provides little concentration protection
max_position_pct (0.66) is above 5x equal weight (0.09) — provides little concentration protection
max_position_pct (0.66) is above 5x equal weight (0.09) — provides little concentration protection
max_position_pct (0.66) is above 5x equal weight (0.09) — provides little concentration protection
max_position_pct (0.66) is above 5x equal weight (0.09) — provides little concentration protection
max_position_pct (0.66) is above 5x equal weight (0.09) — provides little concentration protection
max_position_pct (0.66) is above 5x equal weight (0.09) — provides little concentration protection
max_position_pct (0.66) is above 5x equal weight (0.09) — provides little concentration protection
max_position_pct (0.66) is above 5x equal weight (0.09) — provides little concentration protection
max_position_pct (0.66) is above 5x equal weight (0.09) — provides little concentration protection
max_position_pct (0.66) is above 5x equal weight (0.09) — provides little concentration protection
max_position_pct (0.66) is above 5x equal weight (0.09) — provides little concentration protection
max_position_pct (0.66) is above 5x equal weight (0.09) — provides little concentration protection
max_position_pct (0.66) is above 5x equal weight (0.09) — provides little concentration protection
max_position_pct (0.66) is above 5x equal weight (0.09) — provides little concentration protection
max_position_pct (0.66) is above 5x equal weight (0.09) — provides little concentration protection
max_position_pct (0.66) is above 5x equal weight (0.09) — provides little concentration protection
max_position_pct (0.66) is above 5x equal weight (0.09) — provides little concentration protection
max_position_pct (0.66) is above 5x equal weight (0.09) — provides little concentration protection
max_position_pct (0.66) is above 5x equal weight (0.09) — provides little concentration protection
max_position_pct (0.66) is above 5x equal weight (0.09) — provides little concentration protection
max_position_pct (0.66) is above 5x equal weight (0.09) — provides little concentration protection
max_position_pct (0.66) is above 5x equal weight (0.09) — provides little concentration protection
max_position_pct (0.66) is above 5x equal weight (0.09) — provides little concentration protection
max_position_pct (0.66) is above 5x equal weight (0.09) — provides little concentration protection
max_position_pct (0.66) is above 5x equal weight (0.09) — provides little concentration protection
max_position_pct (0.66) is above 5x equal weight (0.09) — provides little concentration protection
max_position_pct (0.66) is above 5x equal weight (0.09) — provides little concentration protection
max_position_pct (0.66) is above 5x equal weight (0.09) — provides little concentration protection
max_position_pct (0.66) is above 5x equal weight (0.09) — provides little concentration protection
max_position_pct (0.66) is above 5x equal weight (0.09) — provides little concentration protection
max_position_pct (0.66) is above 5x equal weight (0.09) — provides little concentration protection
max_position_pct (0.66) is above 5x equal weight (0.09) — provides little concentration protection
max_position_pct (0.66) is above 5x equal weight (0.09) — provides little concentration protection
max_position_pct (0.66) is above 5x equal weight (0.09) — provides little concentration protection
max_position_pct (0.66) is above 5x equal weight (0.09) — provides little concentration protection
max_position_pct (0.66) is above 5x equal weight (0.09) — provides little concentration protection
max_position_pct (0.66) is above 5x equal weight (0.09) — provides little concentration protection
max_position_pct (0.66) is above 5x equal weight (0.09) — provides little concentration protection
max_position_pct (0.66) is above 5x equal weight (0.09) — provides little concentration protection
max_position_pct (0.66) is above 5x equal weight (0.09) — provides little concentration protection
max_position_pct (0.66) is above 5x equal weight (0.09) — provides little concentration protection
max_position_pct (0.66) is above 5x equal weight (0.09) — provides little concentration protection
max_position_pct (0.66) is above 5x equal weight (0.09) — provides little concentration protection
max_position_pct (0.66) is above 5x equal weight (0.09) — provides little concentration protection
max_position_pct (0.66) is above 5x equal weight (0.09) — provides little concentration protection
max_position_pct (0.66) is above 5x equal weight (0.09) — provides little concentration protection
max_position_pct (0.66) is above 5x equal weight (0.09) — provides little concentration protection
max_position_pct (0.66) is above 5x equal weight (0.09) — provides little concentration protection
max_position_pct (0.66) is above 5x equal weight (0.09) — provides little concentration protection
max_position_pct (0.66) is above 5x equal weight (0.09) — provides little concentration protection
max_position_pct (0.66) is above 5x equal weight (0.09) — provides little concentration protection
max_position_pct (0.66) is above 5x equal weight (0.09) — provides little concentration protection
max_position_pct (0.66) is above 5x equal weight (0.09) — provides little concentration protection
max_position_pct (0.66) is above 5x equal weight (0.09) — provides little concentration protection
max_position_pct (0.66) is above 5x equal weight (0.09) — provides little concentration protection
max_position_pct (0.66) is above 5x equal weight (0.09) — provides little concentration protection
max_position_pct (0.66) is above 5x equal weight (0.09) — provides little concentration protection
max_position_pct (0.66) is above 5x equal weight (0.09) — provides little concentration protection
max_position_pct (0.66) is above 5x equal weight (0.09) — provides little concentration protection
max_position_pct (0.66) is above 5x equal weight (0.09) — provides little concentration protection
max_position_pct (0.66) is above 5x equal weight (0.09) — provides little concentration protection
max_position_pct (0.66) is above 5x equal weight (0.09) — provides little concentration protection
max_position_pct (0.66) is above 5x equal weight (0.09) — provides little concentration protection
max_position_pct (0.66) is above 5x equal weight (0.09) — provides little concentration protection
max_position_pct (0.66) is above 5x equal weight (0.09) — provides little concentration protection
max_position_pct (0.66) is above 5x equal weight (0.09) — provides little concentration protection
max_position_pct (0.66) is above 5x equal weight (0.09) — provides little concentration protection
max_position_pct (0.66) is above 5x equal weight (0.09) — provides little concentration protection
max_position_pct (0.66) is above 5x equal weight (0.09) — provides little concentration protection
ensemble under-filled: 9 distinct member(s) survived dedupe (policy asks for 20)
— the deployment is less diversified than configured
max_position_pct (0.66) is above 5x equal weight (0.09) — provides little concentration protection
Fold 2/13: test 2021-06-11 → 2021-09-09
max_position_pct (0.66) is above 5x equal weight (0.09) — provides little concentration protection
Fold 3/13: test 2021-09-10 → 2021-12-08
max_position_pct (0.66) is above 5x equal weight (0.09) — provides little concentration protection
Fold 4/13: test 2021-12-09 → 2022-03-10
max_position_pct (0.66) is above 5x equal weight (0.09) — provides little concentration protection
Fold 5/13: test 2022-03-11 → 2022-06-09
max_position_pct (0.66) is above 5x equal weight (0.09) — provides little concentration protection
Fold 6/13: test 2022-06-10 → 2022-09-09
max_position_pct (0.66) is above 5x equal weight (0.09) — provides little concentration protection
Fold 7/13: test 2022-09-12 → 2022-12-08
max_position_pct (0.66) is above 5x equal weight (0.09) — provides little concentration protection
Fold 8/13: test 2022-12-09 → 2023-03-13
max_position_pct (0.66) is above 5x equal weight (0.09) — provides little concentration protection
Fold 9/13: test 2023-03-14 → 2023-06-12
max_position_pct (0.66) is above 5x equal weight (0.09) — provides little concentration protection
Fold 10/13: test 2023-06-13 → 2023-09-12
max_position_pct (0.66) is above 5x equal weight (0.09) — provides little concentration protection
Fold 11/13: test 2023-09-13 → 2023-12-11
max_position_pct (0.66) is above 5x equal weight (0.09) — provides little concentration protection
Fold 12/13: test 2023-12-12 → 2024-03-13
max_position_pct (0.66) is above 5x equal weight (0.09) — provides little concentration protection
Fold 13/13: test 2024-03-14 → 2024-08-27
max_position_pct (0.66) is above 5x equal weight (0.09) — provides little concentration protection
cell 27/32 done in 4m (elapsed 122m; ~23m remaining at the mean cell pace — 
frozen cells run far faster than re-fit cells)
sweep: ensemble on stonks, seed base 53 [cell 28/32]
Fold 1/13: test 2021-03-12 → 2021-06-10
restart 1/4 (as of 2021-03-12)
Optimizing 2 strategies over 2015-07-28 to 2021-03-11
  objective: sharpe | train window: 2015-07-28 → 2021-03-11
  1000 trials across 5 workers
  [  2%] 25/1000 trials — best sharpe: 1.67
  [  5%] 50/1000 trials — best sharpe: 1.67
  [  7%] 75/1000 trials — best sharpe: 1.67
  [ 10%] 100/1000 trials — best sharpe: 1.67
  [ 12%] 125/1000 trials — best sharpe: 1.67
  [ 15%] 150/1000 trials — best sharpe: 1.67
  [ 17%] 175/1000 trials — best sharpe: 1.67
  [ 20%] 200/1000 trials — best sharpe: 1.67
  [ 22%] 225/1000 trials — best sharpe: 1.67
  [ 25%] 250/1000 trials — best sharpe: 1.67
  [ 27%] 275/1000 trials — best sharpe: 1.67
  [ 30%] 300/1000 trials — best sharpe: 1.69
  [ 32%] 325/1000 trials — best sharpe: 1.72
  [ 35%] 350/1000 trials — best sharpe: 1.72
  [ 37%] 375/1000 trials — best sharpe: 1.72
  [ 40%] 400/1000 trials — best sharpe: 1.72
  [ 42%] 425/1000 trials — best sharpe: 1.72
  [ 45%] 450/1000 trials — best sharpe: 1.72
  [ 47%] 475/1000 trials — best sharpe: 1.72
  [ 50%] 500/1000 trials — best sharpe: 1.72
  [ 52%] 525/1000 trials — best sharpe: 1.72
  [ 55%] 550/1000 trials — best sharpe: 1.75
  [ 57%] 575/1000 trials — best sharpe: 1.75
  [ 60%] 600/1000 trials — best sharpe: 1.75
  [ 62%] 625/1000 trials — best sharpe: 1.75
  [ 65%] 650/1000 trials — best sharpe: 1.75
  [ 67%] 675/1000 trials — best sharpe: 1.75
  [ 70%] 700/1000 trials — best sharpe: 1.75
  [ 72%] 725/1000 trials — best sharpe: 1.75
  [ 75%] 750/1000 trials — best sharpe: 1.76
  [ 77%] 775/1000 trials — best sharpe: 1.76
  [ 80%] 800/1000 trials — best sharpe: 1.79
  [ 82%] 825/1000 trials — best sharpe: 1.79
  [ 85%] 850/1000 trials — best sharpe: 1.79
  [ 87%] 875/1000 trials — best sharpe: 1.79
  [ 90%] 900/1000 trials — best sharpe: 1.79
  [ 92%] 925/1000 trials — best sharpe: 1.80
  [ 95%] 950/1000 trials — best sharpe: 1.80
  [ 97%] 975/1000 trials — best sharpe: 1.80
  [100%] 1000/1000 trials — best sharpe: 1.80
Optimization complete — best sharpe: 1.80
max_position_pct (0.66) is above 5x equal weight (0.09) — provides little concentration protection
  Max drawdown: 19.75% | Sharpe: 1.80 | Win rate: 50.79%
restart 2/4 (as of 2021-03-12)
Optimizing 2 strategies over 2015-07-28 to 2021-03-11
  objective: sharpe | train window: 2015-07-28 → 2021-03-11
  1000 trials across 5 workers
  [  2%] 25/1000 trials — best sharpe: 1.61
  [  5%] 50/1000 trials — best sharpe: 1.64
  [  7%] 75/1000 trials — best sharpe: 1.66
  [ 10%] 100/1000 trials — best sharpe: 1.78
  [ 12%] 125/1000 trials — best sharpe: 1.78
  [ 15%] 150/1000 trials — best sharpe: 1.78
  [ 17%] 175/1000 trials — best sharpe: 1.82
  [ 20%] 200/1000 trials — best sharpe: 1.82
  [ 22%] 225/1000 trials — best sharpe: 1.93
  [ 25%] 250/1000 trials — best sharpe: 1.93
  [ 27%] 275/1000 trials — best sharpe: 1.93
  [ 30%] 300/1000 trials — best sharpe: 1.93
  [ 32%] 325/1000 trials — best sharpe: 1.93
  [ 35%] 350/1000 trials — best sharpe: 1.93
  [ 37%] 375/1000 trials — best sharpe: 1.93
  [ 40%] 400/1000 trials — best sharpe: 1.93
  [ 42%] 425/1000 trials — best sharpe: 1.93
  [ 45%] 450/1000 trials — best sharpe: 1.93
  [ 47%] 475/1000 trials — best sharpe: 1.93
  [ 50%] 500/1000 trials — best sharpe: 1.93
  [ 52%] 525/1000 trials — best sharpe: 1.93
  [ 55%] 550/1000 trials — best sharpe: 1.93
  [ 57%] 575/1000 trials — best sharpe: 1.93
  [ 60%] 600/1000 trials — best sharpe: 1.93
  [ 62%] 625/1000 trials — best sharpe: 1.93
  [ 65%] 650/1000 trials — best sharpe: 1.93
  [ 67%] 675/1000 trials — best sharpe: 1.93
  [ 70%] 700/1000 trials — best sharpe: 1.93
  [ 72%] 725/1000 trials — best sharpe: 1.93
  [ 75%] 750/1000 trials — best sharpe: 1.99
  [ 77%] 775/1000 trials — best sharpe: 1.99
  [ 80%] 800/1000 trials — best sharpe: 1.99
  [ 82%] 825/1000 trials — best sharpe: 1.99
  [ 85%] 850/1000 trials — best sharpe: 1.99
  [ 87%] 875/1000 trials — best sharpe: 1.99
  [ 90%] 900/1000 trials — best sharpe: 1.99
  [ 92%] 925/1000 trials — best sharpe: 1.99
  [ 95%] 950/1000 trials — best sharpe: 1.99
  [ 97%] 975/1000 trials — best sharpe: 1.99
  [100%] 1000/1000 trials — best sharpe: 1.99
Optimization complete — best sharpe: 1.99
max_position_pct (0.66) is above 5x equal weight (0.09) — provides little concentration protection
  Max drawdown: 25.59% | Sharpe: 1.99 | Win rate: 51.24%
restart 3/4 (as of 2021-03-12)
Optimizing 2 strategies over 2015-07-28 to 2021-03-11
  objective: sharpe | train window: 2015-07-28 → 2021-03-11
  1000 trials across 5 workers
  [  2%] 25/1000 trials — best sharpe: 1.59
  [  5%] 50/1000 trials — best sharpe: 1.72
  [  7%] 75/1000 trials — best sharpe: 1.72
  [ 10%] 100/1000 trials — best sharpe: 1.72
  [ 12%] 125/1000 trials — best sharpe: 1.73
  [ 15%] 150/1000 trials — best sharpe: 1.73
  [ 17%] 175/1000 trials — best sharpe: 1.75
  [ 20%] 200/1000 trials — best sharpe: 1.75
  [ 22%] 225/1000 trials — best sharpe: 1.75
  [ 25%] 250/1000 trials — best sharpe: 1.75
  [ 27%] 275/1000 trials — best sharpe: 1.75
  [ 30%] 300/1000 trials — best sharpe: 1.75
  [ 32%] 325/1000 trials — best sharpe: 1.75
  [ 35%] 350/1000 trials — best sharpe: 1.75
  [ 37%] 375/1000 trials — best sharpe: 1.75
  [ 40%] 400/1000 trials — best sharpe: 1.75
  [ 42%] 425/1000 trials — best sharpe: 1.75
  [ 45%] 450/1000 trials — best sharpe: 1.86
  [ 47%] 475/1000 trials — best sharpe: 1.86
  [ 50%] 500/1000 trials — best sharpe: 1.86
  [ 52%] 525/1000 trials — best sharpe: 2.03
  [ 55%] 550/1000 trials — best sharpe: 2.03
  [ 57%] 575/1000 trials — best sharpe: 2.03
  [ 60%] 600/1000 trials — best sharpe: 2.03
  [ 62%] 625/1000 trials — best sharpe: 2.03
  [ 65%] 650/1000 trials — best sharpe: 2.03
  [ 67%] 675/1000 trials — best sharpe: 2.03
  [ 70%] 700/1000 trials — best sharpe: 2.03
  [ 72%] 725/1000 trials — best sharpe: 2.03
  [ 75%] 750/1000 trials — best sharpe: 2.03
  [ 77%] 775/1000 trials — best sharpe: 2.03
  [ 80%] 800/1000 trials — best sharpe: 2.03
  [ 82%] 825/1000 trials — best sharpe: 2.03
  [ 85%] 850/1000 trials — best sharpe: 2.03
  [ 87%] 875/1000 trials — best sharpe: 2.03
  [ 90%] 900/1000 trials — best sharpe: 2.03
  [ 92%] 925/1000 trials — best sharpe: 2.03
  [ 95%] 950/1000 trials — best sharpe: 2.03
  [ 97%] 975/1000 trials — best sharpe: 2.03
  [100%] 1000/1000 trials — best sharpe: 2.03
Optimization complete — best sharpe: 2.03
max_position_pct (0.66) is above 5x equal weight (0.09) — provides little concentration protection
  Max drawdown: 18.83% | Sharpe: 2.03 | Win rate: 53.60%
restart 4/4 (as of 2021-03-12)
Optimizing 2 strategies over 2015-07-28 to 2021-03-11
  objective: sharpe | train window: 2015-07-28 → 2021-03-11
  1000 trials across 5 workers
  [  2%] 25/1000 trials — best sharpe: 1.82
  [  5%] 50/1000 trials — best sharpe: 1.82
  [  7%] 75/1000 trials — best sharpe: 1.82
  [ 10%] 100/1000 trials — best sharpe: 1.82
  [ 12%] 125/1000 trials — best sharpe: 1.82
  [ 15%] 150/1000 trials — best sharpe: 1.82
  [ 17%] 175/1000 trials — best sharpe: 1.82
  [ 20%] 200/1000 trials — best sharpe: 1.82
  [ 22%] 225/1000 trials — best sharpe: 1.82
  [ 25%] 250/1000 trials — best sharpe: 1.85
  [ 27%] 275/1000 trials — best sharpe: 1.85
  [ 30%] 300/1000 trials — best sharpe: 1.85
  [ 32%] 325/1000 trials — best sharpe: 1.85
  [ 35%] 350/1000 trials — best sharpe: 1.85
  [ 37%] 375/1000 trials — best sharpe: 1.85
  [ 40%] 400/1000 trials — best sharpe: 1.85
  [ 42%] 425/1000 trials — best sharpe: 1.85
  [ 45%] 450/1000 trials — best sharpe: 1.85
  [ 47%] 475/1000 trials — best sharpe: 1.85
  [ 50%] 500/1000 trials — best sharpe: 1.85
  [ 52%] 525/1000 trials — best sharpe: 1.91
  [ 55%] 550/1000 trials — best sharpe: 1.91
  [ 57%] 575/1000 trials — best sharpe: 1.91
  [ 60%] 600/1000 trials — best sharpe: 1.91
  [ 62%] 625/1000 trials — best sharpe: 1.91
  [ 65%] 650/1000 trials — best sharpe: 1.91
  [ 67%] 675/1000 trials — best sharpe: 1.93
  [ 70%] 700/1000 trials — best sharpe: 1.93
  [ 72%] 725/1000 trials — best sharpe: 1.93
  [ 75%] 750/1000 trials — best sharpe: 1.93
  [ 77%] 775/1000 trials — best sharpe: 1.93
  [ 80%] 800/1000 trials — best sharpe: 1.93
  [ 82%] 825/1000 trials — best sharpe: 1.93
  [ 85%] 850/1000 trials — best sharpe: 1.93
  [ 87%] 875/1000 trials — best sharpe: 1.93
  [ 90%] 900/1000 trials — best sharpe: 1.93
  [ 92%] 925/1000 trials — best sharpe: 2.01
  [ 95%] 950/1000 trials — best sharpe: 2.01
  [ 97%] 975/1000 trials — best sharpe: 2.01
  [100%] 1000/1000 trials — best sharpe: 2.01
Optimization complete — best sharpe: 2.01
max_position_pct (0.66) is above 5x equal weight (0.09) — provides little concentration protection
  Max drawdown: 16.30% | Sharpe: 2.01 | Win rate: 60.00%
max_position_pct (0.66) is above 5x equal weight (0.09) — provides little concentration protection
max_position_pct (0.66) is above 5x equal weight (0.09) — provides little concentration protection
max_position_pct (0.66) is above 5x equal weight (0.09) — provides little concentration protection
max_position_pct (0.66) is above 5x equal weight (0.09) — provides little concentration protection
max_position_pct (0.66) is above 5x equal weight (0.09) — provides little concentration protection
max_position_pct (0.66) is above 5x equal weight (0.09) — provides little concentration protection
max_position_pct (0.66) is above 5x equal weight (0.09) — provides little concentration protection
max_position_pct (0.66) is above 5x equal weight (0.09) — provides little concentration protection
max_position_pct (0.66) is above 5x equal weight (0.09) — provides little concentration protection
max_position_pct (0.66) is above 5x equal weight (0.09) — provides little concentration protection
max_position_pct (0.66) is above 5x equal weight (0.09) — provides little concentration protection
max_position_pct (0.66) is above 5x equal weight (0.09) — provides little concentration protection
max_position_pct (0.66) is above 5x equal weight (0.09) — provides little concentration protection
max_position_pct (0.66) is above 5x equal weight (0.09) — provides little concentration protection
max_position_pct (0.66) is above 5x equal weight (0.09) — provides little concentration protection
max_position_pct (0.66) is above 5x equal weight (0.09) — provides little concentration protection
max_position_pct (0.66) is above 5x equal weight (0.09) — provides little concentration protection
max_position_pct (0.66) is above 5x equal weight (0.09) — provides little concentration protection
max_position_pct (0.66) is above 5x equal weight (0.09) — provides little concentration protection
max_position_pct (0.66) is above 5x equal weight (0.09) — provides little concentration protection
max_position_pct (0.66) is above 5x equal weight (0.09) — provides little concentration protection
max_position_pct (0.66) is above 5x equal weight (0.09) — provides little concentration protection
max_position_pct (0.66) is above 5x equal weight (0.09) — provides little concentration protection
max_position_pct (0.66) is above 5x equal weight (0.09) — provides little concentration protection
max_position_pct (0.66) is above 5x equal weight (0.09) — provides little concentration protection
max_position_pct (0.66) is above 5x equal weight (0.09) — provides little concentration protection
max_position_pct (0.66) is above 5x equal weight (0.09) — provides little concentration protection
max_position_pct (0.66) is above 5x equal weight (0.09) — provides little concentration protection
max_position_pct (0.66) is above 5x equal weight (0.09) — provides little concentration protection
max_position_pct (0.66) is above 5x equal weight (0.09) — provides little concentration protection
max_position_pct (0.66) is above 5x equal weight (0.09) — provides little concentration protection
max_position_pct (0.66) is above 5x equal weight (0.09) — provides little concentration protection
max_position_pct (0.66) is above 5x equal weight (0.09) — provides little concentration protection
max_position_pct (0.66) is above 5x equal weight (0.09) — provides little concentration protection
max_position_pct (0.66) is above 5x equal weight (0.09) — provides little concentration protection
max_position_pct (0.66) is above 5x equal weight (0.09) — provides little concentration protection
max_position_pct (0.66) is above 5x equal weight (0.09) — provides little concentration protection
max_position_pct (0.66) is above 5x equal weight (0.09) — provides little concentration protection
max_position_pct (0.66) is above 5x equal weight (0.09) — provides little concentration protection
max_position_pct (0.66) is above 5x equal weight (0.09) — provides little concentration protection
max_position_pct (0.66) is above 5x equal weight (0.09) — provides little concentration protection
max_position_pct (0.66) is above 5x equal weight (0.09) — provides little concentration protection
max_position_pct (0.66) is above 5x equal weight (0.09) — provides little concentration protection
max_position_pct (0.66) is above 5x equal weight (0.09) — provides little concentration protection
max_position_pct (0.66) is above 5x equal weight (0.09) — provides little concentration protection
max_position_pct (0.66) is above 5x equal weight (0.09) — provides little concentration protection
max_position_pct (0.66) is above 5x equal weight (0.09) — provides little concentration protection
max_position_pct (0.66) is above 5x equal weight (0.09) — provides little concentration protection
max_position_pct (0.66) is above 5x equal weight (0.09) — provides little concentration protection
max_position_pct (0.66) is above 5x equal weight (0.09) — provides little concentration protection
max_position_pct (0.66) is above 5x equal weight (0.09) — provides little concentration protection
max_position_pct (0.66) is above 5x equal weight (0.09) — provides little concentration protection
max_position_pct (0.66) is above 5x equal weight (0.09) — provides little concentration protection
max_position_pct (0.66) is above 5x equal weight (0.09) — provides little concentration protection
max_position_pct (0.66) is above 5x equal weight (0.09) — provides little concentration protection
max_position_pct (0.66) is above 5x equal weight (0.09) — provides little concentration protection
max_position_pct (0.66) is above 5x equal weight (0.09) — provides little concentration protection
max_position_pct (0.66) is above 5x equal weight (0.09) — provides little concentration protection
max_position_pct (0.66) is above 5x equal weight (0.09) — provides little concentration protection
max_position_pct (0.66) is above 5x equal weight (0.09) — provides little concentration protection
max_position_pct (0.66) is above 5x equal weight (0.09) — provides little concentration protection
max_position_pct (0.66) is above 5x equal weight (0.09) — provides little concentration protection
max_position_pct (0.66) is above 5x equal weight (0.09) — provides little concentration protection
max_position_pct (0.66) is above 5x equal weight (0.09) — provides little concentration protection
max_position_pct (0.66) is above 5x equal weight (0.09) — provides little concentration protection
max_position_pct (0.66) is above 5x equal weight (0.09) — provides little concentration protection
max_position_pct (0.66) is above 5x equal weight (0.09) — provides little concentration protection
max_position_pct (0.66) is above 5x equal weight (0.09) — provides little concentration protection
max_position_pct (0.66) is above 5x equal weight (0.09) — provides little concentration protection
max_position_pct (0.66) is above 5x equal weight (0.09) — provides little concentration protection
max_position_pct (0.66) is above 5x equal weight (0.09) — provides little concentration protection
max_position_pct (0.66) is above 5x equal weight (0.09) — provides little concentration protection
max_position_pct (0.66) is above 5x equal weight (0.09) — provides little concentration protection
max_position_pct (0.66) is above 5x equal weight (0.09) — provides little concentration protection
max_position_pct (0.66) is above 5x equal weight (0.09) — provides little concentration protection
max_position_pct (0.66) is above 5x equal weight (0.09) — provides little concentration protection
max_position_pct (0.66) is above 5x equal weight (0.09) — provides little concentration protection
max_position_pct (0.66) is above 5x equal weight (0.09) — provides little concentration protection
max_position_pct (0.66) is above 5x equal weight (0.09) — provides little concentration protection
max_position_pct (0.66) is above 5x equal weight (0.09) — provides little concentration protection
ensemble under-filled: 11 distinct member(s) survived dedupe (policy asks for 
20) — the deployment is less diversified than configured
max_position_pct (0.66) is above 5x equal weight (0.09) — provides little concentration protection
Fold 2/13: test 2021-06-11 → 2021-09-09
max_position_pct (0.66) is above 5x equal weight (0.09) — provides little concentration protection
Fold 3/13: test 2021-09-10 → 2021-12-08
max_position_pct (0.66) is above 5x equal weight (0.09) — provides little concentration protection
Fold 4/13: test 2021-12-09 → 2022-03-10
max_position_pct (0.66) is above 5x equal weight (0.09) — provides little concentration protection
Fold 5/13: test 2022-03-11 → 2022-06-09
max_position_pct (0.66) is above 5x equal weight (0.09) — provides little concentration protection
Fold 6/13: test 2022-06-10 → 2022-09-09
max_position_pct (0.66) is above 5x equal weight (0.09) — provides little concentration protection
Fold 7/13: test 2022-09-12 → 2022-12-08
max_position_pct (0.66) is above 5x equal weight (0.09) — provides little concentration protection
Fold 8/13: test 2022-12-09 → 2023-03-13
max_position_pct (0.66) is above 5x equal weight (0.09) — provides little concentration protection
Fold 9/13: test 2023-03-14 → 2023-06-12
max_position_pct (0.66) is above 5x equal weight (0.09) — provides little concentration protection
Fold 10/13: test 2023-06-13 → 2023-09-12
max_position_pct (0.66) is above 5x equal weight (0.09) — provides little concentration protection
Fold 11/13: test 2023-09-13 → 2023-12-11
max_position_pct (0.66) is above 5x equal weight (0.09) — provides little concentration protection
Fold 12/13: test 2023-12-12 → 2024-03-13
max_position_pct (0.66) is above 5x equal weight (0.09) — provides little concentration protection
Fold 13/13: test 2024-03-14 → 2024-08-27
max_position_pct (0.66) is above 5x equal weight (0.09) — provides little concentration protection
cell 28/32 done in 4m (elapsed 126m; ~18m remaining at the mean cell pace — 
frozen cells run far faster than re-fit cells)
sweep: ensemble on stonks, seed base 54 [cell 29/32]
Fold 1/13: test 2021-03-12 → 2021-06-10
restart 1/4 (as of 2021-03-12)
Optimizing 2 strategies over 2015-07-28 to 2021-03-11
  objective: sharpe | train window: 2015-07-28 → 2021-03-11
  1000 trials across 5 workers
  [  2%] 25/1000 trials — best sharpe: 1.53
  [  5%] 50/1000 trials — best sharpe: 1.69
  [  7%] 75/1000 trials — best sharpe: 1.77
  [ 10%] 100/1000 trials — best sharpe: 1.77
  [ 12%] 125/1000 trials — best sharpe: 1.77
  [ 15%] 150/1000 trials — best sharpe: 1.77
  [ 17%] 175/1000 trials — best sharpe: 1.77
  [ 20%] 200/1000 trials — best sharpe: 1.77
  [ 22%] 225/1000 trials — best sharpe: 1.77
  [ 25%] 250/1000 trials — best sharpe: 1.77
  [ 27%] 275/1000 trials — best sharpe: 1.93
  [ 30%] 300/1000 trials — best sharpe: 1.93
  [ 32%] 325/1000 trials — best sharpe: 1.93
  [ 35%] 350/1000 trials — best sharpe: 1.93
  [ 37%] 375/1000 trials — best sharpe: 1.93
  [ 40%] 400/1000 trials — best sharpe: 1.93
  [ 42%] 425/1000 trials — best sharpe: 1.93
  [ 45%] 450/1000 trials — best sharpe: 1.93
  [ 47%] 475/1000 trials — best sharpe: 1.93
  [ 50%] 500/1000 trials — best sharpe: 1.93
  [ 52%] 525/1000 trials — best sharpe: 1.93
  [ 55%] 550/1000 trials — best sharpe: 1.93
  [ 57%] 575/1000 trials — best sharpe: 1.93
  [ 60%] 600/1000 trials — best sharpe: 1.93
  [ 62%] 625/1000 trials — best sharpe: 1.93
  [ 65%] 650/1000 trials — best sharpe: 1.93
  [ 67%] 675/1000 trials — best sharpe: 1.93
  [ 70%] 700/1000 trials — best sharpe: 1.93
  [ 72%] 725/1000 trials — best sharpe: 1.93
  [ 75%] 750/1000 trials — best sharpe: 1.93
  [ 77%] 775/1000 trials — best sharpe: 1.93
  [ 80%] 800/1000 trials — best sharpe: 1.93
  [ 82%] 825/1000 trials — best sharpe: 1.93
  [ 85%] 850/1000 trials — best sharpe: 1.93
  [ 87%] 875/1000 trials — best sharpe: 1.93
  [ 90%] 900/1000 trials — best sharpe: 1.93
  [ 92%] 925/1000 trials — best sharpe: 1.93
  [ 95%] 950/1000 trials — best sharpe: 1.93
  [ 97%] 975/1000 trials — best sharpe: 1.93
  [100%] 1000/1000 trials — best sharpe: 1.93
Optimization complete — best sharpe: 1.93
max_position_pct (0.66) is above 5x equal weight (0.09) — provides little concentration protection
  Max drawdown: 18.45% | Sharpe: 1.93 | Win rate: 53.08%
restart 2/4 (as of 2021-03-12)
Optimizing 2 strategies over 2015-07-28 to 2021-03-11
  objective: sharpe | train window: 2015-07-28 → 2021-03-11
  1000 trials across 5 workers
  [  2%] 25/1000 trials — best sharpe: 1.80
  [  5%] 50/1000 trials — best sharpe: 1.80
  [  7%] 75/1000 trials — best sharpe: 1.80
  [ 10%] 100/1000 trials — best sharpe: 1.80
  [ 12%] 125/1000 trials — best sharpe: 1.80
  [ 15%] 150/1000 trials — best sharpe: 1.81
  [ 17%] 175/1000 trials — best sharpe: 1.81
  [ 20%] 200/1000 trials — best sharpe: 1.81
  [ 22%] 225/1000 trials — best sharpe: 1.81
  [ 25%] 250/1000 trials — best sharpe: 1.81
  [ 27%] 275/1000 trials — best sharpe: 1.81
  [ 30%] 300/1000 trials — best sharpe: 1.86
  [ 32%] 325/1000 trials — best sharpe: 1.86
  [ 35%] 350/1000 trials — best sharpe: 1.86
  [ 37%] 375/1000 trials — best sharpe: 1.86
  [ 40%] 400/1000 trials — best sharpe: 1.86
  [ 42%] 425/1000 trials — best sharpe: 1.86
  [ 45%] 450/1000 trials — best sharpe: 1.86
  [ 47%] 475/1000 trials — best sharpe: 1.86
  [ 50%] 500/1000 trials — best sharpe: 1.86
  [ 52%] 525/1000 trials — best sharpe: 1.86
  [ 55%] 550/1000 trials — best sharpe: 1.86
  [ 57%] 575/1000 trials — best sharpe: 1.86
  [ 60%] 600/1000 trials — best sharpe: 1.86
  [ 62%] 625/1000 trials — best sharpe: 1.86
  [ 65%] 650/1000 trials — best sharpe: 1.86
  [ 67%] 675/1000 trials — best sharpe: 1.89
  [ 70%] 700/1000 trials — best sharpe: 1.89
  [ 72%] 725/1000 trials — best sharpe: 1.89
  [ 75%] 750/1000 trials — best sharpe: 1.89
  [ 77%] 775/1000 trials — best sharpe: 1.89
  [ 80%] 800/1000 trials — best sharpe: 1.89
  [ 82%] 825/1000 trials — best sharpe: 1.89
  [ 85%] 850/1000 trials — best sharpe: 1.89
  [ 87%] 875/1000 trials — best sharpe: 1.89
  [ 90%] 900/1000 trials — best sharpe: 1.89
  [ 92%] 925/1000 trials — best sharpe: 1.89
  [ 95%] 950/1000 trials — best sharpe: 1.89
  [ 97%] 975/1000 trials — best sharpe: 1.89
  [100%] 1000/1000 trials — best sharpe: 1.89
Optimization complete — best sharpe: 1.89
max_position_pct (0.66) is above 5x equal weight (0.09) — provides little concentration protection
  Max drawdown: 24.97% | Sharpe: 1.89 | Win rate: 49.12%
restart 3/4 (as of 2021-03-12)
Optimizing 2 strategies over 2015-07-28 to 2021-03-11
  objective: sharpe | train window: 2015-07-28 → 2021-03-11
  1000 trials across 5 workers
  [  2%] 25/1000 trials — best sharpe: 1.65
  [  5%] 50/1000 trials — best sharpe: 1.65
  [  7%] 75/1000 trials — best sharpe: 1.65
  [ 10%] 100/1000 trials — best sharpe: 1.65
  [ 12%] 125/1000 trials — best sharpe: 1.65
  [ 15%] 150/1000 trials — best sharpe: 1.65
  [ 17%] 175/1000 trials — best sharpe: 1.76
  [ 20%] 200/1000 trials — best sharpe: 1.76
  [ 22%] 225/1000 trials — best sharpe: 1.76
  [ 25%] 250/1000 trials — best sharpe: 1.76
  [ 27%] 275/1000 trials — best sharpe: 1.76
  [ 30%] 300/1000 trials — best sharpe: 1.76
  [ 32%] 325/1000 trials — best sharpe: 1.76
  [ 35%] 350/1000 trials — best sharpe: 1.76
  [ 37%] 375/1000 trials — best sharpe: 1.76
  [ 40%] 400/1000 trials — best sharpe: 1.76
  [ 42%] 425/1000 trials — best sharpe: 1.76
  [ 45%] 450/1000 trials — best sharpe: 1.79
  [ 47%] 475/1000 trials — best sharpe: 1.79
  [ 50%] 500/1000 trials — best sharpe: 1.79
  [ 52%] 525/1000 trials — best sharpe: 1.79
  [ 55%] 550/1000 trials — best sharpe: 1.79
  [ 57%] 575/1000 trials — best sharpe: 1.79
  [ 60%] 600/1000 trials — best sharpe: 1.79
  [ 62%] 625/1000 trials — best sharpe: 1.79
  [ 65%] 650/1000 trials — best sharpe: 1.79
  [ 67%] 675/1000 trials — best sharpe: 1.79
  [ 70%] 700/1000 trials — best sharpe: 1.79
  [ 72%] 725/1000 trials — best sharpe: 1.79
  [ 75%] 750/1000 trials — best sharpe: 1.79
  [ 77%] 775/1000 trials — best sharpe: 1.79
  [ 80%] 800/1000 trials — best sharpe: 1.79
  [ 82%] 825/1000 trials — best sharpe: 1.79
  [ 85%] 850/1000 trials — best sharpe: 1.79
  [ 87%] 875/1000 trials — best sharpe: 1.79
  [ 90%] 900/1000 trials — best sharpe: 1.79
  [ 92%] 925/1000 trials — best sharpe: 1.79
  [ 95%] 950/1000 trials — best sharpe: 1.79
  [ 97%] 975/1000 trials — best sharpe: 1.79
  [100%] 1000/1000 trials — best sharpe: 1.79
Optimization complete — best sharpe: 1.79
max_position_pct (0.66) is above 5x equal weight (0.09) — provides little concentration protection
  Max drawdown: 30.84% | Sharpe: 1.79 | Win rate: 51.67%
restart 4/4 (as of 2021-03-12)
Optimizing 2 strategies over 2015-07-28 to 2021-03-11
  objective: sharpe | train window: 2015-07-28 → 2021-03-11
  1000 trials across 5 workers
  [  2%] 25/1000 trials — best sharpe: 1.58
  [  5%] 50/1000 trials — best sharpe: 1.58
  [  7%] 75/1000 trials — best sharpe: 1.58
  [ 10%] 100/1000 trials — best sharpe: 1.58
  [ 12%] 125/1000 trials — best sharpe: 1.58
  [ 15%] 150/1000 trials — best sharpe: 1.70
  [ 17%] 175/1000 trials — best sharpe: 1.70
  [ 20%] 200/1000 trials — best sharpe: 1.76
  [ 22%] 225/1000 trials — best sharpe: 1.76
  [ 25%] 250/1000 trials — best sharpe: 1.76
  [ 27%] 275/1000 trials — best sharpe: 1.76
  [ 30%] 300/1000 trials — best sharpe: 1.81
  [ 32%] 325/1000 trials — best sharpe: 1.81
  [ 35%] 350/1000 trials — best sharpe: 1.81
  [ 37%] 375/1000 trials — best sharpe: 1.81
  [ 40%] 400/1000 trials — best sharpe: 1.81
  [ 42%] 425/1000 trials — best sharpe: 1.81
  [ 45%] 450/1000 trials — best sharpe: 1.81
  [ 47%] 475/1000 trials — best sharpe: 1.81
  [ 50%] 500/1000 trials — best sharpe: 1.81
  [ 52%] 525/1000 trials — best sharpe: 1.81
  [ 55%] 550/1000 trials — best sharpe: 1.81
  [ 57%] 575/1000 trials — best sharpe: 1.81
  [ 60%] 600/1000 trials — best sharpe: 1.81
  [ 62%] 625/1000 trials — best sharpe: 1.81
  [ 65%] 650/1000 trials — best sharpe: 1.81
  [ 67%] 675/1000 trials — best sharpe: 1.86
  [ 70%] 700/1000 trials — best sharpe: 1.86
  [ 72%] 725/1000 trials — best sharpe: 1.86
  [ 75%] 750/1000 trials — best sharpe: 1.86
  [ 77%] 775/1000 trials — best sharpe: 1.86
  [ 80%] 800/1000 trials — best sharpe: 1.86
  [ 82%] 825/1000 trials — best sharpe: 1.91
  [ 85%] 850/1000 trials — best sharpe: 1.91
  [ 87%] 875/1000 trials — best sharpe: 1.91
  [ 90%] 900/1000 trials — best sharpe: 1.91
  [ 92%] 925/1000 trials — best sharpe: 1.91
  [ 95%] 950/1000 trials — best sharpe: 1.91
  [ 97%] 975/1000 trials — best sharpe: 1.91
  [100%] 1000/1000 trials — best sharpe: 1.91
Optimization complete — best sharpe: 1.91
max_position_pct (0.66) is above 5x equal weight (0.09) — provides little concentration protection
  Max drawdown: 24.04% | Sharpe: 1.91 | Win rate: 52.38%
max_position_pct (0.66) is above 5x equal weight (0.09) — provides little concentration protection
max_position_pct (0.66) is above 5x equal weight (0.09) — provides little concentration protection
max_position_pct (0.66) is above 5x equal weight (0.09) — provides little concentration protection
max_position_pct (0.66) is above 5x equal weight (0.09) — provides little concentration protection
max_position_pct (0.66) is above 5x equal weight (0.09) — provides little concentration protection
max_position_pct (0.66) is above 5x equal weight (0.09) — provides little concentration protection
max_position_pct (0.66) is above 5x equal weight (0.09) — provides little concentration protection
max_position_pct (0.66) is above 5x equal weight (0.09) — provides little concentration protection
max_position_pct (0.66) is above 5x equal weight (0.09) — provides little concentration protection
max_position_pct (0.66) is above 5x equal weight (0.09) — provides little concentration protection
max_position_pct (0.66) is above 5x equal weight (0.09) — provides little concentration protection
max_position_pct (0.66) is above 5x equal weight (0.09) — provides little concentration protection
max_position_pct (0.66) is above 5x equal weight (0.09) — provides little concentration protection
max_position_pct (0.66) is above 5x equal weight (0.09) — provides little concentration protection
max_position_pct (0.66) is above 5x equal weight (0.09) — provides little concentration protection
max_position_pct (0.66) is above 5x equal weight (0.09) — provides little concentration protection
max_position_pct (0.66) is above 5x equal weight (0.09) — provides little concentration protection
max_position_pct (0.66) is above 5x equal weight (0.09) — provides little concentration protection
max_position_pct (0.66) is above 5x equal weight (0.09) — provides little concentration protection
max_position_pct (0.66) is above 5x equal weight (0.09) — provides little concentration protection
max_position_pct (0.66) is above 5x equal weight (0.09) — provides little concentration protection
max_position_pct (0.66) is above 5x equal weight (0.09) — provides little concentration protection
max_position_pct (0.66) is above 5x equal weight (0.09) — provides little concentration protection
max_position_pct (0.66) is above 5x equal weight (0.09) — provides little concentration protection
max_position_pct (0.66) is above 5x equal weight (0.09) — provides little concentration protection
max_position_pct (0.66) is above 5x equal weight (0.09) — provides little concentration protection
max_position_pct (0.66) is above 5x equal weight (0.09) — provides little concentration protection
max_position_pct (0.66) is above 5x equal weight (0.09) — provides little concentration protection
max_position_pct (0.66) is above 5x equal weight (0.09) — provides little concentration protection
max_position_pct (0.66) is above 5x equal weight (0.09) — provides little concentration protection
max_position_pct (0.66) is above 5x equal weight (0.09) — provides little concentration protection
max_position_pct (0.66) is above 5x equal weight (0.09) — provides little concentration protection
max_position_pct (0.66) is above 5x equal weight (0.09) — provides little concentration protection
max_position_pct (0.66) is above 5x equal weight (0.09) — provides little concentration protection
max_position_pct (0.66) is above 5x equal weight (0.09) — provides little concentration protection
max_position_pct (0.66) is above 5x equal weight (0.09) — provides little concentration protection
max_position_pct (0.66) is above 5x equal weight (0.09) — provides little concentration protection
max_position_pct (0.66) is above 5x equal weight (0.09) — provides little concentration protection
max_position_pct (0.66) is above 5x equal weight (0.09) — provides little concentration protection
max_position_pct (0.66) is above 5x equal weight (0.09) — provides little concentration protection
max_position_pct (0.66) is above 5x equal weight (0.09) — provides little concentration protection
max_position_pct (0.66) is above 5x equal weight (0.09) — provides little concentration protection
max_position_pct (0.66) is above 5x equal weight (0.09) — provides little concentration protection
max_position_pct (0.66) is above 5x equal weight (0.09) — provides little concentration protection
max_position_pct (0.66) is above 5x equal weight (0.09) — provides little concentration protection
max_position_pct (0.66) is above 5x equal weight (0.09) — provides little concentration protection
max_position_pct (0.66) is above 5x equal weight (0.09) — provides little concentration protection
max_position_pct (0.66) is above 5x equal weight (0.09) — provides little concentration protection
max_position_pct (0.66) is above 5x equal weight (0.09) — provides little concentration protection
max_position_pct (0.66) is above 5x equal weight (0.09) — provides little concentration protection
max_position_pct (0.66) is above 5x equal weight (0.09) — provides little concentration protection
max_position_pct (0.66) is above 5x equal weight (0.09) — provides little concentration protection
max_position_pct (0.66) is above 5x equal weight (0.09) — provides little concentration protection
max_position_pct (0.66) is above 5x equal weight (0.09) — provides little concentration protection
max_position_pct (0.66) is above 5x equal weight (0.09) — provides little concentration protection
max_position_pct (0.66) is above 5x equal weight (0.09) — provides little concentration protection
max_position_pct (0.66) is above 5x equal weight (0.09) — provides little concentration protection
max_position_pct (0.66) is above 5x equal weight (0.09) — provides little concentration protection
max_position_pct (0.66) is above 5x equal weight (0.09) — provides little concentration protection
max_position_pct (0.66) is above 5x equal weight (0.09) — provides little concentration protection
max_position_pct (0.66) is above 5x equal weight (0.09) — provides little concentration protection
max_position_pct (0.66) is above 5x equal weight (0.09) — provides little concentration protection
max_position_pct (0.66) is above 5x equal weight (0.09) — provides little concentration protection
max_position_pct (0.66) is above 5x equal weight (0.09) — provides little concentration protection
max_position_pct (0.66) is above 5x equal weight (0.09) — provides little concentration protection
max_position_pct (0.66) is above 5x equal weight (0.09) — provides little concentration protection
max_position_pct (0.66) is above 5x equal weight (0.09) — provides little concentration protection
max_position_pct (0.66) is above 5x equal weight (0.09) — provides little concentration protection
max_position_pct (0.66) is above 5x equal weight (0.09) — provides little concentration protection
max_position_pct (0.66) is above 5x equal weight (0.09) — provides little concentration protection
ensemble under-filled: 11 distinct member(s) survived dedupe (policy asks for 
20) — the deployment is less diversified than configured
max_position_pct (0.66) is above 5x equal weight (0.09) — provides little concentration protection
Fold 2/13: test 2021-06-11 → 2021-09-09
max_position_pct (0.66) is above 5x equal weight (0.09) — provides little concentration protection
Fold 3/13: test 2021-09-10 → 2021-12-08
max_position_pct (0.66) is above 5x equal weight (0.09) — provides little concentration protection
Fold 4/13: test 2021-12-09 → 2022-03-10
max_position_pct (0.66) is above 5x equal weight (0.09) — provides little concentration protection
Fold 5/13: test 2022-03-11 → 2022-06-09
max_position_pct (0.66) is above 5x equal weight (0.09) — provides little concentration protection
Fold 6/13: test 2022-06-10 → 2022-09-09
max_position_pct (0.66) is above 5x equal weight (0.09) — provides little concentration protection
Fold 7/13: test 2022-09-12 → 2022-12-08
max_position_pct (0.66) is above 5x equal weight (0.09) — provides little concentration protection
Fold 8/13: test 2022-12-09 → 2023-03-13
max_position_pct (0.66) is above 5x equal weight (0.09) — provides little concentration protection
Fold 9/13: test 2023-03-14 → 2023-06-12
max_position_pct (0.66) is above 5x equal weight (0.09) — provides little concentration protection
Fold 10/13: test 2023-06-13 → 2023-09-12
max_position_pct (0.66) is above 5x equal weight (0.09) — provides little concentration protection
Fold 11/13: test 2023-09-13 → 2023-12-11
max_position_pct (0.66) is above 5x equal weight (0.09) — provides little concentration protection
Fold 12/13: test 2023-12-12 → 2024-03-13
max_position_pct (0.66) is above 5x equal weight (0.09) — provides little concentration protection
Fold 13/13: test 2024-03-14 → 2024-08-27
max_position_pct (0.66) is above 5x equal weight (0.09) — provides little concentration protection
cell 29/32 done in 4m (elapsed 130m; ~13m remaining at the mean cell pace — 
frozen cells run far faster than re-fit cells)
sweep: ensemble on stonks, seed base 55 [cell 30/32]
Fold 1/13: test 2021-03-12 → 2021-06-10
restart 1/4 (as of 2021-03-12)
Optimizing 2 strategies over 2015-07-28 to 2021-03-11
  objective: sharpe | train window: 2015-07-28 → 2021-03-11
  1000 trials across 5 workers
  [  2%] 25/1000 trials — best sharpe: 1.77
  [  5%] 50/1000 trials — best sharpe: 1.77
  [  7%] 75/1000 trials — best sharpe: 1.77
  [ 10%] 100/1000 trials — best sharpe: 1.77
  [ 12%] 125/1000 trials — best sharpe: 1.79
  [ 15%] 150/1000 trials — best sharpe: 1.79
  [ 17%] 175/1000 trials — best sharpe: 1.79
  [ 20%] 200/1000 trials — best sharpe: 1.79
  [ 22%] 225/1000 trials — best sharpe: 1.79
  [ 25%] 250/1000 trials — best sharpe: 1.79
  [ 27%] 275/1000 trials — best sharpe: 1.79
  [ 30%] 300/1000 trials — best sharpe: 1.79
  [ 32%] 325/1000 trials — best sharpe: 1.79
  [ 35%] 350/1000 trials — best sharpe: 1.79
  [ 37%] 375/1000 trials — best sharpe: 1.79
  [ 40%] 400/1000 trials — best sharpe: 1.83
  [ 42%] 425/1000 trials — best sharpe: 1.83
  [ 45%] 450/1000 trials — best sharpe: 1.83
  [ 47%] 475/1000 trials — best sharpe: 1.83
  [ 50%] 500/1000 trials — best sharpe: 1.83
  [ 52%] 525/1000 trials — best sharpe: 1.84
  [ 55%] 550/1000 trials — best sharpe: 1.86
  [ 57%] 575/1000 trials — best sharpe: 1.86
  [ 60%] 600/1000 trials — best sharpe: 1.86
  [ 62%] 625/1000 trials — best sharpe: 1.86
  [ 65%] 650/1000 trials — best sharpe: 1.86
  [ 67%] 675/1000 trials — best sharpe: 1.86
  [ 70%] 700/1000 trials — best sharpe: 1.86
  [ 72%] 725/1000 trials — best sharpe: 1.86
  [ 75%] 750/1000 trials — best sharpe: 1.86
  [ 77%] 775/1000 trials — best sharpe: 1.86
  [ 80%] 800/1000 trials — best sharpe: 1.86
  [ 82%] 825/1000 trials — best sharpe: 1.86
  [ 85%] 850/1000 trials — best sharpe: 1.86
  [ 87%] 875/1000 trials — best sharpe: 1.86
  [ 90%] 900/1000 trials — best sharpe: 1.86
  [ 92%] 925/1000 trials — best sharpe: 1.86
  [ 95%] 950/1000 trials — best sharpe: 1.86
  [ 97%] 975/1000 trials — best sharpe: 1.86
  [100%] 1000/1000 trials — best sharpe: 1.86
Optimization complete — best sharpe: 1.86
max_position_pct (0.66) is above 5x equal weight (0.09) — provides little concentration protection
  Max drawdown: 26.57% | Sharpe: 1.86 | Win rate: 51.22%
restart 2/4 (as of 2021-03-12)
Optimizing 2 strategies over 2015-07-28 to 2021-03-11
  objective: sharpe | train window: 2015-07-28 → 2021-03-11
  1000 trials across 5 workers
  [  2%] 25/1000 trials — best sharpe: 1.53
  [  5%] 50/1000 trials — best sharpe: 1.69
  [  7%] 75/1000 trials — best sharpe: 1.69
  [ 10%] 100/1000 trials — best sharpe: 1.69
  [ 12%] 125/1000 trials — best sharpe: 1.69
  [ 15%] 150/1000 trials — best sharpe: 1.69
  [ 17%] 175/1000 trials — best sharpe: 1.79
  [ 20%] 200/1000 trials — best sharpe: 1.79
  [ 22%] 225/1000 trials — best sharpe: 1.79
  [ 25%] 250/1000 trials — best sharpe: 1.83
  [ 27%] 275/1000 trials — best sharpe: 1.83
  [ 30%] 300/1000 trials — best sharpe: 1.83
  [ 32%] 325/1000 trials — best sharpe: 1.83
  [ 35%] 350/1000 trials — best sharpe: 1.86
  [ 37%] 375/1000 trials — best sharpe: 1.86
  [ 40%] 400/1000 trials — best sharpe: 1.86
  [ 42%] 425/1000 trials — best sharpe: 1.86
  [ 45%] 450/1000 trials — best sharpe: 1.86
  [ 47%] 475/1000 trials — best sharpe: 1.90
  [ 50%] 500/1000 trials — best sharpe: 1.90
  [ 52%] 525/1000 trials — best sharpe: 1.90
  [ 55%] 550/1000 trials — best sharpe: 1.90
  [ 57%] 575/1000 trials — best sharpe: 1.90
  [ 60%] 600/1000 trials — best sharpe: 1.90
  [ 62%] 625/1000 trials — best sharpe: 1.90
  [ 65%] 650/1000 trials — best sharpe: 1.90
  [ 67%] 675/1000 trials — best sharpe: 1.90
  [ 70%] 700/1000 trials — best sharpe: 1.90
  [ 72%] 725/1000 trials — best sharpe: 1.90
  [ 75%] 750/1000 trials — best sharpe: 1.90
  [ 77%] 775/1000 trials — best sharpe: 1.90
  [ 80%] 800/1000 trials — best sharpe: 1.90
  [ 82%] 825/1000 trials — best sharpe: 1.90
  [ 85%] 850/1000 trials — best sharpe: 1.90
  [ 87%] 875/1000 trials — best sharpe: 1.90
  [ 90%] 900/1000 trials — best sharpe: 1.90
  [ 92%] 925/1000 trials — best sharpe: 1.90
  [ 95%] 950/1000 trials — best sharpe: 1.90
  [ 97%] 975/1000 trials — best sharpe: 1.90
  [100%] 1000/1000 trials — best sharpe: 1.90
Optimization complete — best sharpe: 1.90
max_position_pct (0.66) is above 5x equal weight (0.09) — provides little concentration protection
  Max drawdown: 25.32% | Sharpe: 1.90 | Win rate: 48.36%
restart 3/4 (as of 2021-03-12)
Optimizing 2 strategies over 2015-07-28 to 2021-03-11
  objective: sharpe | train window: 2015-07-28 → 2021-03-11
  1000 trials across 5 workers
  [  2%] 25/1000 trials — best sharpe: 1.72
  [  5%] 50/1000 trials — best sharpe: 1.75
  [  7%] 75/1000 trials — best sharpe: 1.75
  [ 10%] 100/1000 trials — best sharpe: 1.75
  [ 12%] 125/1000 trials — best sharpe: 1.75
  [ 15%] 150/1000 trials — best sharpe: 1.75
  [ 17%] 175/1000 trials — best sharpe: 1.75
  [ 20%] 200/1000 trials — best sharpe: 1.75
  [ 22%] 225/1000 trials — best sharpe: 1.75
  [ 25%] 250/1000 trials — best sharpe: 1.75
  [ 27%] 275/1000 trials — best sharpe: 1.75
  [ 30%] 300/1000 trials — best sharpe: 1.75
  [ 32%] 325/1000 trials — best sharpe: 1.76
  [ 35%] 350/1000 trials — best sharpe: 1.76
  [ 37%] 375/1000 trials — best sharpe: 1.76
  [ 40%] 400/1000 trials — best sharpe: 1.76
  [ 42%] 425/1000 trials — best sharpe: 1.76
  [ 45%] 450/1000 trials — best sharpe: 1.76
  [ 47%] 475/1000 trials — best sharpe: 1.84
  [ 50%] 500/1000 trials — best sharpe: 1.84
  [ 52%] 525/1000 trials — best sharpe: 1.84
  [ 55%] 550/1000 trials — best sharpe: 1.84
  [ 57%] 575/1000 trials — best sharpe: 1.84
  [ 60%] 600/1000 trials — best sharpe: 1.84
  [ 62%] 625/1000 trials — best sharpe: 1.84
  [ 65%] 650/1000 trials — best sharpe: 1.84
  [ 67%] 675/1000 trials — best sharpe: 1.84
  [ 70%] 700/1000 trials — best sharpe: 1.84
  [ 72%] 725/1000 trials — best sharpe: 1.84
  [ 75%] 750/1000 trials — best sharpe: 1.84
  [ 77%] 775/1000 trials — best sharpe: 1.84
  [ 80%] 800/1000 trials — best sharpe: 1.84
  [ 82%] 825/1000 trials — best sharpe: 1.91
  [ 85%] 850/1000 trials — best sharpe: 1.91
  [ 87%] 875/1000 trials — best sharpe: 1.91
  [ 90%] 900/1000 trials — best sharpe: 1.91
  [ 92%] 925/1000 trials — best sharpe: 1.91
  [ 95%] 950/1000 trials — best sharpe: 1.91
  [ 97%] 975/1000 trials — best sharpe: 1.91
  [100%] 1000/1000 trials — best sharpe: 1.91
Optimization complete — best sharpe: 1.91
max_position_pct (0.66) is above 5x equal weight (0.09) — provides little concentration protection
  Max drawdown: 26.54% | Sharpe: 1.91 | Win rate: 45.38%
restart 4/4 (as of 2021-03-12)
Optimizing 2 strategies over 2015-07-28 to 2021-03-11
  objective: sharpe | train window: 2015-07-28 → 2021-03-11
  1000 trials across 5 workers
  [  2%] 25/1000 trials — best sharpe: 1.58
  [  5%] 50/1000 trials — best sharpe: 1.58
  [  7%] 75/1000 trials — best sharpe: 1.77
  [ 10%] 100/1000 trials — best sharpe: 1.77
  [ 12%] 125/1000 trials — best sharpe: 1.77
  [ 15%] 150/1000 trials — best sharpe: 1.77
  [ 17%] 175/1000 trials — best sharpe: 1.79
  [ 20%] 200/1000 trials — best sharpe: 1.79
  [ 22%] 225/1000 trials — best sharpe: 1.79
  [ 25%] 250/1000 trials — best sharpe: 1.79
  [ 27%] 275/1000 trials — best sharpe: 1.79
  [ 30%] 300/1000 trials — best sharpe: 1.81
  [ 32%] 325/1000 trials — best sharpe: 1.81
  [ 35%] 350/1000 trials — best sharpe: 1.81
  [ 37%] 375/1000 trials — best sharpe: 1.81
  [ 40%] 400/1000 trials — best sharpe: 1.81
  [ 42%] 425/1000 trials — best sharpe: 1.81
  [ 45%] 450/1000 trials — best sharpe: 1.83
  [ 47%] 475/1000 trials — best sharpe: 1.83
  [ 50%] 500/1000 trials — best sharpe: 1.83
  [ 52%] 525/1000 trials — best sharpe: 1.83
  [ 55%] 550/1000 trials — best sharpe: 1.83
  [ 57%] 575/1000 trials — best sharpe: 1.83
  [ 60%] 600/1000 trials — best sharpe: 1.83
  [ 62%] 625/1000 trials — best sharpe: 1.83
  [ 65%] 650/1000 trials — best sharpe: 1.83
  [ 67%] 675/1000 trials — best sharpe: 1.83
  [ 70%] 700/1000 trials — best sharpe: 1.91
  [ 72%] 725/1000 trials — best sharpe: 1.91
  [ 75%] 750/1000 trials — best sharpe: 1.91
  [ 77%] 775/1000 trials — best sharpe: 1.91
  [ 80%] 800/1000 trials — best sharpe: 1.91
  [ 82%] 825/1000 trials — best sharpe: 1.91
  [ 85%] 850/1000 trials — best sharpe: 1.91
  [ 87%] 875/1000 trials — best sharpe: 1.91
  [ 90%] 900/1000 trials — best sharpe: 1.91
  [ 92%] 925/1000 trials — best sharpe: 1.91
  [ 95%] 950/1000 trials — best sharpe: 1.91
  [ 97%] 975/1000 trials — best sharpe: 1.91
  [100%] 1000/1000 trials — best sharpe: 1.91
Optimization complete — best sharpe: 1.91
max_position_pct (0.66) is above 5x equal weight (0.09) — provides little concentration protection
  Max drawdown: 23.90% | Sharpe: 1.91 | Win rate: 52.21%
max_position_pct (0.66) is above 5x equal weight (0.09) — provides little concentration protection
max_position_pct (0.66) is above 5x equal weight (0.09) — provides little concentration protection
max_position_pct (0.66) is above 5x equal weight (0.09) — provides little concentration protection
max_position_pct (0.66) is above 5x equal weight (0.09) — provides little concentration protection
max_position_pct (0.66) is above 5x equal weight (0.09) — provides little concentration protection
max_position_pct (0.66) is above 5x equal weight (0.09) — provides little concentration protection
max_position_pct (0.66) is above 5x equal weight (0.09) — provides little concentration protection
max_position_pct (0.66) is above 5x equal weight (0.09) — provides little concentration protection
max_position_pct (0.66) is above 5x equal weight (0.09) — provides little concentration protection
max_position_pct (0.66) is above 5x equal weight (0.09) — provides little concentration protection
max_position_pct (0.66) is above 5x equal weight (0.09) — provides little concentration protection
max_position_pct (0.66) is above 5x equal weight (0.09) — provides little concentration protection
max_position_pct (0.66) is above 5x equal weight (0.09) — provides little concentration protection
max_position_pct (0.66) is above 5x equal weight (0.09) — provides little concentration protection
max_position_pct (0.66) is above 5x equal weight (0.09) — provides little concentration protection
max_position_pct (0.66) is above 5x equal weight (0.09) — provides little concentration protection
max_position_pct (0.66) is above 5x equal weight (0.09) — provides little concentration protection
max_position_pct (0.66) is above 5x equal weight (0.09) — provides little concentration protection
max_position_pct (0.66) is above 5x equal weight (0.09) — provides little concentration protection
max_position_pct (0.66) is above 5x equal weight (0.09) — provides little concentration protection
max_position_pct (0.66) is above 5x equal weight (0.09) — provides little concentration protection
max_position_pct (0.66) is above 5x equal weight (0.09) — provides little concentration protection
max_position_pct (0.66) is above 5x equal weight (0.09) — provides little concentration protection
max_position_pct (0.66) is above 5x equal weight (0.09) — provides little concentration protection
max_position_pct (0.66) is above 5x equal weight (0.09) — provides little concentration protection
max_position_pct (0.66) is above 5x equal weight (0.09) — provides little concentration protection
max_position_pct (0.66) is above 5x equal weight (0.09) — provides little concentration protection
max_position_pct (0.66) is above 5x equal weight (0.09) — provides little concentration protection
max_position_pct (0.66) is above 5x equal weight (0.09) — provides little concentration protection
max_position_pct (0.66) is above 5x equal weight (0.09) — provides little concentration protection
max_position_pct (0.66) is above 5x equal weight (0.09) — provides little concentration protection
max_position_pct (0.66) is above 5x equal weight (0.09) — provides little concentration protection
max_position_pct (0.66) is above 5x equal weight (0.09) — provides little concentration protection
max_position_pct (0.66) is above 5x equal weight (0.09) — provides little concentration protection
max_position_pct (0.66) is above 5x equal weight (0.09) — provides little concentration protection
max_position_pct (0.66) is above 5x equal weight (0.09) — provides little concentration protection
max_position_pct (0.66) is above 5x equal weight (0.09) — provides little concentration protection
max_position_pct (0.66) is above 5x equal weight (0.09) — provides little concentration protection
max_position_pct (0.66) is above 5x equal weight (0.09) — provides little concentration protection
max_position_pct (0.66) is above 5x equal weight (0.09) — provides little concentration protection
max_position_pct (0.66) is above 5x equal weight (0.09) — provides little concentration protection
max_position_pct (0.66) is above 5x equal weight (0.09) — provides little concentration protection
max_position_pct (0.66) is above 5x equal weight (0.09) — provides little concentration protection
max_position_pct (0.66) is above 5x equal weight (0.09) — provides little concentration protection
max_position_pct (0.66) is above 5x equal weight (0.09) — provides little concentration protection
max_position_pct (0.66) is above 5x equal weight (0.09) — provides little concentration protection
max_position_pct (0.66) is above 5x equal weight (0.09) — provides little concentration protection
max_position_pct (0.66) is above 5x equal weight (0.09) — provides little concentration protection
max_position_pct (0.66) is above 5x equal weight (0.09) — provides little concentration protection
max_position_pct (0.66) is above 5x equal weight (0.09) — provides little concentration protection
max_position_pct (0.66) is above 5x equal weight (0.09) — provides little concentration protection
max_position_pct (0.66) is above 5x equal weight (0.09) — provides little concentration protection
max_position_pct (0.66) is above 5x equal weight (0.09) — provides little concentration protection
max_position_pct (0.66) is above 5x equal weight (0.09) — provides little concentration protection
max_position_pct (0.66) is above 5x equal weight (0.09) — provides little concentration protection
max_position_pct (0.66) is above 5x equal weight (0.09) — provides little concentration protection
max_position_pct (0.66) is above 5x equal weight (0.09) — provides little concentration protection
max_position_pct (0.66) is above 5x equal weight (0.09) — provides little concentration protection
max_position_pct (0.66) is above 5x equal weight (0.09) — provides little concentration protection
max_position_pct (0.66) is above 5x equal weight (0.09) — provides little concentration protection
max_position_pct (0.66) is above 5x equal weight (0.09) — provides little concentration protection
max_position_pct (0.66) is above 5x equal weight (0.09) — provides little concentration protection
max_position_pct (0.66) is above 5x equal weight (0.09) — provides little concentration protection
max_position_pct (0.66) is above 5x equal weight (0.09) — provides little concentration protection
max_position_pct (0.66) is above 5x equal weight (0.09) — provides little concentration protection
max_position_pct (0.66) is above 5x equal weight (0.09) — provides little concentration protection
max_position_pct (0.66) is above 5x equal weight (0.09) — provides little concentration protection
max_position_pct (0.66) is above 5x equal weight (0.09) — provides little concentration protection
max_position_pct (0.66) is above 5x equal weight (0.09) — provides little concentration protection
max_position_pct (0.66) is above 5x equal weight (0.09) — provides little concentration protection
max_position_pct (0.66) is above 5x equal weight (0.09) — provides little concentration protection
max_position_pct (0.66) is above 5x equal weight (0.09) — provides little concentration protection
max_position_pct (0.66) is above 5x equal weight (0.09) — provides little concentration protection
max_position_pct (0.66) is above 5x equal weight (0.09) — provides little concentration protection
max_position_pct (0.66) is above 5x equal weight (0.09) — provides little concentration protection
max_position_pct (0.66) is above 5x equal weight (0.09) — provides little concentration protection
max_position_pct (0.66) is above 5x equal weight (0.09) — provides little concentration protection
max_position_pct (0.66) is above 5x equal weight (0.09) — provides little concentration protection
max_position_pct (0.66) is above 5x equal weight (0.09) — provides little concentration protection
max_position_pct (0.66) is above 5x equal weight (0.09) — provides little concentration protection
ensemble under-filled: 11 distinct member(s) survived dedupe (policy asks for 
20) — the deployment is less diversified than configured
max_position_pct (0.66) is above 5x equal weight (0.09) — provides little concentration protection
Fold 2/13: test 2021-06-11 → 2021-09-09
max_position_pct (0.66) is above 5x equal weight (0.09) — provides little concentration protection
Fold 3/13: test 2021-09-10 → 2021-12-08
max_position_pct (0.66) is above 5x equal weight (0.09) — provides little concentration protection
Fold 4/13: test 2021-12-09 → 2022-03-10
max_position_pct (0.66) is above 5x equal weight (0.09) — provides little concentration protection
Fold 5/13: test 2022-03-11 → 2022-06-09
max_position_pct (0.66) is above 5x equal weight (0.09) — provides little concentration protection
Fold 6/13: test 2022-06-10 → 2022-09-09
max_position_pct (0.66) is above 5x equal weight (0.09) — provides little concentration protection
Fold 7/13: test 2022-09-12 → 2022-12-08
max_position_pct (0.66) is above 5x equal weight (0.09) — provides little concentration protection
Fold 8/13: test 2022-12-09 → 2023-03-13
max_position_pct (0.66) is above 5x equal weight (0.09) — provides little concentration protection
Fold 9/13: test 2023-03-14 → 2023-06-12
max_position_pct (0.66) is above 5x equal weight (0.09) — provides little concentration protection
Fold 10/13: test 2023-06-13 → 2023-09-12
max_position_pct (0.66) is above 5x equal weight (0.09) — provides little concentration protection
Fold 11/13: test 2023-09-13 → 2023-12-11
max_position_pct (0.66) is above 5x equal weight (0.09) — provides little concentration protection
Fold 12/13: test 2023-12-12 → 2024-03-13
max_position_pct (0.66) is above 5x equal weight (0.09) — provides little concentration protection
Fold 13/13: test 2024-03-14 → 2024-08-27
max_position_pct (0.66) is above 5x equal weight (0.09) — provides little concentration protection
cell 30/32 done in 4m (elapsed 134m; ~9m remaining at the mean cell pace — 
frozen cells run far faster than re-fit cells)
sweep: ensemble on stonks, seed base 56 [cell 31/32]
Fold 1/13: test 2021-03-12 → 2021-06-10
restart 1/4 (as of 2021-03-12)
Optimizing 2 strategies over 2015-07-28 to 2021-03-11
  objective: sharpe | train window: 2015-07-28 → 2021-03-11
  1000 trials across 5 workers
  [  2%] 25/1000 trials — best sharpe: 1.66
  [  5%] 50/1000 trials — best sharpe: 1.66
  [  7%] 75/1000 trials — best sharpe: 1.66
  [ 10%] 100/1000 trials — best sharpe: 1.66
  [ 12%] 125/1000 trials — best sharpe: 1.66
  [ 15%] 150/1000 trials — best sharpe: 1.66
  [ 17%] 175/1000 trials — best sharpe: 1.66
  [ 20%] 200/1000 trials — best sharpe: 1.67
  [ 22%] 225/1000 trials — best sharpe: 1.67
  [ 25%] 250/1000 trials — best sharpe: 1.79
  [ 27%] 275/1000 trials — best sharpe: 1.79
  [ 30%] 300/1000 trials — best sharpe: 1.79
  [ 32%] 325/1000 trials — best sharpe: 1.79
  [ 35%] 350/1000 trials — best sharpe: 1.79
  [ 37%] 375/1000 trials — best sharpe: 1.79
  [ 40%] 400/1000 trials — best sharpe: 1.79
  [ 42%] 425/1000 trials — best sharpe: 1.79
  [ 45%] 450/1000 trials — best sharpe: 1.79
  [ 47%] 475/1000 trials — best sharpe: 1.79
  [ 50%] 500/1000 trials — best sharpe: 1.79
  [ 52%] 525/1000 trials — best sharpe: 1.79
  [ 55%] 550/1000 trials — best sharpe: 1.79
  [ 57%] 575/1000 trials — best sharpe: 1.79
  [ 60%] 600/1000 trials — best sharpe: 1.79
  [ 62%] 625/1000 trials — best sharpe: 1.79
  [ 65%] 650/1000 trials — best sharpe: 1.79
  [ 67%] 675/1000 trials — best sharpe: 1.79
  [ 70%] 700/1000 trials — best sharpe: 1.79
  [ 72%] 725/1000 trials — best sharpe: 1.79
  [ 75%] 750/1000 trials — best sharpe: 1.79
  [ 77%] 775/1000 trials — best sharpe: 1.79
  [ 80%] 800/1000 trials — best sharpe: 1.79
  [ 82%] 825/1000 trials — best sharpe: 1.79
  [ 85%] 850/1000 trials — best sharpe: 1.79
  [ 87%] 875/1000 trials — best sharpe: 1.79
  [ 90%] 900/1000 trials — best sharpe: 1.79
  [ 92%] 925/1000 trials — best sharpe: 1.79
  [ 95%] 950/1000 trials — best sharpe: 1.79
  [ 97%] 975/1000 trials — best sharpe: 1.79
  [100%] 1000/1000 trials — best sharpe: 1.79
Optimization complete — best sharpe: 1.79
max_position_pct (0.66) is above 5x equal weight (0.09) — provides little concentration protection
  Max drawdown: 25.01% | Sharpe: 1.79 | Win rate: 52.59%
restart 2/4 (as of 2021-03-12)
Optimizing 2 strategies over 2015-07-28 to 2021-03-11
  objective: sharpe | train window: 2015-07-28 → 2021-03-11
  1000 trials across 5 workers
  [  2%] 25/1000 trials — best sharpe: 1.63
  [  5%] 50/1000 trials — best sharpe: 1.63
  [  7%] 75/1000 trials — best sharpe: 1.65
  [ 10%] 100/1000 trials — best sharpe: 1.65
  [ 12%] 125/1000 trials — best sharpe: 1.65
  [ 15%] 150/1000 trials — best sharpe: 1.65
  [ 17%] 175/1000 trials — best sharpe: 1.65
  [ 20%] 200/1000 trials — best sharpe: 1.65
  [ 22%] 225/1000 trials — best sharpe: 1.65
  [ 25%] 250/1000 trials — best sharpe: 1.77
  [ 27%] 275/1000 trials — best sharpe: 1.77
  [ 30%] 300/1000 trials — best sharpe: 1.77
  [ 32%] 325/1000 trials — best sharpe: 1.77
  [ 35%] 350/1000 trials — best sharpe: 1.77
  [ 37%] 375/1000 trials — best sharpe: 1.77
  [ 40%] 400/1000 trials — best sharpe: 1.77
  [ 42%] 425/1000 trials — best sharpe: 1.77
  [ 45%] 450/1000 trials — best sharpe: 1.97
  [ 47%] 475/1000 trials — best sharpe: 1.97
  [ 50%] 500/1000 trials — best sharpe: 1.97
  [ 52%] 525/1000 trials — best sharpe: 1.97
  [ 55%] 550/1000 trials — best sharpe: 1.97
  [ 57%] 575/1000 trials — best sharpe: 1.97
  [ 60%] 600/1000 trials — best sharpe: 1.97
  [ 62%] 625/1000 trials — best sharpe: 1.97
  [ 65%] 650/1000 trials — best sharpe: 1.97
  [ 67%] 675/1000 trials — best sharpe: 1.97
  [ 70%] 700/1000 trials — best sharpe: 1.97
  [ 72%] 725/1000 trials — best sharpe: 1.97
  [ 75%] 750/1000 trials — best sharpe: 1.97
  [ 77%] 775/1000 trials — best sharpe: 1.97
  [ 80%] 800/1000 trials — best sharpe: 1.97
  [ 82%] 825/1000 trials — best sharpe: 1.97
  [ 85%] 850/1000 trials — best sharpe: 1.97
  [ 87%] 875/1000 trials — best sharpe: 1.97
  [ 90%] 900/1000 trials — best sharpe: 1.97
  [ 92%] 925/1000 trials — best sharpe: 1.97
  [ 95%] 950/1000 trials — best sharpe: 1.97
  [ 97%] 975/1000 trials — best sharpe: 1.97
  [100%] 1000/1000 trials — best sharpe: 1.97
Optimization complete — best sharpe: 1.97
max_position_pct (0.66) is above 5x equal weight (0.09) — provides little concentration protection
  Max drawdown: 18.41% | Sharpe: 1.97 | Win rate: 55.47%
restart 3/4 (as of 2021-03-12)
Optimizing 2 strategies over 2015-07-28 to 2021-03-11
  objective: sharpe | train window: 2015-07-28 → 2021-03-11
  1000 trials across 5 workers
  [  2%] 25/1000 trials — best sharpe: 1.74
  [  5%] 50/1000 trials — best sharpe: 1.83
  [  7%] 75/1000 trials — best sharpe: 1.83
  [ 10%] 100/1000 trials — best sharpe: 1.83
  [ 12%] 125/1000 trials — best sharpe: 1.83
  [ 15%] 150/1000 trials — best sharpe: 1.83
  [ 17%] 175/1000 trials — best sharpe: 1.83
  [ 20%] 200/1000 trials — best sharpe: 1.83
  [ 22%] 225/1000 trials — best sharpe: 1.83
  [ 25%] 250/1000 trials — best sharpe: 1.90
  [ 27%] 275/1000 trials — best sharpe: 1.90
  [ 30%] 300/1000 trials — best sharpe: 1.90
  [ 32%] 325/1000 trials — best sharpe: 1.90
  [ 35%] 350/1000 trials — best sharpe: 1.90
  [ 37%] 375/1000 trials — best sharpe: 1.90
  [ 40%] 400/1000 trials — best sharpe: 1.90
  [ 42%] 425/1000 trials — best sharpe: 1.90
  [ 45%] 450/1000 trials — best sharpe: 1.90
  [ 47%] 475/1000 trials — best sharpe: 1.91
  [ 50%] 500/1000 trials — best sharpe: 1.91
  [ 52%] 525/1000 trials — best sharpe: 1.91
  [ 55%] 550/1000 trials — best sharpe: 1.91
  [ 57%] 575/1000 trials — best sharpe: 1.91
  [ 60%] 600/1000 trials — best sharpe: 1.91
  [ 62%] 625/1000 trials — best sharpe: 1.91
  [ 65%] 650/1000 trials — best sharpe: 1.91
  [ 67%] 675/1000 trials — best sharpe: 1.91
  [ 70%] 700/1000 trials — best sharpe: 1.91
  [ 72%] 725/1000 trials — best sharpe: 1.91
  [ 75%] 750/1000 trials — best sharpe: 1.91
  [ 77%] 775/1000 trials — best sharpe: 1.91
  [ 80%] 800/1000 trials — best sharpe: 1.91
  [ 82%] 825/1000 trials — best sharpe: 1.91
  [ 85%] 850/1000 trials — best sharpe: 1.91
  [ 87%] 875/1000 trials — best sharpe: 1.91
  [ 90%] 900/1000 trials — best sharpe: 1.91
  [ 92%] 925/1000 trials — best sharpe: 1.91
  [ 95%] 950/1000 trials — best sharpe: 1.91
  [ 97%] 975/1000 trials — best sharpe: 1.91
  [100%] 1000/1000 trials — best sharpe: 1.91
Optimization complete — best sharpe: 1.91
max_position_pct (0.66) is above 5x equal weight (0.09) — provides little concentration protection
  Max drawdown: 28.51% | Sharpe: 1.91 | Win rate: 45.45%
restart 4/4 (as of 2021-03-12)
Optimizing 2 strategies over 2015-07-28 to 2021-03-11
  objective: sharpe | train window: 2015-07-28 → 2021-03-11
  1000 trials across 5 workers
  [  2%] 25/1000 trials — best sharpe: 1.44
  [  5%] 50/1000 trials — best sharpe: 1.55
  [  7%] 75/1000 trials — best sharpe: 1.68
  [ 10%] 100/1000 trials — best sharpe: 1.68
  [ 12%] 125/1000 trials — best sharpe: 1.76
  [ 15%] 150/1000 trials — best sharpe: 1.76
  [ 17%] 175/1000 trials — best sharpe: 1.76
  [ 20%] 200/1000 trials — best sharpe: 1.78
  [ 22%] 225/1000 trials — best sharpe: 1.78
  [ 25%] 250/1000 trials — best sharpe: 1.87
  [ 27%] 275/1000 trials — best sharpe: 1.87
  [ 30%] 300/1000 trials — best sharpe: 1.87
  [ 32%] 325/1000 trials — best sharpe: 1.87
  [ 35%] 350/1000 trials — best sharpe: 1.87
  [ 37%] 375/1000 trials — best sharpe: 1.87
  [ 40%] 400/1000 trials — best sharpe: 1.87
  [ 42%] 425/1000 trials — best sharpe: 1.87
  [ 45%] 450/1000 trials — best sharpe: 1.87
  [ 47%] 475/1000 trials — best sharpe: 1.87
  [ 50%] 500/1000 trials — best sharpe: 1.87
  [ 52%] 525/1000 trials — best sharpe: 1.87
  [ 55%] 550/1000 trials — best sharpe: 1.87
  [ 57%] 575/1000 trials — best sharpe: 1.87
  [ 60%] 600/1000 trials — best sharpe: 1.87
  [ 62%] 625/1000 trials — best sharpe: 1.87
  [ 65%] 650/1000 trials — best sharpe: 1.87
  [ 67%] 675/1000 trials — best sharpe: 1.87
  [ 70%] 700/1000 trials — best sharpe: 1.87
  [ 72%] 725/1000 trials — best sharpe: 1.87
  [ 75%] 750/1000 trials — best sharpe: 1.87
  [ 77%] 775/1000 trials — best sharpe: 1.87
  [ 80%] 800/1000 trials — best sharpe: 1.87
  [ 82%] 825/1000 trials — best sharpe: 1.87
  [ 85%] 850/1000 trials — best sharpe: 1.87
  [ 87%] 875/1000 trials — best sharpe: 1.87
  [ 90%] 900/1000 trials — best sharpe: 1.87
  [ 92%] 925/1000 trials — best sharpe: 1.87
  [ 95%] 950/1000 trials — best sharpe: 1.87
  [ 97%] 975/1000 trials — best sharpe: 1.87
  [100%] 1000/1000 trials — best sharpe: 1.87
Optimization complete — best sharpe: 1.87
max_position_pct (0.66) is above 5x equal weight (0.09) — provides little concentration protection
  Max drawdown: 29.75% | Sharpe: 1.87 | Win rate: 52.54%
max_position_pct (0.66) is above 5x equal weight (0.09) — provides little concentration protection
max_position_pct (0.66) is above 5x equal weight (0.09) — provides little concentration protection
max_position_pct (0.66) is above 5x equal weight (0.09) — provides little concentration protection
max_position_pct (0.66) is above 5x equal weight (0.09) — provides little concentration protection
max_position_pct (0.66) is above 5x equal weight (0.09) — provides little concentration protection
max_position_pct (0.66) is above 5x equal weight (0.09) — provides little concentration protection
max_position_pct (0.66) is above 5x equal weight (0.09) — provides little concentration protection
max_position_pct (0.66) is above 5x equal weight (0.09) — provides little concentration protection
max_position_pct (0.66) is above 5x equal weight (0.09) — provides little concentration protection
max_position_pct (0.66) is above 5x equal weight (0.09) — provides little concentration protection
max_position_pct (0.66) is above 5x equal weight (0.09) — provides little concentration protection
max_position_pct (0.66) is above 5x equal weight (0.09) — provides little concentration protection
max_position_pct (0.66) is above 5x equal weight (0.09) — provides little concentration protection
max_position_pct (0.66) is above 5x equal weight (0.09) — provides little concentration protection
max_position_pct (0.66) is above 5x equal weight (0.09) — provides little concentration protection
max_position_pct (0.66) is above 5x equal weight (0.09) — provides little concentration protection
max_position_pct (0.66) is above 5x equal weight (0.09) — provides little concentration protection
max_position_pct (0.66) is above 5x equal weight (0.09) — provides little concentration protection
max_position_pct (0.66) is above 5x equal weight (0.09) — provides little concentration protection
max_position_pct (0.66) is above 5x equal weight (0.09) — provides little concentration protection
max_position_pct (0.66) is above 5x equal weight (0.09) — provides little concentration protection
max_position_pct (0.66) is above 5x equal weight (0.09) — provides little concentration protection
max_position_pct (0.66) is above 5x equal weight (0.09) — provides little concentration protection
max_position_pct (0.66) is above 5x equal weight (0.09) — provides little concentration protection
max_position_pct (0.66) is above 5x equal weight (0.09) — provides little concentration protection
max_position_pct (0.66) is above 5x equal weight (0.09) — provides little concentration protection
max_position_pct (0.66) is above 5x equal weight (0.09) — provides little concentration protection
max_position_pct (0.66) is above 5x equal weight (0.09) — provides little concentration protection
max_position_pct (0.66) is above 5x equal weight (0.09) — provides little concentration protection
max_position_pct (0.66) is above 5x equal weight (0.09) — provides little concentration protection
max_position_pct (0.66) is above 5x equal weight (0.09) — provides little concentration protection
max_position_pct (0.66) is above 5x equal weight (0.09) — provides little concentration protection
max_position_pct (0.66) is above 5x equal weight (0.09) — provides little concentration protection
max_position_pct (0.66) is above 5x equal weight (0.09) — provides little concentration protection
max_position_pct (0.66) is above 5x equal weight (0.09) — provides little concentration protection
max_position_pct (0.66) is above 5x equal weight (0.09) — provides little concentration protection
max_position_pct (0.66) is above 5x equal weight (0.09) — provides little concentration protection
max_position_pct (0.66) is above 5x equal weight (0.09) — provides little concentration protection
max_position_pct (0.66) is above 5x equal weight (0.09) — provides little concentration protection
max_position_pct (0.66) is above 5x equal weight (0.09) — provides little concentration protection
max_position_pct (0.66) is above 5x equal weight (0.09) — provides little concentration protection
max_position_pct (0.66) is above 5x equal weight (0.09) — provides little concentration protection
max_position_pct (0.66) is above 5x equal weight (0.09) — provides little concentration protection
max_position_pct (0.66) is above 5x equal weight (0.09) — provides little concentration protection
max_position_pct (0.66) is above 5x equal weight (0.09) — provides little concentration protection
max_position_pct (0.66) is above 5x equal weight (0.09) — provides little concentration protection
max_position_pct (0.66) is above 5x equal weight (0.09) — provides little concentration protection
max_position_pct (0.66) is above 5x equal weight (0.09) — provides little concentration protection
max_position_pct (0.66) is above 5x equal weight (0.09) — provides little concentration protection
max_position_pct (0.66) is above 5x equal weight (0.09) — provides little concentration protection
max_position_pct (0.66) is above 5x equal weight (0.09) — provides little concentration protection
max_position_pct (0.66) is above 5x equal weight (0.09) — provides little concentration protection
max_position_pct (0.66) is above 5x equal weight (0.09) — provides little concentration protection
max_position_pct (0.66) is above 5x equal weight (0.09) — provides little concentration protection
max_position_pct (0.66) is above 5x equal weight (0.09) — provides little concentration protection
max_position_pct (0.66) is above 5x equal weight (0.09) — provides little concentration protection
max_position_pct (0.66) is above 5x equal weight (0.09) — provides little concentration protection
max_position_pct (0.66) is above 5x equal weight (0.09) — provides little concentration protection
max_position_pct (0.66) is above 5x equal weight (0.09) — provides little concentration protection
max_position_pct (0.66) is above 5x equal weight (0.09) — provides little concentration protection
max_position_pct (0.66) is above 5x equal weight (0.09) — provides little concentration protection
max_position_pct (0.66) is above 5x equal weight (0.09) — provides little concentration protection
max_position_pct (0.66) is above 5x equal weight (0.09) — provides little concentration protection
max_position_pct (0.66) is above 5x equal weight (0.09) — provides little concentration protection
max_position_pct (0.66) is above 5x equal weight (0.09) — provides little concentration protection
max_position_pct (0.66) is above 5x equal weight (0.09) — provides little concentration protection
max_position_pct (0.66) is above 5x equal weight (0.09) — provides little concentration protection
max_position_pct (0.66) is above 5x equal weight (0.09) — provides little concentration protection
max_position_pct (0.66) is above 5x equal weight (0.09) — provides little concentration protection
max_position_pct (0.66) is above 5x equal weight (0.09) — provides little concentration protection
max_position_pct (0.66) is above 5x equal weight (0.09) — provides little concentration protection
max_position_pct (0.66) is above 5x equal weight (0.09) — provides little concentration protection
max_position_pct (0.66) is above 5x equal weight (0.09) — provides little concentration protection
ensemble under-filled: 10 distinct member(s) survived dedupe (policy asks for 
20) — the deployment is less diversified than configured
max_position_pct (0.66) is above 5x equal weight (0.09) — provides little concentration protection
Fold 2/13: test 2021-06-11 → 2021-09-09
max_position_pct (0.66) is above 5x equal weight (0.09) — provides little concentration protection
Fold 3/13: test 2021-09-10 → 2021-12-08
max_position_pct (0.66) is above 5x equal weight (0.09) — provides little concentration protection
Fold 4/13: test 2021-12-09 → 2022-03-10
max_position_pct (0.66) is above 5x equal weight (0.09) — provides little concentration protection
Fold 5/13: test 2022-03-11 → 2022-06-09
max_position_pct (0.66) is above 5x equal weight (0.09) — provides little concentration protection
Fold 6/13: test 2022-06-10 → 2022-09-09
max_position_pct (0.66) is above 5x equal weight (0.09) — provides little concentration protection
Fold 7/13: test 2022-09-12 → 2022-12-08
max_position_pct (0.66) is above 5x equal weight (0.09) — provides little concentration protection
Fold 8/13: test 2022-12-09 → 2023-03-13
max_position_pct (0.66) is above 5x equal weight (0.09) — provides little concentration protection
Fold 9/13: test 2023-03-14 → 2023-06-12
max_position_pct (0.66) is above 5x equal weight (0.09) — provides little concentration protection
Fold 10/13: test 2023-06-13 → 2023-09-12
max_position_pct (0.66) is above 5x equal weight (0.09) — provides little concentration protection
Fold 11/13: test 2023-09-13 → 2023-12-11
max_position_pct (0.66) is above 5x equal weight (0.09) — provides little concentration protection
Fold 12/13: test 2023-12-12 → 2024-03-13
max_position_pct (0.66) is above 5x equal weight (0.09) — provides little concentration protection
Fold 13/13: test 2024-03-14 → 2024-08-27
max_position_pct (0.66) is above 5x equal weight (0.09) — provides little concentration protection
cell 31/32 done in 4m (elapsed 138m; ~4m remaining at the mean cell pace — 
frozen cells run far faster than re-fit cells)
sweep: ensemble on stonks, seed base 57 [cell 32/32]
Fold 1/13: test 2021-03-12 → 2021-06-10
restart 1/4 (as of 2021-03-12)
Optimizing 2 strategies over 2015-07-28 to 2021-03-11
  objective: sharpe | train window: 2015-07-28 → 2021-03-11
  1000 trials across 5 workers
  [  2%] 25/1000 trials — best sharpe: 1.64
  [  5%] 50/1000 trials — best sharpe: 1.78
  [  7%] 75/1000 trials — best sharpe: 1.78
  [ 10%] 100/1000 trials — best sharpe: 1.80
  [ 12%] 125/1000 trials — best sharpe: 1.80
  [ 15%] 150/1000 trials — best sharpe: 1.80
  [ 17%] 175/1000 trials — best sharpe: 1.88
  [ 20%] 200/1000 trials — best sharpe: 1.88
  [ 22%] 225/1000 trials — best sharpe: 1.88
  [ 25%] 250/1000 trials — best sharpe: 1.88
  [ 27%] 275/1000 trials — best sharpe: 1.88
  [ 30%] 300/1000 trials — best sharpe: 1.88
  [ 32%] 325/1000 trials — best sharpe: 1.88
  [ 35%] 350/1000 trials — best sharpe: 1.88
  [ 37%] 375/1000 trials — best sharpe: 1.97
  [ 40%] 400/1000 trials — best sharpe: 1.97
  [ 42%] 425/1000 trials — best sharpe: 1.97
  [ 45%] 450/1000 trials — best sharpe: 1.97
  [ 47%] 475/1000 trials — best sharpe: 1.97
  [ 50%] 500/1000 trials — best sharpe: 1.97
  [ 52%] 525/1000 trials — best sharpe: 1.97
  [ 55%] 550/1000 trials — best sharpe: 1.97
  [ 57%] 575/1000 trials — best sharpe: 1.97
  [ 60%] 600/1000 trials — best sharpe: 1.97
  [ 62%] 625/1000 trials — best sharpe: 1.97
  [ 65%] 650/1000 trials — best sharpe: 1.97
  [ 67%] 675/1000 trials — best sharpe: 1.97
  [ 70%] 700/1000 trials — best sharpe: 1.97
  [ 72%] 725/1000 trials — best sharpe: 1.97
  [ 75%] 750/1000 trials — best sharpe: 1.97
  [ 77%] 775/1000 trials — best sharpe: 1.97
  [ 80%] 800/1000 trials — best sharpe: 1.97
  [ 82%] 825/1000 trials — best sharpe: 1.97
  [ 85%] 850/1000 trials — best sharpe: 1.97
  [ 87%] 875/1000 trials — best sharpe: 1.97
  [ 90%] 900/1000 trials — best sharpe: 1.97
  [ 92%] 925/1000 trials — best sharpe: 1.97
  [ 95%] 950/1000 trials — best sharpe: 1.97
  [ 97%] 975/1000 trials — best sharpe: 1.97
  [100%] 1000/1000 trials — best sharpe: 1.97
Optimization complete — best sharpe: 1.97
max_position_pct (0.66) is above 5x equal weight (0.09) — provides little concentration protection
  Max drawdown: 18.89% | Sharpe: 1.97 | Win rate: 55.47%
restart 2/4 (as of 2021-03-12)
Optimizing 2 strategies over 2015-07-28 to 2021-03-11
  objective: sharpe | train window: 2015-07-28 → 2021-03-11
  1000 trials across 5 workers
  [  2%] 25/1000 trials — best sharpe: 1.52
  [  5%] 50/1000 trials — best sharpe: 1.69
  [  7%] 75/1000 trials — best sharpe: 1.74
  [ 10%] 100/1000 trials — best sharpe: 1.74
  [ 12%] 125/1000 trials — best sharpe: 1.74
  [ 15%] 150/1000 trials — best sharpe: 1.74
  [ 17%] 175/1000 trials — best sharpe: 1.74
  [ 20%] 200/1000 trials — best sharpe: 1.74
  [ 22%] 225/1000 trials — best sharpe: 1.74
  [ 25%] 250/1000 trials — best sharpe: 1.74
  [ 27%] 275/1000 trials — best sharpe: 1.74
  [ 30%] 300/1000 trials — best sharpe: 1.74
  [ 32%] 325/1000 trials — best sharpe: 1.80
  [ 35%] 350/1000 trials — best sharpe: 1.80
  [ 37%] 375/1000 trials — best sharpe: 1.80
  [ 40%] 400/1000 trials — best sharpe: 1.80
  [ 42%] 425/1000 trials — best sharpe: 1.80
  [ 45%] 450/1000 trials — best sharpe: 1.80
  [ 47%] 475/1000 trials — best sharpe: 1.81
  [ 50%] 500/1000 trials — best sharpe: 1.90
  [ 52%] 525/1000 trials — best sharpe: 1.90
  [ 55%] 550/1000 trials — best sharpe: 1.90
  [ 57%] 575/1000 trials — best sharpe: 1.90
  [ 60%] 600/1000 trials — best sharpe: 1.90
  [ 62%] 625/1000 trials — best sharpe: 1.90
  [ 65%] 650/1000 trials — best sharpe: 1.90
  [ 67%] 675/1000 trials — best sharpe: 1.90
  [ 70%] 700/1000 trials — best sharpe: 1.90
  [ 72%] 725/1000 trials — best sharpe: 1.90
  [ 75%] 750/1000 trials — best sharpe: 1.90
  [ 77%] 775/1000 trials — best sharpe: 1.90
  [ 80%] 800/1000 trials — best sharpe: 1.90
  [ 82%] 825/1000 trials — best sharpe: 1.90
  [ 85%] 850/1000 trials — best sharpe: 1.90
  [ 87%] 875/1000 trials — best sharpe: 1.90
  [ 90%] 900/1000 trials — best sharpe: 1.90
  [ 92%] 925/1000 trials — best sharpe: 1.90
  [ 95%] 950/1000 trials — best sharpe: 1.90
  [ 97%] 975/1000 trials — best sharpe: 1.90
  [100%] 1000/1000 trials — best sharpe: 1.90
Optimization complete — best sharpe: 1.90
max_position_pct (0.66) is above 5x equal weight (0.09) — provides little concentration protection
  Max drawdown: 23.24% | Sharpe: 1.90 | Win rate: 55.93%
restart 3/4 (as of 2021-03-12)
Optimizing 2 strategies over 2015-07-28 to 2021-03-11
  objective: sharpe | train window: 2015-07-28 → 2021-03-11
  1000 trials across 5 workers
  [  2%] 25/1000 trials — best sharpe: 1.48
  [  5%] 50/1000 trials — best sharpe: 1.56
  [  7%] 75/1000 trials — best sharpe: 1.59
  [ 10%] 100/1000 trials — best sharpe: 1.60
  [ 12%] 125/1000 trials — best sharpe: 1.70
  [ 15%] 150/1000 trials — best sharpe: 1.70
  [ 17%] 175/1000 trials — best sharpe: 1.70
  [ 20%] 200/1000 trials — best sharpe: 1.70
  [ 22%] 225/1000 trials — best sharpe: 1.70
  [ 25%] 250/1000 trials — best sharpe: 1.70
  [ 27%] 275/1000 trials — best sharpe: 1.70
  [ 30%] 300/1000 trials — best sharpe: 1.72
  [ 32%] 325/1000 trials — best sharpe: 1.79
  [ 35%] 350/1000 trials — best sharpe: 1.80
  [ 37%] 375/1000 trials — best sharpe: 1.81
  [ 40%] 400/1000 trials — best sharpe: 1.92
  [ 42%] 425/1000 trials — best sharpe: 1.92
  [ 45%] 450/1000 trials — best sharpe: 1.92
  [ 47%] 475/1000 trials — best sharpe: 1.92
  [ 50%] 500/1000 trials — best sharpe: 1.92
  [ 52%] 525/1000 trials — best sharpe: 1.92
  [ 55%] 550/1000 trials — best sharpe: 1.92
  [ 57%] 575/1000 trials — best sharpe: 1.92
  [ 60%] 600/1000 trials — best sharpe: 1.92
  [ 62%] 625/1000 trials — best sharpe: 1.92
  [ 65%] 650/1000 trials — best sharpe: 1.93
  [ 67%] 675/1000 trials — best sharpe: 1.93
  [ 70%] 700/1000 trials — best sharpe: 1.93
  [ 72%] 725/1000 trials — best sharpe: 1.93
  [ 75%] 750/1000 trials — best sharpe: 1.93
  [ 77%] 775/1000 trials — best sharpe: 1.93
  [ 80%] 800/1000 trials — best sharpe: 1.93
  [ 82%] 825/1000 trials — best sharpe: 1.93
  [ 85%] 850/1000 trials — best sharpe: 1.93
  [ 87%] 875/1000 trials — best sharpe: 1.93
  [ 90%] 900/1000 trials — best sharpe: 1.93
  [ 92%] 925/1000 trials — best sharpe: 1.93
  [ 95%] 950/1000 trials — best sharpe: 1.93
  [ 97%] 975/1000 trials — best sharpe: 1.93
  [100%] 1000/1000 trials — best sharpe: 1.93
Optimization complete — best sharpe: 1.93
max_position_pct (0.66) is above 5x equal weight (0.09) — provides little concentration protection
  Max drawdown: 26.34% | Sharpe: 1.93 | Win rate: 50.00%
restart 4/4 (as of 2021-03-12)
Optimizing 2 strategies over 2015-07-28 to 2021-03-11
  objective: sharpe | train window: 2015-07-28 → 2021-03-11
  1000 trials across 5 workers
  [  2%] 25/1000 trials — best sharpe: 1.63
  [  5%] 50/1000 trials — best sharpe: 1.63
  [  7%] 75/1000 trials — best sharpe: 1.74
  [ 10%] 100/1000 trials — best sharpe: 1.74
  [ 12%] 125/1000 trials — best sharpe: 1.74
  [ 15%] 150/1000 trials — best sharpe: 1.74
  [ 17%] 175/1000 trials — best sharpe: 1.74
  [ 20%] 200/1000 trials — best sharpe: 1.74
  [ 22%] 225/1000 trials — best sharpe: 1.74
  [ 25%] 250/1000 trials — best sharpe: 1.74
  [ 27%] 275/1000 trials — best sharpe: 1.74
  [ 30%] 300/1000 trials — best sharpe: 1.76
  [ 32%] 325/1000 trials — best sharpe: 1.76
  [ 35%] 350/1000 trials — best sharpe: 1.76
  [ 37%] 375/1000 trials — best sharpe: 1.76
  [ 40%] 400/1000 trials — best sharpe: 1.81
  [ 42%] 425/1000 trials — best sharpe: 1.81
  [ 45%] 450/1000 trials — best sharpe: 1.81
  [ 47%] 475/1000 trials — best sharpe: 1.81
  [ 50%] 500/1000 trials — best sharpe: 1.81
  [ 52%] 525/1000 trials — best sharpe: 1.81
  [ 55%] 550/1000 trials — best sharpe: 1.81
  [ 57%] 575/1000 trials — best sharpe: 1.81
  [ 60%] 600/1000 trials — best sharpe: 1.81
  [ 62%] 625/1000 trials — best sharpe: 1.81
  [ 65%] 650/1000 trials — best sharpe: 1.81
  [ 67%] 675/1000 trials — best sharpe: 1.81
  [ 70%] 700/1000 trials — best sharpe: 1.81
  [ 72%] 725/1000 trials — best sharpe: 1.81
  [ 75%] 750/1000 trials — best sharpe: 1.81
  [ 77%] 775/1000 trials — best sharpe: 1.81
  [ 80%] 800/1000 trials — best sharpe: 1.81
  [ 82%] 825/1000 trials — best sharpe: 1.81
  [ 85%] 850/1000 trials — best sharpe: 1.81
  [ 87%] 875/1000 trials — best sharpe: 1.81
  [ 90%] 900/1000 trials — best sharpe: 1.81
  [ 92%] 925/1000 trials — best sharpe: 1.81
  [ 95%] 950/1000 trials — best sharpe: 1.81
  [ 97%] 975/1000 trials — best sharpe: 1.81
  [100%] 1000/1000 trials — best sharpe: 1.81
Optimization complete — best sharpe: 1.81
max_position_pct (0.66) is above 5x equal weight (0.09) — provides little concentration protection
  Max drawdown: 20.48% | Sharpe: 1.81 | Win rate: 50.79%
max_position_pct (0.66) is above 5x equal weight (0.09) — provides little concentration protection
max_position_pct (0.66) is above 5x equal weight (0.09) — provides little concentration protection
max_position_pct (0.66) is above 5x equal weight (0.09) — provides little concentration protection
max_position_pct (0.66) is above 5x equal weight (0.09) — provides little concentration protection
max_position_pct (0.66) is above 5x equal weight (0.09) — provides little concentration protection
max_position_pct (0.66) is above 5x equal weight (0.09) — provides little concentration protection
max_position_pct (0.66) is above 5x equal weight (0.09) — provides little concentration protection
max_position_pct (0.66) is above 5x equal weight (0.09) — provides little concentration protection
max_position_pct (0.66) is above 5x equal weight (0.09) — provides little concentration protection
max_position_pct (0.66) is above 5x equal weight (0.09) — provides little concentration protection
max_position_pct (0.66) is above 5x equal weight (0.09) — provides little concentration protection
max_position_pct (0.66) is above 5x equal weight (0.09) — provides little concentration protection
max_position_pct (0.66) is above 5x equal weight (0.09) — provides little concentration protection
max_position_pct (0.66) is above 5x equal weight (0.09) — provides little concentration protection
max_position_pct (0.66) is above 5x equal weight (0.09) — provides little concentration protection
max_position_pct (0.66) is above 5x equal weight (0.09) — provides little concentration protection
max_position_pct (0.66) is above 5x equal weight (0.09) — provides little concentration protection
max_position_pct (0.66) is above 5x equal weight (0.09) — provides little concentration protection
max_position_pct (0.66) is above 5x equal weight (0.09) — provides little concentration protection
max_position_pct (0.66) is above 5x equal weight (0.09) — provides little concentration protection
max_position_pct (0.66) is above 5x equal weight (0.09) — provides little concentration protection
max_position_pct (0.66) is above 5x equal weight (0.09) — provides little concentration protection
max_position_pct (0.66) is above 5x equal weight (0.09) — provides little concentration protection
max_position_pct (0.66) is above 5x equal weight (0.09) — provides little concentration protection
max_position_pct (0.66) is above 5x equal weight (0.09) — provides little concentration protection
max_position_pct (0.66) is above 5x equal weight (0.09) — provides little concentration protection
max_position_pct (0.66) is above 5x equal weight (0.09) — provides little concentration protection
max_position_pct (0.66) is above 5x equal weight (0.09) — provides little concentration protection
max_position_pct (0.66) is above 5x equal weight (0.09) — provides little concentration protection
max_position_pct (0.66) is above 5x equal weight (0.09) — provides little concentration protection
max_position_pct (0.66) is above 5x equal weight (0.09) — provides little concentration protection
max_position_pct (0.66) is above 5x equal weight (0.09) — provides little concentration protection
max_position_pct (0.66) is above 5x equal weight (0.09) — provides little concentration protection
max_position_pct (0.66) is above 5x equal weight (0.09) — provides little concentration protection
max_position_pct (0.66) is above 5x equal weight (0.09) — provides little concentration protection
max_position_pct (0.66) is above 5x equal weight (0.09) — provides little concentration protection
max_position_pct (0.66) is above 5x equal weight (0.09) — provides little concentration protection
max_position_pct (0.66) is above 5x equal weight (0.09) — provides little concentration protection
max_position_pct (0.66) is above 5x equal weight (0.09) — provides little concentration protection
max_position_pct (0.66) is above 5x equal weight (0.09) — provides little concentration protection
max_position_pct (0.66) is above 5x equal weight (0.09) — provides little concentration protection
max_position_pct (0.66) is above 5x equal weight (0.09) — provides little concentration protection
max_position_pct (0.66) is above 5x equal weight (0.09) — provides little concentration protection
max_position_pct (0.66) is above 5x equal weight (0.09) — provides little concentration protection
max_position_pct (0.66) is above 5x equal weight (0.09) — provides little concentration protection
max_position_pct (0.66) is above 5x equal weight (0.09) — provides little concentration protection
max_position_pct (0.66) is above 5x equal weight (0.09) — provides little concentration protection
max_position_pct (0.66) is above 5x equal weight (0.09) — provides little concentration protection
max_position_pct (0.66) is above 5x equal weight (0.09) — provides little concentration protection
max_position_pct (0.66) is above 5x equal weight (0.09) — provides little concentration protection
max_position_pct (0.66) is above 5x equal weight (0.09) — provides little concentration protection
max_position_pct (0.66) is above 5x equal weight (0.09) — provides little concentration protection
max_position_pct (0.66) is above 5x equal weight (0.09) — provides little concentration protection
max_position_pct (0.66) is above 5x equal weight (0.09) — provides little concentration protection
max_position_pct (0.66) is above 5x equal weight (0.09) — provides little concentration protection
max_position_pct (0.66) is above 5x equal weight (0.09) — provides little concentration protection
max_position_pct (0.66) is above 5x equal weight (0.09) — provides little concentration protection
max_position_pct (0.66) is above 5x equal weight (0.09) — provides little concentration protection
max_position_pct (0.66) is above 5x equal weight (0.09) — provides little concentration protection
max_position_pct (0.66) is above 5x equal weight (0.09) — provides little concentration protection
max_position_pct (0.66) is above 5x equal weight (0.09) — provides little concentration protection
max_position_pct (0.66) is above 5x equal weight (0.09) — provides little concentration protection
max_position_pct (0.66) is above 5x equal weight (0.09) — provides little concentration protection
max_position_pct (0.66) is above 5x equal weight (0.09) — provides little concentration protection
max_position_pct (0.66) is above 5x equal weight (0.09) — provides little concentration protection
max_position_pct (0.66) is above 5x equal weight (0.09) — provides little concentration protection
ensemble under-filled: 12 distinct member(s) survived dedupe (policy asks for 
20) — the deployment is less diversified than configured
max_position_pct (0.66) is above 5x equal weight (0.09) — provides little concentration protection
Fold 2/13: test 2021-06-11 → 2021-09-09
max_position_pct (0.66) is above 5x equal weight (0.09) — provides little concentration protection
Fold 3/13: test 2021-09-10 → 2021-12-08
max_position_pct (0.66) is above 5x equal weight (0.09) — provides little concentration protection
Fold 4/13: test 2021-12-09 → 2022-03-10
max_position_pct (0.66) is above 5x equal weight (0.09) — provides little concentration protection
Fold 5/13: test 2022-03-11 → 2022-06-09
max_position_pct (0.66) is above 5x equal weight (0.09) — provides little concentration protection
Fold 6/13: test 2022-06-10 → 2022-09-09
max_position_pct (0.66) is above 5x equal weight (0.09) — provides little concentration protection
Fold 7/13: test 2022-09-12 → 2022-12-08
max_position_pct (0.66) is above 5x equal weight (0.09) — provides little concentration protection
Fold 8/13: test 2022-12-09 → 2023-03-13
max_position_pct (0.66) is above 5x equal weight (0.09) — provides little concentration protection
Fold 9/13: test 2023-03-14 → 2023-06-12
max_position_pct (0.66) is above 5x equal weight (0.09) — provides little concentration protection
Fold 10/13: test 2023-06-13 → 2023-09-12
max_position_pct (0.66) is above 5x equal weight (0.09) — provides little concentration protection
Fold 11/13: test 2023-09-13 → 2023-12-11
max_position_pct (0.66) is above 5x equal weight (0.09) — provides little concentration protection
Fold 12/13: test 2023-12-12 → 2024-03-13
max_position_pct (0.66) is above 5x equal weight (0.09) — provides little concentration protection
Fold 13/13: test 2024-03-14 → 2024-08-27
max_position_pct (0.66) is above 5x equal weight (0.09) — provides little concentration protection
cell 32/32 done in 4m (elapsed 142m; ~0m remaining at the mean cell pace — 
frozen cells run far faster than re-fit cells)
stonks/best: mean OOS CAGR +22.86% across 16 seed(s), spread 23.98%  bootstrap95% [-7.62%, +67.86%]  after-tax fold mean +3.97%  DSR~0.99 (proxy: trials from folds, SR var from seeds)
stonks/ensemble: mean OOS CAGR +21.47% across 16 seed(s), spread 25.47%  bootstrap95% [-9.65%, +70.75%]  after-tax fold mean +4.02%  DSR~0.95 (proxy: trials from folds, SR var from seeds)
stonks: paired best-ensemble (same-seed searches share trials): CAGR +1.39% ± 2.51% SE, 8/16 pairs favor best; after-tax -0.05%
stonks: variant spread 1.39% vs seed noise 25.47% — not resolvable at this budget (on these windows)
